rank_window,heat_score,heat_rank_score,source,kind,agency,title,published_date,url,document_url,format,rationale,heat_score_today,exact_url_mentions_today,filename_mentions_today,social_exact_mentions_today,social_engagement_today,providers_checked_today,errors_today,heat_score_7d,exact_url_mentions_7d,filename_mentions_7d,social_exact_mentions_7d,social_engagement_7d,providers_checked_7d,errors_7d,heat_score_30d,exact_url_mentions_30d,filename_mentions_30d,social_exact_mentions_30d,social_engagement_30d,providers_checked_30d,errors_30d
30d,15.079181246047625,15.079181246047625,NYC Comptroller,report,,The Pied-à-Terre Tax and Its Potential Revenues,2026-04-30,https://comptroller.nyc.gov/reports/the-pied-a-terre-tax-and-its-potential-revenues,,html,2 news articles linking the exact report URL | 1 social post sharing the exact link with 11 total engagement,0.0,0,0,0,0,"bluesky,hackernews,newsrss,reddit",,6.0,1,0,0,0,"bluesky,hackernews,newsrss,reddit",,15.079181246047625,2,0,1,11,"bluesky,hackernews,newsrss,reddit",
30d,6.0,6.0,NYC Department of Homeless Services,report,,Daily Report,,https://www.nyc.gov/assets/dhs/downloads/pdf/dailyreport.pdf,https://www.nyc.gov/assets/dhs/downloads/pdf/dailyreport.pdf,pdf,1 news article linking the exact report URL,0.0,0,0,0,0,"bluesky,hackernews,newsrss,reddit",,6.0,1,0,0,0,"bluesky,hackernews,newsrss,reddit",,6.0,1,0,0,0,"bluesky,hackernews,newsrss,reddit",
30d,6.0,6.0,NYC Rules - Proposed,rule,DOT,Citywide Truck Routes,2026-06-09,https://rules.cityofnewyork.us/rule/dot-proposed-amendment-of-rules-relating-to-citywide-truck-routes,,html,1 news article linking the exact report URL,0.0,0,0,0,0,"bluesky,hackernews,newsrss,reddit",,6.0,1,0,0,0,"bluesky,hackernews,newsrss,reddit",,6.0,1,0,0,0,"bluesky,hackernews,newsrss,reddit",
30d,4.845098040014257,4.845098040014257,NYC Comptroller,report,,Review of the City’s Animal Population Control Efforts,2026-05-08,https://comptroller.nyc.gov/reports/review-of-the-citys-animal-population-control-efforts,,html,2 social posts sharing the exact link with 6 total engagement,0.0,0,0,0,0,"bluesky,hackernews,newsrss,reddit",,0.0,0,0,0,0,"bluesky,hackernews,newsrss,reddit",,4.845098040014257,0,0,2,6,"bluesky,hackernews,newsrss,reddit",
30d,4.477121254719663,4.477121254719663,NYC Rules - Adopted,rule,DCP,City Planning Commission Rules: Affordable Housing Fast Track Methodology,2026-05-20,https://rules.cityofnewyork.us/rule/proposed-city-planning-commission-rules-affordable-housing-fast-track-methodology,,html,2 social posts sharing the exact link with 2 total engagement,0.0,0,0,0,0,"bluesky,hackernews,newsrss,reddit",,0.0,0,0,0,0,"bluesky,hackernews,newsrss,reddit",,4.477121254719663,0,0,2,2,"bluesky,hackernews,newsrss,reddit",
30d,4.0,4.0,NYC Comptroller,report,,AI and New York City’s Fiscal Future,2026-05-21,https://comptroller.nyc.gov/reports/ai-and-new-york-citys-fiscal-future,,html,2 social posts sharing the exact link,0.0,0,0,0,0,"bluesky,hackernews,newsrss,reddit",,0.0,0,0,0,0,"bluesky,hackernews,newsrss,reddit",,4.0,0,0,2,0,"bluesky,hackernews,newsrss,reddit",
30d,2.6020599913279625,2.6020599913279625,NYC Comptroller,report,,Who's Minding the Storefronts?,2026-06-04,https://comptroller.nyc.gov/reports/whos-minding-the-storefronts,,html,1 social post sharing the exact link with 3 total engagement,0.0,0,0,0,0,"bluesky,hackernews,newsrss,reddit",,0.0,0,0,0,0,"bluesky,hackernews,newsrss,reddit",,2.6020599913279625,0,0,1,3,"bluesky,hackernews,newsrss,reddit",
30d,2.0,2.0,NYC Comptroller,report,,"Letter to SpaceX re: IPO From NYC Comptroller Levine, NYS Comptroller ...",2026-05-14,https://comptroller.nyc.gov/reports/letter-to-spacex-re-ipo-from-nyc-comptroller-levine-nys-comptroller-dinapoli-and-calpers-ceo-frost,,html,1 social post sharing the exact link,0.0,0,0,0,0,"bluesky,hackernews,newsrss,reddit",,0.0,0,0,0,0,"bluesky,hackernews,newsrss,reddit",,2.0,0,0,1,0,"bluesky,hackernews,newsrss,reddit",
30d,0.0,0.0,NYC Department of Investigation,report,,Access Denied: Challenges to DOI's Oversight of the City's Child Welfare System,2026-05-05,https://www.nyc.gov/assets/doi/reports/pdf/2026/10ACSReport.Release05.05.2026FINAL.pdf,https://www.nyc.gov/assets/doi/reports/pdf/2026/10ACSReport.Release05.05.2026FINAL.pdf,pdf,no public link pickups found in checked sources,0.0,0,0,0,0,"bluesky,hackernews,newsrss,reddit",,0.0,0,0,0,0,"bluesky,hackernews,newsrss,reddit",,0.0,0,0,0,0,"bluesky,hackernews,newsrss,reddit",
30d,0.0,0.0,NYC Department of Investigation,report,,OIG-NYPD Twelfth Annual Report,2026-04-15,https://www.nyc.gov/assets/doi/reports/pdf/2026/08OIGNYPD.AR.Release.Rpt.04.15.2026.pdf,https://www.nyc.gov/assets/doi/reports/pdf/2026/08OIGNYPD.AR.Release.Rpt.04.15.2026.pdf,pdf,no public link pickups found in checked sources,0.0,0,0,0,0,"bluesky,hackernews,newsrss,reddit",,0.0,0,0,0,0,"bluesky,hackernews,newsrss,reddit",,0.0,0,0,0,0,"bluesky,hackernews,newsrss,reddit",
30d,0.0,0.0,NYC Department of Investigation,report,,DOI's Investigation into the Reclamation of Vacant NYCHA Apartments,2026-03-03,https://www.nyc.gov/assets/doi/reports/pdf/2026/05NYCHAReclaim.Release.Rpt.03.03.2026.pdf,https://www.nyc.gov/assets/doi/reports/pdf/2026/05NYCHAReclaim.Release.Rpt.03.03.2026.pdf,pdf,no public link pickups found in checked sources,0.0,0,0,0,0,"bluesky,hackernews,newsrss,reddit",,0.0,0,0,0,0,"bluesky,hackernews,newsrss,reddit",,0.0,0,0,0,0,"bluesky,hackernews,newsrss,reddit",
30d,0.0,0.0,NYC Department of Investigation,report,,Report on the New York City Conflicts of Interest Board's Advisory Opinion and Moonlighting Waiver Practices,2025-12-18,https://www.nyc.gov/assets/doi/reports/pdf/2025/50COIBRelease.Rpt.12.18.2025.pdf,https://www.nyc.gov/assets/doi/reports/pdf/2025/50COIBRelease.Rpt.12.18.2025.pdf,pdf,no public link pickups found in checked sources,0.0,0,0,0,0,"bluesky,hackernews,newsrss,reddit",,0.0,0,0,0,0,"bluesky,hackernews,newsrss,reddit",,0.0,0,0,0,0,"bluesky,hackernews,newsrss,reddit",
30d,0.0,0.0,NYC Department of Investigation,report,,DOI Investigation into the NYPD's Compliance with Local Laws Restricting City Assistance with Immigration Enforcement,2025-12-03,https://www.nyc.gov/assets/doi/reports/pdf/2025/49NYPD.SancLawsRelease.Rpt.12.03.2025.pdf,https://www.nyc.gov/assets/doi/reports/pdf/2025/49NYPD.SancLawsRelease.Rpt.12.03.2025.pdf,pdf,no public link pickups found in checked sources,0.0,0,0,0,0,"bluesky,hackernews,newsrss,reddit",,0.0,0,0,0,0,"bluesky,hackernews,newsrss,reddit",,0.0,0,0,0,0,"bluesky,hackernews,newsrss,reddit",
30d,0.0,0.0,NYC Department of Investigation,report,,Update on NYPD's Implementation of DOI's 2023 Criminal Group Database Recommendations,2025-10-15,https://www.nyc.gov/assets/doi/reports/pdf/2025/41CGDRelease.Rpt.10.15.2025.pdf,https://www.nyc.gov/assets/doi/reports/pdf/2025/41CGDRelease.Rpt.10.15.2025.pdf,pdf,no public link pickups found in checked sources,0.0,0,0,0,0,"bluesky,hackernews,newsrss,reddit",,0.0,0,0,0,0,"bluesky,hackernews,newsrss,reddit",,0.0,0,0,0,0,"bluesky,hackernews,newsrss,reddit",
30d,0.0,0.0,NYC Department of Investigation,report,,DOI Investigation into DOC Correction Intelligence Bureau Investigator Assisting Federal Agents with Immigration Enforcement,2025-09-25,https://www.nyc.gov/assets/doi/reports/pdf/2025/38DOC.Release.Rpt.09.25.2025.pdf,https://www.nyc.gov/assets/doi/reports/pdf/2025/38DOC.Release.Rpt.09.25.2025.pdf,pdf,no public link pickups found in checked sources,0.0,0,0,0,0,"bluesky,hackernews,newsrss,reddit",,0.0,0,0,0,0,"bluesky,hackernews,newsrss,reddit",,0.0,0,0,0,0,"bluesky,hackernews,newsrss,reddit",
30d,0.0,0.0,NYC Department of Investigation,report,,DOI Investigation into Theft Involving Pension Funds Managed by the NYC Employees' Retirement System (NYCERS) and Related Recommendations,2025-09-17,https://www.nyc.gov/assets/doi/reports/pdf/2025/36NYCERS.Release.Rpt.09.17.2025.pdf,https://www.nyc.gov/assets/doi/reports/pdf/2025/36NYCERS.Release.Rpt.09.17.2025.pdf,pdf,no public link pickups found in checked sources,0.0,0,0,0,0,"bluesky,hackernews,newsrss,reddit",,0.0,0,0,0,0,"bluesky,hackernews,newsrss,reddit",,0.0,0,0,0,0,"bluesky,hackernews,newsrss,reddit",
30d,0.0,0.0,NYC Department of Investigation,report,,"DOI's Findings Regarding ""Skimming"" of Electronic Benefit Transfer Cards that Provide Vital Funds to Low-Income New Yorkers and Related Recommendations",2025-09-04,https://www.nyc.gov/assets/doi/reports/pdf/2025/34SkimmingRelease.Rpt.09.04.2025.pdf,https://www.nyc.gov/assets/doi/reports/pdf/2025/34SkimmingRelease.Rpt.09.04.2025.pdf,pdf,no public link pickups found in checked sources,0.0,0,0,0,0,"bluesky,hackernews,newsrss,reddit",,0.0,0,0,0,0,"bluesky,hackernews,newsrss,reddit",,0.0,0,0,0,0,"bluesky,hackernews,newsrss,reddit",
30d,0.0,0.0,NYC Department of Investigation,report,,DOI's 2024 Annual Anti-Corruption Report,2025-09-03,https://www.nyc.gov/assets/doi/reports/pdf/2025/33AntiCorruption.Release.Rpt.09.03.2025.pdf,https://www.nyc.gov/assets/doi/reports/pdf/2025/33AntiCorruption.Release.Rpt.09.03.2025.pdf,pdf,no public link pickups found in checked sources,0.0,0,0,0,0,"bluesky,hackernews,newsrss,reddit",,0.0,0,0,0,0,"bluesky,hackernews,newsrss,reddit",,0.0,0,0,0,0,"bluesky,hackernews,newsrss,reddit",
30d,0.0,0.0,NYC Comptroller,report,,New York City Cash Balance Projection,2026-06-01,https://comptroller.nyc.gov/reports/new-york-city-cash-balance-projection-june-1-2026,,html,no public link pickups found in checked sources,0.0,0,0,0,0,"bluesky,hackernews,newsrss,reddit",,0.0,0,0,0,0,"bluesky,hackernews,newsrss,reddit",,0.0,0,0,0,0,"bluesky,hackernews,newsrss,reddit",
30d,0.0,0.0,NYC Comptroller,report,,Comments on New York City’s Executive Budget for Fiscal Year 2027 an...,2026-06-09,https://comptroller.nyc.gov/reports/comments-on-new-york-citys-executive-budget-for-fiscal-year-2027-and-financial-plan-for-fiscal-years-2026-2030,,html,no public link pickups found in checked sources,0.0,0,0,0,0,"bluesky,hackernews,newsrss,reddit",,0.0,0,0,0,0,"bluesky,hackernews,newsrss,reddit",,0.0,0,0,0,0,"bluesky,hackernews,newsrss,reddit",
30d,0.0,0.0,NYC Comptroller,report,,A Framework for Structural NYPD Overtime Reform,2026-06-05,https://comptroller.nyc.gov/reports/a-framework-for-structural-nypd-overtime-reform,,html,no public link pickups found in checked sources,0.0,0,0,0,0,"bluesky,hackernews,newsrss,reddit",,0.0,0,0,0,0,"bluesky,hackernews,newsrss,reddit",,0.0,0,0,0,0,"bluesky,hackernews,newsrss,reddit",
30d,0.0,0.0,NYC Comptroller,report,,New York City Quarterly Cash Report,2026-06-05,https://comptroller.nyc.gov/reports/new-york-city-quarterly-cash-report,,html,no public link pickups found in checked sources,0.0,0,0,0,0,"bluesky,hackernews,newsrss,reddit",,0.0,0,0,0,0,"bluesky,hackernews,newsrss,reddit",,0.0,0,0,0,0,"bluesky,hackernews,newsrss,reddit",
30d,0.0,0.0,NYC Comptroller,report,,The Monty Hall Contracts: Unchecked Spending Across the City’s Maste...,2026-05-06,https://comptroller.nyc.gov/reports/the-monty-hall-contracts-unchecked-spending-across-the-citys-master-agreements,,html,no public link pickups found in checked sources,0.0,0,0,0,0,"bluesky,hackernews,newsrss,reddit",,0.0,0,0,0,0,"bluesky,hackernews,newsrss,reddit",,0.0,0,0,0,0,"bluesky,hackernews,newsrss,reddit",
30d,0.0,0.0,NYC Comptroller,report,,“The Phantom of the Opera”-ting Budget,2026-05-05,https://comptroller.nyc.gov/reports/the-phantom-of-the-opera-ting-budget,,html,no public link pickups found in checked sources,0.0,0,0,0,0,"bluesky,hackernews,newsrss,reddit",,0.0,0,0,0,0,"bluesky,hackernews,newsrss,reddit",,0.0,0,0,0,0,"bluesky,hackernews,newsrss,reddit",
30d,0.0,0.0,NYC Comptroller,report,,Five-Year Accessibility Plan 2026 Benchmark,2026-05-01,https://comptroller.nyc.gov/reports/five-year-accessibility-plan-2026-benchmark,,html,no public link pickups found in checked sources,0.0,0,0,0,0,"bluesky,hackernews,newsrss,reddit",,0.0,0,0,0,0,"bluesky,hackernews,newsrss,reddit",,0.0,0,0,0,0,"bluesky,hackernews,newsrss,reddit",
30d,0.0,0.0,NYC Comptroller,report,,BERS Annual Climate Report FY2025,2026-04-24,https://comptroller.nyc.gov/reports/bers-annual-climate-report-fy2025,,html,no public link pickups found in checked sources,0.0,0,0,0,0,"bluesky,hackernews,newsrss,reddit",,0.0,0,0,0,0,"bluesky,hackernews,newsrss,reddit",,0.0,0,0,0,0,"bluesky,hackernews,newsrss,reddit",
30d,0.0,0.0,NYC Comptroller,report,,NYCERS Annual Climate Report FY2025,2026-04-24,https://comptroller.nyc.gov/reports/nycers-annual-climate-report-fy2025,,html,no public link pickups found in checked sources,0.0,0,0,0,0,"bluesky,hackernews,newsrss,reddit",,0.0,0,0,0,0,"bluesky,hackernews,newsrss,reddit",,0.0,0,0,0,0,"bluesky,hackernews,newsrss,reddit",
30d,0.0,0.0,NYC Comptroller,report,,TRS Annual Climate Report FY2025,2026-04-24,https://comptroller.nyc.gov/reports/trs-annual-climate-report-fy2025,,html,no public link pickups found in checked sources,0.0,0,0,0,0,"bluesky,hackernews,newsrss,reddit",,0.0,0,0,0,0,"bluesky,hackernews,newsrss,reddit",,0.0,0,0,0,0,"bluesky,hackernews,newsrss,reddit",
30d,0.0,0.0,NYC Comptroller,report,,New York City’s Living Infrastructure: Funding and Managing NYC’s ...,2026-04-23,https://comptroller.nyc.gov/reports/new-york-citys-living-infrastructure-funding-and-managing-nycs-urban-forest-and-tree-canopy,,html,no public link pickups found in checked sources,0.0,0,0,0,0,"bluesky,hackernews,newsrss,reddit",,0.0,0,0,0,0,"bluesky,hackernews,newsrss,reddit",,0.0,0,0,0,0,"bluesky,hackernews,newsrss,reddit",
30d,0.0,0.0,NYS Comptroller,report,,Waiting for the Bus: Upstate Transportation Systems’ On-Time Bus Performance,,https://www.osc.ny.gov/files/reports/pdf/upstate-transportation-systems-on-time-bus-performance.pdf,https://www.osc.ny.gov/files/reports/pdf/upstate-transportation-systems-on-time-bus-performance.pdf,pdf,no public link pickups found in checked sources,0.0,0,0,0,0,"bluesky,hackernews,newsrss,reddit",,0.0,0,0,0,0,"bluesky,hackernews,newsrss,reddit",,0.0,0,0,0,0,"bluesky,hackernews,newsrss,reddit",
30d,0.0,0.0,NYS Comptroller,report,,Annual Update: Metropolitan Transportation Authority’s Debt Profile,,https://www.osc.ny.gov/files/reports/osdc/pdf/report-3-2027.pdf,https://www.osc.ny.gov/files/reports/osdc/pdf/report-3-2027.pdf,pdf,no public link pickups found in checked sources,0.0,0,0,0,0,"bluesky,hackernews,newsrss,reddit",,0.0,0,0,0,0,"bluesky,hackernews,newsrss,reddit",,0.0,0,0,0,0,"bluesky,hackernews,newsrss,reddit",
30d,0.0,0.0,NYS Comptroller,report,,MWBE Report 2025-2026 Fiscal Year,,https://www.osc.ny.gov/files/reports/special-topics/pdf/mwbe-fiscal-2025-26.pdf,https://www.osc.ny.gov/files/reports/special-topics/pdf/mwbe-fiscal-2025-26.pdf,pdf,no public link pickups found in checked sources,0.0,0,0,0,0,"bluesky,hackernews,newsrss,reddit",,0.0,0,0,0,0,"bluesky,hackernews,newsrss,reddit",,0.0,0,0,0,0,"bluesky,hackernews,newsrss,reddit",
30d,0.0,0.0,NYS Comptroller,report,,Prompt Payment Interest Report: State Fiscal Year 2025-26,,https://www.osc.ny.gov/files/reports/special-topics/pdf/prompt-payment-interest-2025-26.pdf,https://www.osc.ny.gov/files/reports/special-topics/pdf/prompt-payment-interest-2025-26.pdf,pdf,no public link pickups found in checked sources,0.0,0,0,0,0,"bluesky,hackernews,newsrss,reddit",,0.0,0,0,0,0,"bluesky,hackernews,newsrss,reddit",,0.0,0,0,0,0,"bluesky,hackernews,newsrss,reddit",
30d,0.0,0.0,NYS Comptroller,report,,Performance of Industrial Development Agencies in New York State – 2026 Annual Report,,https://www.osc.ny.gov/files/local-government/publications/pdf/ida-performance-report-2026.pdf,https://www.osc.ny.gov/files/local-government/publications/pdf/ida-performance-report-2026.pdf,pdf,no public link pickups found in checked sources,0.0,0,0,0,0,"bluesky,hackernews,newsrss,reddit",,0.0,0,0,0,0,"bluesky,hackernews,newsrss,reddit",,0.0,0,0,0,0,"bluesky,hackernews,newsrss,reddit",
30d,0.0,0.0,NYS Comptroller,report,,"For Many New Yorkers, Incomes Not Keeping Pace with Inflation",,https://www.osc.ny.gov/reports/median-income,,html,no public link pickups found in checked sources,0.0,0,0,0,0,"bluesky,hackernews,newsrss,reddit",,0.0,0,0,0,0,"bluesky,hackernews,newsrss,reddit",,0.0,0,0,0,0,"bluesky,hackernews,newsrss,reddit",
30d,0.0,0.0,NYS Comptroller,report,,"Local Sales Tax Collections Total $6.1 Billion, Up 5.1% in First Quarter",,https://www.osc.ny.gov/files/local-government/publications/pdf/2026-sales-tax-first-quarter.pdf,https://www.osc.ny.gov/files/local-government/publications/pdf/2026-sales-tax-first-quarter.pdf,pdf,no public link pickups found in checked sources,0.0,0,0,0,0,"bluesky,hackernews,newsrss,reddit",,0.0,0,0,0,0,"bluesky,hackernews,newsrss,reddit",,0.0,0,0,0,0,"bluesky,hackernews,newsrss,reddit",
30d,0.0,0.0,NYS Comptroller,report,,State Parks a Growing Attraction,,https://www.osc.ny.gov/reports/state-parks-growing-attraction,,html,no public link pickups found in checked sources,0.0,0,0,0,0,"bluesky,hackernews,newsrss,reddit",,0.0,0,0,0,0,"bluesky,hackernews,newsrss,reddit",,0.0,0,0,0,0,"bluesky,hackernews,newsrss,reddit",
30d,0.0,0.0,NYS Comptroller,report,,New York Farms and Farmland Decrease at a Higher Rate Than Nationally in 2025,,https://www.osc.ny.gov/reports/new-york-farms-and-farmland-decrease-higher-rate-nationally-2025,,html,no public link pickups found in checked sources,0.0,0,0,0,0,"bluesky,hackernews,newsrss,reddit",,0.0,0,0,0,0,"bluesky,hackernews,newsrss,reddit",,0.0,0,0,0,0,"bluesky,hackernews,newsrss,reddit",
30d,0.0,0.0,NYS Comptroller,report,,MTA Weekend Ridership Trends,,https://www.osc.ny.gov/files/reports/osdc/pdf/report-2-2027.pdf,https://www.osc.ny.gov/files/reports/osdc/pdf/report-2-2027.pdf,pdf,no public link pickups found in checked sources,0.0,0,0,0,0,"bluesky,hackernews,newsrss,reddit",,0.0,0,0,0,0,"bluesky,hackernews,newsrss,reddit",,0.0,0,0,0,0,"bluesky,hackernews,newsrss,reddit",
30d,0.0,0.0,NYS Comptroller,report,,"New York State Agency Use of Overtime and State Workforce Trends, 2016 – 2025",,https://www.osc.ny.gov/files/reports/pdf/new-york-state-agency-use-of-overtime-and-state-workforce-trends-2016-2025.pdf,https://www.osc.ny.gov/files/reports/pdf/new-york-state-agency-use-of-overtime-and-state-workforce-trends-2016-2025.pdf,pdf,no public link pickups found in checked sources,0.0,0,0,0,0,"bluesky,hackernews,newsrss,reddit",,0.0,0,0,0,0,"bluesky,hackernews,newsrss,reddit",,0.0,0,0,0,0,"bluesky,hackernews,newsrss,reddit",
30d,0.0,0.0,NYS Comptroller,report,,New York City’s Uneven Recovery: An Update on Labor Force Trends,,https://www.osc.ny.gov/files/reports/osdc/pdf/nyc-labor-force-2025.pdf,https://www.osc.ny.gov/files/reports/osdc/pdf/nyc-labor-force-2025.pdf,pdf,no public link pickups found in checked sources,0.0,0,0,0,0,"bluesky,hackernews,newsrss,reddit",,0.0,0,0,0,0,"bluesky,hackernews,newsrss,reddit",,0.0,0,0,0,0,"bluesky,hackernews,newsrss,reddit",
30d,0.0,0.0,NYS Comptroller,report,,Federal Impact: Travel and Tourism to New York,,https://www.osc.ny.gov/reports/budget/fed-funding-ny/federal-impact-travel-and-tourism-new-york,,html,no public link pickups found in checked sources,0.0,0,0,0,0,"bluesky,hackernews,newsrss,reddit",,0.0,0,0,0,0,"bluesky,hackernews,newsrss,reddit",,0.0,0,0,0,0,"bluesky,hackernews,newsrss,reddit",
30d,0.0,0.0,NYS Comptroller,report,,Economic Impact of Tariffs,,https://www.osc.ny.gov/reports/budget/fed-funding-ny/economic-impact-tariffs,,html,no public link pickups found in checked sources,0.0,0,0,0,0,"bluesky,hackernews,newsrss,reddit",,0.0,0,0,0,0,"bluesky,hackernews,newsrss,reddit",,0.0,0,0,0,0,"bluesky,hackernews,newsrss,reddit",
30d,0.0,0.0,NYS Comptroller,report,,Annual Report on Local Governments for Fiscal Year End 2024,,https://www.osc.ny.gov/files/local-government/publications/pdf/fye2024-annualreport.pdf,https://www.osc.ny.gov/files/local-government/publications/pdf/fye2024-annualreport.pdf,pdf,no public link pickups found in checked sources,0.0,0,0,0,0,"bluesky,hackernews,newsrss,reddit",,0.0,0,0,0,0,"bluesky,hackernews,newsrss,reddit",,0.0,0,0,0,0,"bluesky,hackernews,newsrss,reddit",
30d,0.0,0.0,NYS Comptroller,report,,"Review of the Financial Plan of the City of New York, March 2026",,https://www.osc.ny.gov/files/reports/osdc/pdf/report-23-2026.pdf,https://www.osc.ny.gov/files/reports/osdc/pdf/report-23-2026.pdf,pdf,no public link pickups found in checked sources,0.0,0,0,0,0,"bluesky,hackernews,newsrss,reddit",,0.0,0,0,0,0,"bluesky,hackernews,newsrss,reddit",,0.0,0,0,0,0,"bluesky,hackernews,newsrss,reddit",
30d,0.0,0.0,NYS Comptroller,report,,Challenges Facing Small Businesses in New York,,https://www.osc.ny.gov/files/reports/pdf/challenges-facing-small-businesses-in-ny.pdf,https://www.osc.ny.gov/files/reports/pdf/challenges-facing-small-businesses-in-ny.pdf,pdf,no public link pickups found in checked sources,0.0,0,0,0,0,"bluesky,hackernews,newsrss,reddit",,0.0,0,0,0,0,"bluesky,hackernews,newsrss,reddit",,0.0,0,0,0,0,"bluesky,hackernews,newsrss,reddit",
30d,0.0,0.0,NYC Independent Budget Office,report,,Analysis of the 2025 Preliminary Budget and Financial Plan by the Independent Budget Office,,https://www.ibo.nyc.ny.us/iboreports/publicationsAnnualsprelimbudget2024.html,,html,no public link pickups found in checked sources,0.0,0,0,0,0,"bluesky,hackernews,newsrss,reddit",,0.0,0,0,0,0,"bluesky,hackernews,newsrss,reddit",,0.0,0,0,0,0,"bluesky,hackernews,newsrss,reddit",
30d,0.0,0.0,NYC Independent Budget Office,report,,Focus on: The Mayor’s Fiscal Year 2024 November Plan,,https://www.ibo.nyc.ny.us/iboreports/publicationsAnnualsFiscalOutlook2023.html,,html,no public link pickups found in checked sources,0.0,0,0,0,0,"bluesky,hackernews,newsrss,reddit",,0.0,0,0,0,0,"bluesky,hackernews,newsrss,reddit",,0.0,0,0,0,0,"bluesky,hackernews,newsrss,reddit",
30d,0.0,0.0,NYC Independent Budget Office,report,,How Much Did the 2021 Adopted Budget Reduce Spending For the New York City Police Department?,,https://ibo.nyc.ny.us/cgi-park2/2020/08/how-much-did-the-2021-adopted-budget-reduce-spending-for-the-new-york-city-police-department,,html,no public link pickups found in checked sources,0.0,0,0,0,0,"bluesky,hackernews,newsrss,reddit",,0.0,0,0,0,0,"bluesky,hackernews,newsrss,reddit",,0.0,0,0,0,0,"bluesky,hackernews,newsrss,reddit",
30d,0.0,0.0,NYC Independent Budget Office,report,,Snapshot: IBO's Updated Economic and Revenue Forecast and Review of the Adopted Budget for 2021,,https://ibo.nyc.ny.us/iboreports/adopted-budget-snapshot-july-2020.html,,html,no public link pickups found in checked sources,0.0,0,0,0,0,"bluesky,hackernews,newsrss,reddit",,0.0,0,0,0,0,"bluesky,hackernews,newsrss,reddit",,0.0,0,0,0,0,"bluesky,hackernews,newsrss,reddit",
30d,0.0,0.0,NYC Independent Budget Office,report,,Governor’s Budget Would Cut Funding to NYC for Child Welfare and Juvenile Justice by $190 Million,,https://ibo.nyc.ny.us/iboreports/governors-budget-would-cut-funding-to-nyc-for-child-welfare-and-juvenile-justice-by-190-million-march-2018.pdf,https://ibo.nyc.ny.us/iboreports/governors-budget-would-cut-funding-to-nyc-for-child-welfare-and-juvenile-justice-by-190-million-march-2018.pdf,pdf,no public link pickups found in checked sources,0.0,0,0,0,0,"bluesky,hackernews,newsrss,reddit",,0.0,0,0,0,0,"bluesky,hackernews,newsrss,reddit",,0.0,0,0,0,0,"bluesky,hackernews,newsrss,reddit",
30d,0.0,0.0,NYC Independent Budget Office,report,,The Effect of EarlyLearn NYC on Subsidized Childcare Capacity,,https://www.ibo.nyc.ny.us/iboreports/earlylearn53012.pdf,https://www.ibo.nyc.ny.us/iboreports/earlylearn53012.pdf,pdf,no public link pickups found in checked sources,0.0,0,0,0,0,"bluesky,hackernews,newsrss,reddit",,0.0,0,0,0,0,"bluesky,hackernews,newsrss,reddit",,0.0,0,0,0,0,"bluesky,hackernews,newsrss,reddit",
30d,0.0,0.0,NYC Independent Budget Office,report,,Bearing the Cost of Early Intervention Services: Recent Changes Not Likely to Shift Much Spending From City & State to Private Insurers,,https://www.ibo.nyc.ny.us/iboreports/ei4192012.pdf,https://www.ibo.nyc.ny.us/iboreports/ei4192012.pdf,pdf,no public link pickups found in checked sources,0.0,0,0,0,0,"bluesky,hackernews,newsrss,reddit",,0.0,0,0,0,0,"bluesky,hackernews,newsrss,reddit",,0.0,0,0,0,0,"bluesky,hackernews,newsrss,reddit",
30d,0.0,0.0,NYC Independent Budget Office,report,,"A Changed Emphasis in City’s Child Welfare System: How Has Shift Away From Foster Care Affected Funding, Spending, Caseloads?",,https://www.ibo.nyc.ny.us/iboreports/childwelfare101211.pdf,https://www.ibo.nyc.ny.us/iboreports/childwelfare101211.pdf,pdf,no public link pickups found in checked sources,0.0,0,0,0,0,"bluesky,hackernews,newsrss,reddit",,0.0,0,0,0,0,"bluesky,hackernews,newsrss,reddit",,0.0,0,0,0,0,"bluesky,hackernews,newsrss,reddit",
30d,0.0,0.0,NYC Independent Budget Office,report,,"City’s Subsidized Child Care System Faces Rising Costs, Shrinking Funds",,https://www.ibo.nyc.ny.us/iboreports/childcareoctober2010.pdf,https://www.ibo.nyc.ny.us/iboreports/childcareoctober2010.pdf,pdf,no public link pickups found in checked sources,0.0,0,0,0,0,"bluesky,hackernews,newsrss,reddit",,0.0,0,0,0,0,"bluesky,hackernews,newsrss,reddit",,0.0,0,0,0,0,"bluesky,hackernews,newsrss,reddit",
30d,0.0,0.0,NYC Independent Budget Office,report,,Effect of Closing ACS Day Care Centers to Kindergartners on Average Kindergarten Class Size,,https://www.ibo.nyc.ny.us/iboreports/acskindergartenletter.pdf,https://www.ibo.nyc.ny.us/iboreports/acskindergartenletter.pdf,pdf,no public link pickups found in checked sources,0.0,0,0,0,0,"bluesky,hackernews,newsrss,reddit",,0.0,0,0,0,0,"bluesky,hackernews,newsrss,reddit",,0.0,0,0,0,0,"bluesky,hackernews,newsrss,reddit",
30d,0.0,0.0,NYC Independent Budget Office,report,,Testimony to the New York City Council Youth Services Committee On the LGBTQ Commission Report,,https://www.ibo.nyc.ny.us/iboreports/runawayyouthcc92110pdf.pdf,https://www.ibo.nyc.ny.us/iboreports/runawayyouthcc92110pdf.pdf,pdf,no public link pickups found in checked sources,0.0,0,0,0,0,"bluesky,hackernews,newsrss,reddit",,0.0,0,0,0,0,"bluesky,hackernews,newsrss,reddit",,0.0,0,0,0,0,"bluesky,hackernews,newsrss,reddit",
30d,0.0,0.0,NYC Independent Budget Office,report,,City Spending for Runaway and Homeless Youth Grows Steadily,,https://www.ibo.nyc.ny.us/iboreports/rhyaugust122010.pdf,https://www.ibo.nyc.ny.us/iboreports/rhyaugust122010.pdf,pdf,no public link pickups found in checked sources,0.0,0,0,0,0,"bluesky,hackernews,newsrss,reddit",,0.0,0,0,0,0,"bluesky,hackernews,newsrss,reddit",,0.0,0,0,0,0,"bluesky,hackernews,newsrss,reddit",
30d,0.0,0.0,NYC Independent Budget Office,report,,Estimated Costs of Language Access Policies in New York City Agencies,,https://www.ibo.nyc.ny.us/iboreports/OddoLetterSeptember2009.pdf,https://www.ibo.nyc.ny.us/iboreports/OddoLetterSeptember2009.pdf,pdf,no public link pickups found in checked sources,0.0,0,0,0,0,"bluesky,hackernews,newsrss,reddit",,0.0,0,0,0,0,"bluesky,hackernews,newsrss,reddit",,0.0,0,0,0,0,"bluesky,hackernews,newsrss,reddit",
30d,0.0,0.0,NYC Independent Budget Office,report,,A One-Time Cure for the Summertime Job Blues,,https://ibo.nyc.ny.us/cgi-park?p=62,,html,no public link pickups found in checked sources,0.0,0,0,0,0,"bluesky,hackernews,newsrss,reddit",,0.0,0,0,0,0,"bluesky,hackernews,newsrss,reddit",,0.0,0,0,0,0,"bluesky,hackernews,newsrss,reddit",
30d,0.0,0.0,NYC Independent Budget Office,report,,"Since 2000, Funding Changes Cause Annual Uncertainty for Summer Jobs Program",,https://www.ibo.nyc.ny.us/iboreports/SYEP_jun2006.pdf,https://www.ibo.nyc.ny.us/iboreports/SYEP_jun2006.pdf,pdf,no public link pickups found in checked sources,0.0,0,0,0,0,"bluesky,hackernews,newsrss,reddit",,0.0,0,0,0,0,"bluesky,hackernews,newsrss,reddit",,0.0,0,0,0,0,"bluesky,hackernews,newsrss,reddit",
30d,0.0,0.0,NYC Independent Budget Office,report,,"As City Plans Child Care Improvements, Funding Tightens",,https://www.ibo.nyc.ny.us/iboreports/ChildcareFB_dec2005.pdf,https://www.ibo.nyc.ny.us/iboreports/ChildcareFB_dec2005.pdf,pdf,no public link pickups found in checked sources,0.0,0,0,0,0,"bluesky,hackernews,newsrss,reddit",,0.0,0,0,0,0,"bluesky,hackernews,newsrss,reddit",,0.0,0,0,0,0,"bluesky,hackernews,newsrss,reddit",
30d,0.0,0.0,NYC Independent Budget Office,report,,City's Reliance on State and Federal Funds for Child Care Grows,,https://www.ibo.nyc.ny.us/iboreports/Dec2002backgroundpaper.pdf,https://www.ibo.nyc.ny.us/iboreports/Dec2002backgroundpaper.pdf,pdf,no public link pickups found in checked sources,0.0,0,0,0,0,"bluesky,hackernews,newsrss,reddit",,0.0,0,0,0,0,"bluesky,hackernews,newsrss,reddit",,0.0,0,0,0,0,"bluesky,hackernews,newsrss,reddit",
30d,0.0,0.0,NYC Independent Budget Office,report,,City Still Spending Asset Forfeiture Funds From the 2015 BNP Paribas Settlement,,https://ibo.nyc.ny.us/iboreports/city-still-spending-asset-forfeiture-funds-from-the-2015-bnp-paribas-settlement-fopb-march-2019.pdf,https://ibo.nyc.ny.us/iboreports/city-still-spending-asset-forfeiture-funds-from-the-2015-bnp-paribas-settlement-fopb-march-2019.pdf,pdf,no public link pickups found in checked sources,0.0,0,0,0,0,"bluesky,hackernews,newsrss,reddit",,0.0,0,0,0,0,"bluesky,hackernews,newsrss,reddit",,0.0,0,0,0,0,"bluesky,hackernews,newsrss,reddit",
30d,0.0,0.0,NYC Independent Budget Office,report,,Estimated Cost of Pre-Trial Detainment in New York City,,https://www.ibo.nyc.ny.us/iboreports/pretrialdetainneltrsept2011.pdf,https://www.ibo.nyc.ny.us/iboreports/pretrialdetainneltrsept2011.pdf,pdf,no public link pickups found in checked sources,0.0,0,0,0,0,"bluesky,hackernews,newsrss,reddit",,0.0,0,0,0,0,"bluesky,hackernews,newsrss,reddit",,0.0,0,0,0,0,"bluesky,hackernews,newsrss,reddit",
30d,0.0,0.0,NYC Independent Budget Office,report,,State Cuts to the Court System Likely to Carry a Price Tag for the City,,https://ibo.nyc.ny.us/cgi-park?p=371,,html,no public link pickups found in checked sources,0.0,0,0,0,0,"bluesky,hackernews,newsrss,reddit",,0.0,0,0,0,0,"bluesky,hackernews,newsrss,reddit",,0.0,0,0,0,0,"bluesky,hackernews,newsrss,reddit",
30d,0.0,0.0,NYC Independent Budget Office,report,,"Despite Cut in Capital Spending, Mayor Plans to Build a New Jail, Renovate Others",,https://ibo.nyc.ny.us/cgi-park?p=357,,html,no public link pickups found in checked sources,0.0,0,0,0,0,"bluesky,hackernews,newsrss,reddit",,0.0,0,0,0,0,"bluesky,hackernews,newsrss,reddit",,0.0,0,0,0,0,"bluesky,hackernews,newsrss,reddit",
30d,0.0,0.0,NYC Independent Budget Office,report,,Long-Term Trends in Funding for District Attorneys,,https://www.ibo.nyc.ny.us/iboreports/may162011letterall.pdf,https://www.ibo.nyc.ny.us/iboreports/may162011letterall.pdf,pdf,no public link pickups found in checked sources,0.0,0,0,0,0,"bluesky,hackernews,newsrss,reddit",,0.0,0,0,0,0,"bluesky,hackernews,newsrss,reddit",,0.0,0,0,0,0,"bluesky,hackernews,newsrss,reddit",
30d,0.0,0.0,NYC Independent Budget Office,report,,City Spending on Legal Services for New Yorkers,,https://www.ibo.nyc.ny.us/iboreports/legalservices72611.pdf,https://www.ibo.nyc.ny.us/iboreports/legalservices72611.pdf,pdf,no public link pickups found in checked sources,0.0,0,0,0,0,"bluesky,hackernews,newsrss,reddit",,0.0,0,0,0,0,"bluesky,hackernews,newsrss,reddit",,0.0,0,0,0,0,"bluesky,hackernews,newsrss,reddit",
30d,0.0,0.0,NYC Independent Budget Office,report,,City Spending Rises on Programs To Help Inmates Leaving Jail,,https://www.ibo.nyc.ny.us/iboreports/dischargeplanning060309.pdf,https://www.ibo.nyc.ny.us/iboreports/dischargeplanning060309.pdf,pdf,no public link pickups found in checked sources,0.0,0,0,0,0,"bluesky,hackernews,newsrss,reddit",,0.0,0,0,0,0,"bluesky,hackernews,newsrss,reddit",,0.0,0,0,0,0,"bluesky,hackernews,newsrss,reddit",
30d,0.0,0.0,NYC Independent Budget Office,report,,City Revamps Arts Funding Process: More Funds for More Groups,,https://www.ibo.nyc.ny.us/iboreports/CDF82609.pdf,https://www.ibo.nyc.ny.us/iboreports/CDF82609.pdf,pdf,no public link pickups found in checked sources,0.0,0,0,0,0,"bluesky,hackernews,newsrss,reddit",,0.0,0,0,0,0,"bluesky,hackernews,newsrss,reddit",,0.0,0,0,0,0,"bluesky,hackernews,newsrss,reddit",
30d,0.0,0.0,NYC Independent Budget Office,report,,Broadening the Cultural Challenge: Major Changes Have Altered the Distribution of a Key City Arts Fund,,https://www.ibo.nyc.ny.us/iboreports/January2002.pdf,https://www.ibo.nyc.ny.us/iboreports/January2002.pdf,pdf,no public link pickups found in checked sources,0.0,0,0,0,0,"bluesky,hackernews,newsrss,reddit",,0.0,0,0,0,0,"bluesky,hackernews,newsrss,reddit",,0.0,0,0,0,0,"bluesky,hackernews,newsrss,reddit",
30d,0.0,0.0,NYC Independent Budget Office,report,,Why Has the Cost of Correctional Health Services Increased in the Last Decade?,,https://ibo.nyc.ny.us/cgi-park2/2020/09/why-has-the-cost-of-correctional-health-services-increased-in-the-last-decade,,html,no public link pickups found in checked sources,0.0,0,0,0,0,"bluesky,hackernews,newsrss,reddit",,0.0,0,0,0,0,"bluesky,hackernews,newsrss,reddit",,0.0,0,0,0,0,"bluesky,hackernews,newsrss,reddit",
30d,0.0,0.0,NYC Independent Budget Office,report,,"How Many of the City’s Hospitals, and Hospital Beds, Were at Risk During Hurricane Sandy?",,https://ibo.nyc.ny.us/cgi-park2?p=215,,html,no public link pickups found in checked sources,0.0,0,0,0,0,"bluesky,hackernews,newsrss,reddit",,0.0,0,0,0,0,"bluesky,hackernews,newsrss,reddit",,0.0,0,0,0,0,"bluesky,hackernews,newsrss,reddit",
30d,0.0,0.0,NYC Independent Budget Office,report,,Will the Mayor Still Be Looking for Savings?: Growth in AIDS Caseload Slows and Spending Per Case Eases Downward,,https://www.ibo.nyc.ny.us/iboreports/hasanov2011.pdf,https://www.ibo.nyc.ny.us/iboreports/hasanov2011.pdf,pdf,no public link pickups found in checked sources,0.0,0,0,0,0,"bluesky,hackernews,newsrss,reddit",,0.0,0,0,0,0,"bluesky,hackernews,newsrss,reddit",,0.0,0,0,0,0,"bluesky,hackernews,newsrss,reddit",
30d,0.0,0.0,NYC Independent Budget Office,report,,Governor’s Budget Would Add to City’s Rising Share of Homeless Shelter Costs,,https://ibo.nyc.ny.us/iboreports/governors-budget-would-add-to-citys-rising-share-of-homeless-sheltercosts-fopb-march-2019.pdf,https://ibo.nyc.ny.us/iboreports/governors-budget-would-add-to-citys-rising-share-of-homeless-sheltercosts-fopb-march-2019.pdf,pdf,no public link pickups found in checked sources,0.0,0,0,0,0,"bluesky,hackernews,newsrss,reddit",,0.0,0,0,0,0,"bluesky,hackernews,newsrss,reddit",,0.0,0,0,0,0,"bluesky,hackernews,newsrss,reddit",
30d,0.0,0.0,NYC Independent Budget Office,report,,"With the Rise in the City’s Homeless Shelter Population, How Much Has Shelter Spending Increased?",,https://ibo.nyc.ny.us/cgi-park2?p=323,,html,no public link pickups found in checked sources,0.0,0,0,0,0,"bluesky,hackernews,newsrss,reddit",,0.0,0,0,0,0,"bluesky,hackernews,newsrss,reddit",,0.0,0,0,0,0,"bluesky,hackernews,newsrss,reddit",
30d,0.0,0.0,NYC Independent Budget Office,report,,"Homeless for the Holidays, and Beyond",,https://ibo.nyc.ny.us/cgi-park?p=595,,html,no public link pickups found in checked sources,0.0,0,0,0,0,"bluesky,hackernews,newsrss,reddit",,0.0,0,0,0,0,"bluesky,hackernews,newsrss,reddit",,0.0,0,0,0,0,"bluesky,hackernews,newsrss,reddit",
30d,0.0,0.0,NYC Independent Budget Office,report,,Fiscal Impact of Prioritizing Homeless Families for Public Housing and Vouchers,,https://www.ibo.nyc.ny.us/iboreports/dhspriorityletter61412.pdf,https://www.ibo.nyc.ny.us/iboreports/dhspriorityletter61412.pdf,pdf,no public link pickups found in checked sources,0.0,0,0,0,0,"bluesky,hackernews,newsrss,reddit",,0.0,0,0,0,0,"bluesky,hackernews,newsrss,reddit",,0.0,0,0,0,0,"bluesky,hackernews,newsrss,reddit",
30d,0.0,0.0,NYC Independent Budget Office,report,,"As Rental Subsidies for Families End, Time in Shelter Grows",,https://ibo.nyc.ny.us/cgi-park?p=422,,html,no public link pickups found in checked sources,0.0,0,0,0,0,"bluesky,hackernews,newsrss,reddit",,0.0,0,0,0,0,"bluesky,hackernews,newsrss,reddit",,0.0,0,0,0,0,"bluesky,hackernews,newsrss,reddit",
30d,0.0,0.0,NYC Independent Budget Office,report,,"After Four Years, New York/New York III Pact Has Produced Less Housing Than Planned",,https://www.ibo.nyc.ny.us/iboreports/nyny3feb92010.pdf,https://www.ibo.nyc.ny.us/iboreports/nyny3feb92010.pdf,pdf,no public link pickups found in checked sources,0.0,0,0,0,0,"bluesky,hackernews,newsrss,reddit",,0.0,0,0,0,0,"bluesky,hackernews,newsrss,reddit",,0.0,0,0,0,0,"bluesky,hackernews,newsrss,reddit",
30d,0.0,0.0,NYC Independent Budget Office,report,,City’s Nonprofit Contractors Receive More Funding After Year of Uncertainty,,https://ibo.nyc.ny.us/iboreports/citys-nonprofit-contractors-receive-more-funding-after-year-of-uncertainty-june-2021.pdf,https://ibo.nyc.ny.us/iboreports/citys-nonprofit-contractors-receive-more-funding-after-year-of-uncertainty-june-2021.pdf,pdf,no public link pickups found in checked sources,0.0,0,0,0,0,"bluesky,hackernews,newsrss,reddit",,0.0,0,0,0,0,"bluesky,hackernews,newsrss,reddit",,0.0,0,0,0,0,"bluesky,hackernews,newsrss,reddit",
30d,0.0,0.0,NYC Independent Budget Office,report,,Governor’s Executive Budget Proposes Nearly $50 Million in Human Services Cuts to New York City,,https://ibo.nyc.ny.us/iboreports/governors-executive-budget-proposes-nearly-50-million-in-human-services-cuts-to-new-york-city-march-2021.pdf,https://ibo.nyc.ny.us/iboreports/governors-executive-budget-proposes-nearly-50-million-in-human-services-cuts-to-new-york-city-march-2021.pdf,pdf,no public link pickups found in checked sources,0.0,0,0,0,0,"bluesky,hackernews,newsrss,reddit",,0.0,0,0,0,0,"bluesky,hackernews,newsrss,reddit",,0.0,0,0,0,0,"bluesky,hackernews,newsrss,reddit",
30d,0.0,0.0,NYC Independent Budget Office,report,,New York City Delivers on Covid Emergency Food Budget,,https://ibo.nyc.ny.us/iboreports/new-york-city-delivers-on-covid-emergency-food-budget-march-2021.pdf,https://ibo.nyc.ny.us/iboreports/new-york-city-delivers-on-covid-emergency-food-budget-march-2021.pdf,pdf,no public link pickups found in checked sources,0.0,0,0,0,0,"bluesky,hackernews,newsrss,reddit",,0.0,0,0,0,0,"bluesky,hackernews,newsrss,reddit",,0.0,0,0,0,0,"bluesky,hackernews,newsrss,reddit",
30d,0.0,0.0,NYC Independent Budget Office,report,,Updating the Cost of Providing Legal Services to Eligible New Yorkers,,https://ibo.nyc.ny.us/iboreports/legal-services-letter-january-2020.pdf,https://ibo.nyc.ny.us/iboreports/legal-services-letter-january-2020.pdf,pdf,no public link pickups found in checked sources,0.0,0,0,0,0,"bluesky,hackernews,newsrss,reddit",,0.0,0,0,0,0,"bluesky,hackernews,newsrss,reddit",,0.0,0,0,0,0,"bluesky,hackernews,newsrss,reddit",
30d,0.0,0.0,NYC Independent Budget Office,report,,"Recession’s Divide: Food Stamp Caseload Soars, Welfare Caseload Does Not",,https://ibo.nyc.ny.us/cgi-park?p=216,,html,no public link pickups found in checked sources,0.0,0,0,0,0,"bluesky,hackernews,newsrss,reddit",,0.0,0,0,0,0,"bluesky,hackernews,newsrss,reddit",,0.0,0,0,0,0,"bluesky,hackernews,newsrss,reddit",
30d,0.0,0.0,NYC Independent Budget Office,report,,City’s Food Stamp Enrollment Surges,,https://ibo.nyc.ny.us/cgi-park?p=101,,html,no public link pickups found in checked sources,0.0,0,0,0,0,"bluesky,hackernews,newsrss,reddit",,0.0,0,0,0,0,"bluesky,hackernews,newsrss,reddit",,0.0,0,0,0,0,"bluesky,hackernews,newsrss,reddit",
30d,0.0,0.0,NYC Independent Budget Office,report,,Back to Work Program Spending and Performance,,https://www.ibo.nyc.ny.us/iboreports/backtowork42309.pdf,https://www.ibo.nyc.ny.us/iboreports/backtowork42309.pdf,pdf,no public link pickups found in checked sources,0.0,0,0,0,0,"bluesky,hackernews,newsrss,reddit",,0.0,0,0,0,0,"bluesky,hackernews,newsrss,reddit",,0.0,0,0,0,0,"bluesky,hackernews,newsrss,reddit",
30d,0.0,0.0,NYC Independent Budget Office,report,,Will Mounting City Job Losses Lead to Soaring Welfare Rolls? Maybe Not.,,https://ibo.nyc.ny.us/cgi-park?p=31,,html,no public link pickups found in checked sources,0.0,0,0,0,0,"bluesky,hackernews,newsrss,reddit",,0.0,0,0,0,0,"bluesky,hackernews,newsrss,reddit",,0.0,0,0,0,0,"bluesky,hackernews,newsrss,reddit",
30d,0.0,0.0,NYC Independent Budget Office,report,,supplemental tables,,https://www.ibo.nyc.ny.us/iboreports/Foodstampswebtables.pdf,https://www.ibo.nyc.ny.us/iboreports/Foodstampswebtables.pdf,pdf,no public link pickups found in checked sources,0.0,0,0,0,0,"bluesky,hackernews,newsrss,reddit",,0.0,0,0,0,0,"bluesky,hackernews,newsrss,reddit",,0.0,0,0,0,0,"bluesky,hackernews,newsrss,reddit",
30d,0.0,0.0,NYC Independent Budget Office,report,,"Despite Recession, Welfare Reform and Labor Market Changes Limit Public Assistance Growth",,https://www.ibo.nyc.ny.us/iboreports/welfareFB.pdf,https://www.ibo.nyc.ny.us/iboreports/welfareFB.pdf,pdf,no public link pickups found in checked sources,0.0,0,0,0,0,"bluesky,hackernews,newsrss,reddit",,0.0,0,0,0,0,"bluesky,hackernews,newsrss,reddit",,0.0,0,0,0,0,"bluesky,hackernews,newsrss,reddit",
30d,0.0,0.0,NYC Independent Budget Office,report,,New York's Increasing Dependence on the Welfare Surplus,,https://www.ibo.nyc.ny.us/iboreports/tanf.pdf,https://www.ibo.nyc.ny.us/iboreports/tanf.pdf,pdf,no public link pickups found in checked sources,0.0,0,0,0,0,"bluesky,hackernews,newsrss,reddit",,0.0,0,0,0,0,"bluesky,hackernews,newsrss,reddit",,0.0,0,0,0,0,"bluesky,hackernews,newsrss,reddit",
30d,0.0,0.0,NYC Independent Budget Office,report,,"It’s Not Just OWS: How Wind, Snow, and the Red Sox Drive Police Overtime Spending",,https://ibo.nyc.ny.us/cgi-park?p=388,,html,no public link pickups found in checked sources,0.0,0,0,0,0,"bluesky,hackernews,newsrss,reddit",,0.0,0,0,0,0,"bluesky,hackernews,newsrss,reddit",,0.0,0,0,0,0,"bluesky,hackernews,newsrss,reddit",
30d,0.0,0.0,NYC Independent Budget Office,report,,"Fewer Cops, and More of Them Behind Desks?",,https://ibo.nyc.ny.us/cgi-park?p=65,,html,no public link pickups found in checked sources,0.0,0,0,0,0,"bluesky,hackernews,newsrss,reddit",,0.0,0,0,0,0,"bluesky,hackernews,newsrss,reddit",,0.0,0,0,0,0,"bluesky,hackernews,newsrss,reddit",
30d,0.0,0.0,NYC Independent Budget Office,report,,Understanding New York City's Budget: A Guide,,https://www.ibo.nyc.ny.us/iboreports/understandingthebudget.pdf,https://www.ibo.nyc.ny.us/iboreports/understandingthebudget.pdf,pdf,no public link pickups found in checked sources,0.0,0,0,0,0,"bluesky,hackernews,newsrss,reddit",,0.0,0,0,0,0,"bluesky,hackernews,newsrss,reddit",,0.0,0,0,0,0,"bluesky,hackernews,newsrss,reddit",
30d,0.0,0.0,NYC Independent Budget Office,report,,Understanding the Budget: A Guide to the Capital Budget,,https://www.ibo.nyc.ny.us/iboreports/IBOCBG.pdf,https://www.ibo.nyc.ny.us/iboreports/IBOCBG.pdf,pdf,no public link pickups found in checked sources,0.0,0,0,0,0,"bluesky,hackernews,newsrss,reddit",,0.0,0,0,0,0,"bluesky,hackernews,newsrss,reddit",,0.0,0,0,0,0,"bluesky,hackernews,newsrss,reddit",
30d,0.0,0.0,NYC Independent Budget Office,report,,"Some Community Board Budget Priorities Face Budget Axe, Again",,https://ibo.nyc.ny.us/cgi-park?p=165,,html,no public link pickups found in checked sources,0.0,0,0,0,0,"bluesky,hackernews,newsrss,reddit",,0.0,0,0,0,0,"bluesky,hackernews,newsrss,reddit",,0.0,0,0,0,0,"bluesky,hackernews,newsrss,reddit",
30d,0.0,0.0,NYC Independent Budget Office,report,,About Those Services You Prioritized,,https://ibo.nyc.ny.us/cgi-park?p=42,,html,no public link pickups found in checked sources,0.0,0,0,0,0,"bluesky,hackernews,newsrss,reddit",,0.0,0,0,0,0,"bluesky,hackernews,newsrss,reddit",,0.0,0,0,0,0,"bluesky,hackernews,newsrss,reddit",
30d,0.0,0.0,NYC Independent Budget Office,report,,Summary of the New York City Financial Plan,,https://www.ibo.nyc.ny.us/iboreports/financialplansummary.pdf,https://www.ibo.nyc.ny.us/iboreports/financialplansummary.pdf,pdf,no public link pickups found in checked sources,0.0,0,0,0,0,"bluesky,hackernews,newsrss,reddit",,0.0,0,0,0,0,"bluesky,hackernews,newsrss,reddit",,0.0,0,0,0,0,"bluesky,hackernews,newsrss,reddit",
30d,0.0,0.0,NYC Independent Budget Office,report,,Legal and Practical Implications of the City Council Formulating and Adopting the City Budget for 1999;,,https://www.ibo.nyc.ny.us/iboreports/budg99imps.html,,html,no public link pickups found in checked sources,0.0,0,0,0,0,"bluesky,hackernews,newsrss,reddit",,0.0,0,0,0,0,"bluesky,hackernews,newsrss,reddit",,0.0,0,0,0,0,"bluesky,hackernews,newsrss,reddit",
30d,0.0,0.0,NYC Independent Budget Office,report,,How Does New York City’s Recovery From Covid-Related Job Losses Compare With The National Recovery?,,https://ibo.nyc.ny.us/cgi-park2/2021/10/how-does-new-york-citys-recovery-from-covid-related-job-losses-compare-with-the-national-recovery,,html,no public link pickups found in checked sources,0.0,0,0,0,0,"bluesky,hackernews,newsrss,reddit",,0.0,0,0,0,0,"bluesky,hackernews,newsrss,reddit",,0.0,0,0,0,0,"bluesky,hackernews,newsrss,reddit",
30d,0.0,0.0,NYC Independent Budget Office,report,,Outlook for the City’s Economy: A Slow and Fragile Recovery,,https://ibo.nyc.ny.us/iboreports/outlook-for-the-citys-cconomy-a-slow-and-fragile-recovery-march-2021.pdf,https://ibo.nyc.ny.us/iboreports/outlook-for-the-citys-cconomy-a-slow-and-fragile-recovery-march-2021.pdf,pdf,no public link pickups found in checked sources,0.0,0,0,0,0,"bluesky,hackernews,newsrss,reddit",,0.0,0,0,0,0,"bluesky,hackernews,newsrss,reddit",,0.0,0,0,0,0,"bluesky,hackernews,newsrss,reddit",
30d,0.0,0.0,NYC Independent Budget Office,report,,FEMA Increase to Covid Reimbursement Means Over $1 Billion More for the City,,https://ibo.nyc.ny.us/iboreports/FEMA-increase-to-covid-reimbursement-means-over-1-billion-more-for-the-city-fopb-1-feb2021.pdf,https://ibo.nyc.ny.us/iboreports/FEMA-increase-to-covid-reimbursement-means-over-1-billion-more-for-the-city-fopb-1-feb2021.pdf,pdf,no public link pickups found in checked sources,0.0,0,0,0,0,"bluesky,hackernews,newsrss,reddit",,0.0,0,0,0,0,"bluesky,hackernews,newsrss,reddit",,0.0,0,0,0,0,"bluesky,hackernews,newsrss,reddit",
30d,0.0,0.0,NYC Independent Budget Office,report,,Reopening in a Pandemic: Estimating the Additional Costs for NYC Public Schools,,https://ibo.nyc.ny.us/iboreports/school-reopening-letter-september-2020.pdf,https://ibo.nyc.ny.us/iboreports/school-reopening-letter-september-2020.pdf,pdf,no public link pickups found in checked sources,0.0,0,0,0,0,"bluesky,hackernews,newsrss,reddit",,0.0,0,0,0,0,"bluesky,hackernews,newsrss,reddit",,0.0,0,0,0,0,"bluesky,hackernews,newsrss,reddit",
30d,0.0,0.0,NYC Independent Budget Office,report,,Salaries for Local Government Employees: How Does NYC Measure Up?,,https://ibo.nyc.ny.us/cgi-park2?p=295,,html,no public link pickups found in checked sources,0.0,0,0,0,0,"bluesky,hackernews,newsrss,reddit",,0.0,0,0,0,0,"bluesky,hackernews,newsrss,reddit",,0.0,0,0,0,0,"bluesky,hackernews,newsrss,reddit",
30d,0.0,0.0,NYC Independent Budget Office,report,,How Much Has Hurricane Sandy Cost The City in Overtime Spending?,,https://ibo.nyc.ny.us/cgi-park2?p=266,,html,no public link pickups found in checked sources,0.0,0,0,0,0,"bluesky,hackernews,newsrss,reddit",,0.0,0,0,0,0,"bluesky,hackernews,newsrss,reddit",,0.0,0,0,0,0,"bluesky,hackernews,newsrss,reddit",
30d,0.0,0.0,NYC Independent Budget Office,report,,Cutting the City’s Billion Dollar Spending on Overtime May be Easier Said than Done,,https://ibo.nyc.ny.us/cgi-park?p=534,,html,no public link pickups found in checked sources,0.0,0,0,0,0,"bluesky,hackernews,newsrss,reddit",,0.0,0,0,0,0,"bluesky,hackernews,newsrss,reddit",,0.0,0,0,0,0,"bluesky,hackernews,newsrss,reddit",
30d,0.0,0.0,NYC Independent Budget Office,report,,"Few Layoffs in 2013 City Budget, But Municipal Workforce Would Continue to Shrink",,https://ibo.nyc.ny.us/cgi-park?p=485,,html,no public link pickups found in checked sources,0.0,0,0,0,0,"bluesky,hackernews,newsrss,reddit",,0.0,0,0,0,0,"bluesky,hackernews,newsrss,reddit",,0.0,0,0,0,0,"bluesky,hackernews,newsrss,reddit",
30d,0.0,0.0,NYC Independent Budget Office,report,,"Living Wage, Again",,https://ibo.nyc.ny.us/cgi-park?p=403,,html,no public link pickups found in checked sources,0.0,0,0,0,0,"bluesky,hackernews,newsrss,reddit",,0.0,0,0,0,0,"bluesky,hackernews,newsrss,reddit",,0.0,0,0,0,0,"bluesky,hackernews,newsrss,reddit",
30d,0.0,0.0,NYC Independent Budget Office,report,,Sick Days and the City,,https://ibo.nyc.ny.us/cgi-park?p=237,,html,no public link pickups found in checked sources,0.0,0,0,0,0,"bluesky,hackernews,newsrss,reddit",,0.0,0,0,0,0,"bluesky,hackernews,newsrss,reddit",,0.0,0,0,0,0,"bluesky,hackernews,newsrss,reddit",
30d,0.0,0.0,NYC Independent Budget Office,report,,Total Spending on CityTime Project,,https://www.ibo.nyc.ny.us/iboreports/citytimeletter091010.pdf,https://www.ibo.nyc.ny.us/iboreports/citytimeletter091010.pdf,pdf,no public link pickups found in checked sources,0.0,0,0,0,0,"bluesky,hackernews,newsrss,reddit",,0.0,0,0,0,0,"bluesky,hackernews,newsrss,reddit",,0.0,0,0,0,0,"bluesky,hackernews,newsrss,reddit",
30d,0.0,0.0,NYC Independent Budget Office,report,,Testimony to the New York City Council Committee on Finance on On the Prevailing Wage Bill (Intro 18),,https://www.ibo.nyc.ny.us/iboreports/prevailingwagetestimonyMay2010.pdf,https://www.ibo.nyc.ny.us/iboreports/prevailingwagetestimonyMay2010.pdf,pdf,no public link pickups found in checked sources,0.0,0,0,0,0,"bluesky,hackernews,newsrss,reddit",,0.0,0,0,0,0,"bluesky,hackernews,newsrss,reddit",,0.0,0,0,0,0,"bluesky,hackernews,newsrss,reddit",
30d,0.0,0.0,NYC Independent Budget Office,report,,"When It Comes to Making Labor Contracts Readily Accessible, Albany’s Got Us Beat",,https://ibo.nyc.ny.us/cgi-park?p=83,,html,no public link pickups found in checked sources,0.0,0,0,0,0,"bluesky,hackernews,newsrss,reddit",,0.0,0,0,0,0,"bluesky,hackernews,newsrss,reddit",,0.0,0,0,0,0,"bluesky,hackernews,newsrss,reddit",
30d,0.0,0.0,NYC Independent Budget Office,report,,Two Paramedics on an Ambulance—Only in New York,,https://ibo.nyc.ny.us/cgi-park?p=77,,html,no public link pickups found in checked sources,0.0,0,0,0,0,"bluesky,hackernews,newsrss,reddit",,0.0,0,0,0,0,"bluesky,hackernews,newsrss,reddit",,0.0,0,0,0,0,"bluesky,hackernews,newsrss,reddit",
30d,0.0,0.0,NYC Independent Budget Office,report,,How Much Did He Say in Pension Savings?,,https://ibo.nyc.ny.us/cgi-park?p=39,,html,no public link pickups found in checked sources,0.0,0,0,0,0,"bluesky,hackernews,newsrss,reddit",,0.0,0,0,0,0,"bluesky,hackernews,newsrss,reddit",,0.0,0,0,0,0,"bluesky,hackernews,newsrss,reddit",
30d,0.0,0.0,NYC Independent Budget Office,report,,"Big City, Big Staff—But Maybe Not as Big as It Seems",,https://ibo.nyc.ny.us/cgi-park?p=16,,html,no public link pickups found in checked sources,0.0,0,0,0,0,"bluesky,hackernews,newsrss,reddit",,0.0,0,0,0,0,"bluesky,hackernews,newsrss,reddit",,0.0,0,0,0,0,"bluesky,hackernews,newsrss,reddit",
30d,0.0,0.0,NYC Independent Budget Office,report,,"Testimony to the New York City Council Small Business Committee On Intro. 256-2010, a Local Law to Amend the City Charter Regarding EDC’s Annual Reporting Requirements",,https://www.ibo.nyc.ny.us/iboreports/intro256testinov2010.pdf,https://www.ibo.nyc.ny.us/iboreports/intro256testinov2010.pdf,pdf,no public link pickups found in checked sources,0.0,0,0,0,0,"bluesky,hackernews,newsrss,reddit",,0.0,0,0,0,0,"bluesky,hackernews,newsrss,reddit",,0.0,0,0,0,0,"bluesky,hackernews,newsrss,reddit",
30d,0.0,0.0,NYC Independent Budget Office,report,,How the MMR Went MIA,,https://ibo.nyc.ny.us/cgi-park?p=249,,html,no public link pickups found in checked sources,0.0,0,0,0,0,"bluesky,hackernews,newsrss,reddit",,0.0,0,0,0,0,"bluesky,hackernews,newsrss,reddit",,0.0,0,0,0,0,"bluesky,hackernews,newsrss,reddit",
30d,0.0,0.0,NYC Independent Budget Office,report,,Full Disclosure? Assessing City Reporting on Business Retention Deals,,https://www.ibo.nyc.ny.us/iboreports/locallaw69.pdf,https://www.ibo.nyc.ny.us/iboreports/locallaw69.pdf,pdf,no public link pickups found in checked sources,0.0,0,0,0,0,"bluesky,hackernews,newsrss,reddit",,0.0,0,0,0,0,"bluesky,hackernews,newsrss,reddit",,0.0,0,0,0,0,"bluesky,hackernews,newsrss,reddit",
30d,0.0,0.0,NYC Independent Budget Office,report,,The Aftermath: Federal Aid 10 Years After the World Trade Center Attack,,https://www.ibo.nyc.ny.us/iboreports/wtc2011.pdf,https://www.ibo.nyc.ny.us/iboreports/wtc2011.pdf,pdf,no public link pickups found in checked sources,0.0,0,0,0,0,"bluesky,hackernews,newsrss,reddit",,0.0,0,0,0,0,"bluesky,hackernews,newsrss,reddit",,0.0,0,0,0,0,"bluesky,hackernews,newsrss,reddit",
30d,0.0,0.0,NYC Independent Budget Office,report,,Plans for Using Special Federal Community Development Funds Allocated to the City After September 11,,https://www.ibo.nyc.ny.us/iboreports/CDBGletter.pdf,https://www.ibo.nyc.ny.us/iboreports/CDBGletter.pdf,pdf,no public link pickups found in checked sources,0.0,0,0,0,0,"bluesky,hackernews,newsrss,reddit",,0.0,0,0,0,0,"bluesky,hackernews,newsrss,reddit",,0.0,0,0,0,0,"bluesky,hackernews,newsrss,reddit",
30d,0.0,0.0,NYC Independent Budget Office,report,,Effect of the Federal Stimulus Act on the City's Tax Revenues,,https://www.ibo.nyc.ny.us/iboreports/stimlet.pdf,https://www.ibo.nyc.ny.us/iboreports/stimlet.pdf,pdf,no public link pickups found in checked sources,0.0,0,0,0,0,"bluesky,hackernews,newsrss,reddit",,0.0,0,0,0,0,"bluesky,hackernews,newsrss,reddit",,0.0,0,0,0,0,"bluesky,hackernews,newsrss,reddit",
30d,0.0,0.0,NYC Independent Budget Office,report,,Technical Notes,,https://www.ibo.nyc.ny.us/iboreports/Stimacttechnotes.pdf,https://www.ibo.nyc.ny.us/iboreports/Stimacttechnotes.pdf,pdf,no public link pickups found in checked sources,0.0,0,0,0,0,"bluesky,hackernews,newsrss,reddit",,0.0,0,0,0,0,"bluesky,hackernews,newsrss,reddit",,0.0,0,0,0,0,"bluesky,hackernews,newsrss,reddit",
30d,0.0,0.0,NYC Independent Budget Office,report,,Drilling For Natural Gas in the Catskills Could Lead to Higher Water Bills in the City,,https://www.ibo.nyc.ny.us/iboreports/catskills1209.pdf,https://www.ibo.nyc.ny.us/iboreports/catskills1209.pdf,pdf,no public link pickups found in checked sources,0.0,0,0,0,0,"bluesky,hackernews,newsrss,reddit",,0.0,0,0,0,0,"bluesky,hackernews,newsrss,reddit",,0.0,0,0,0,0,"bluesky,hackernews,newsrss,reddit",
30d,0.0,0.0,NYC Independent Budget Office,report,,"City’s Capital Plan Grows: More Projects, Some More Spending",,https://ibo.nyc.ny.us/cgi-park?p=106,,html,no public link pickups found in checked sources,0.0,0,0,0,0,"bluesky,hackernews,newsrss,reddit",,0.0,0,0,0,0,"bluesky,hackernews,newsrss,reddit",,0.0,0,0,0,0,"bluesky,hackernews,newsrss,reddit",
30d,0.0,0.0,NYC Independent Budget Office,report,,CUNY Construction Funding Has Been on the Rise: Can it Continue?,,https://www.ibo.nyc.ny.us/iboreports/cunycapital22509.pdf,https://www.ibo.nyc.ny.us/iboreports/cunycapital22509.pdf,pdf,no public link pickups found in checked sources,0.0,0,0,0,0,"bluesky,hackernews,newsrss,reddit",,0.0,0,0,0,0,"bluesky,hackernews,newsrss,reddit",,0.0,0,0,0,0,"bluesky,hackernews,newsrss,reddit",
30d,0.0,0.0,NYC Independent Budget Office,report,,Capital Spending by Community Board and Project Type,,https://www.ibo.nyc.ny.us/iboreports/CBcapital.pdf,https://www.ibo.nyc.ny.us/iboreports/CBcapital.pdf,pdf,no public link pickups found in checked sources,0.0,0,0,0,0,"bluesky,hackernews,newsrss,reddit",,0.0,0,0,0,0,"bluesky,hackernews,newsrss,reddit",,0.0,0,0,0,0,"bluesky,hackernews,newsrss,reddit",
30d,0.0,0.0,NYC Independent Budget Office,report,,Croton Filtration Plant Budget Summary,,https://www.ibo.nyc.ny.us/iboreports/crotonfiltrationsummary907.pdf,https://www.ibo.nyc.ny.us/iboreports/crotonfiltrationsummary907.pdf,pdf,no public link pickups found in checked sources,0.0,0,0,0,0,"bluesky,hackernews,newsrss,reddit",,0.0,0,0,0,0,"bluesky,hackernews,newsrss,reddit",,0.0,0,0,0,0,"bluesky,hackernews,newsrss,reddit",
30d,0.0,0.0,NYC Independent Budget Office,report,,Does City Capital Spending Match the 10-Year Strategy?,,https://www.ibo.nyc.ny.us/iboreports/10YearCapPlan.pdf,https://www.ibo.nyc.ny.us/iboreports/10YearCapPlan.pdf,pdf,no public link pickups found in checked sources,0.0,0,0,0,0,"bluesky,hackernews,newsrss,reddit",,0.0,0,0,0,0,"bluesky,hackernews,newsrss,reddit",,0.0,0,0,0,0,"bluesky,hackernews,newsrss,reddit",
30d,0.0,0.0,NYC Independent Budget Office,report,,Financing Plans for the New Yankee Stadium,,https://www.ibo.nyc.ny.us/iboreports/Yankstadiumtestimony.pdf,https://www.ibo.nyc.ny.us/iboreports/Yankstadiumtestimony.pdf,pdf,no public link pickups found in checked sources,0.0,0,0,0,0,"bluesky,hackernews,newsrss,reddit",,0.0,0,0,0,0,"bluesky,hackernews,newsrss,reddit",,0.0,0,0,0,0,"bluesky,hackernews,newsrss,reddit",
30d,0.0,0.0,NYC Independent Budget Office,report,,How Much Is Too Much? Debt Affordability Measures for the City,,https://www.ibo.nyc.ny.us/iboreports/Debtaffordability_fbapr2006.pdf,https://www.ibo.nyc.ny.us/iboreports/Debtaffordability_fbapr2006.pdf,pdf,no public link pickups found in checked sources,0.0,0,0,0,0,"bluesky,hackernews,newsrss,reddit",,0.0,0,0,0,0,"bluesky,hackernews,newsrss,reddit",,0.0,0,0,0,0,"bluesky,hackernews,newsrss,reddit",
30d,0.0,0.0,NYC Independent Budget Office,report,,HPD's Capital Budget,,https://www.ibo.nyc.ny.us/iboreports/hpdcapitalbudget.pdf,https://www.ibo.nyc.ny.us/iboreports/hpdcapitalbudget.pdf,pdf,no public link pickups found in checked sources,0.0,0,0,0,0,"bluesky,hackernews,newsrss,reddit",,0.0,0,0,0,0,"bluesky,hackernews,newsrss,reddit",,0.0,0,0,0,0,"bluesky,hackernews,newsrss,reddit",
30d,0.0,0.0,NYC Independent Budget Office,report,,HPD's Capital Budget for In-Rem Privatization,,https://www.ibo.nyc.ny.us/iboreports/hpdcapitalbudgetinrem.pdf,https://www.ibo.nyc.ny.us/iboreports/hpdcapitalbudgetinrem.pdf,pdf,no public link pickups found in checked sources,0.0,0,0,0,0,"bluesky,hackernews,newsrss,reddit",,0.0,0,0,0,0,"bluesky,hackernews,newsrss,reddit",,0.0,0,0,0,0,"bluesky,hackernews,newsrss,reddit",
30d,0.0,0.0,NYC Independent Budget Office,report,,Atlantic Yards: A Net Fiscal Benefit for the City?,,https://www.ibo.nyc.ny.us/iboreports/atlyards_fbsept2005.pdf,https://www.ibo.nyc.ny.us/iboreports/atlyards_fbsept2005.pdf,pdf,no public link pickups found in checked sources,0.0,0,0,0,0,"bluesky,hackernews,newsrss,reddit",,0.0,0,0,0,0,"bluesky,hackernews,newsrss,reddit",,0.0,0,0,0,0,"bluesky,hackernews,newsrss,reddit",
30d,0.0,0.0,NYC Independent Budget Office,report,,"West Side Financing's Complex, $1.3 Billion Story",,https://www.ibo.nyc.ny.us/iboreports/WestsidefinanceFB.pdf,https://www.ibo.nyc.ny.us/iboreports/WestsidefinanceFB.pdf,pdf,no public link pickups found in checked sources,0.0,0,0,0,0,"bluesky,hackernews,newsrss,reddit",,0.0,0,0,0,0,"bluesky,hackernews,newsrss,reddit",,0.0,0,0,0,0,"bluesky,hackernews,newsrss,reddit",
30d,0.0,0.0,NYC Independent Budget Office,report,,The Transportation Infrastructure Bond Act of 2000,,https://www.ibo.nyc.ny.us/iboreports/October2000.pdf,https://www.ibo.nyc.ny.us/iboreports/October2000.pdf,pdf,no public link pickups found in checked sources,0.0,0,0,0,0,"bluesky,hackernews,newsrss,reddit",,0.0,0,0,0,0,"bluesky,hackernews,newsrss,reddit",,0.0,0,0,0,0,"bluesky,hackernews,newsrss,reddit",
30d,0.0,0.0,NYC Independent Budget Office,report,,Which Industry Sectors Have the Most Small Businesses and How Much Do Their Employees Earn?,,https://ibo.nyc.ny.us/cgi-park2/2020/09/which-industry-sectors-have-the-most-small-businesses-and-how-much-do-their-employees-earn,,html,no public link pickups found in checked sources,0.0,0,0,0,0,"bluesky,hackernews,newsrss,reddit",,0.0,0,0,0,0,"bluesky,hackernews,newsrss,reddit",,0.0,0,0,0,0,"bluesky,hackernews,newsrss,reddit",
30d,0.0,0.0,NYC Independent Budget Office,report,,"Seas Rise, Storms Surge, and NYC Presses Ahead with Waterfront Development Projects",,https://ibo.nyc.ny.us/cgi-park?p=575,,html,no public link pickups found in checked sources,0.0,0,0,0,0,"bluesky,hackernews,newsrss,reddit",,0.0,0,0,0,0,"bluesky,hackernews,newsrss,reddit",,0.0,0,0,0,0,"bluesky,hackernews,newsrss,reddit",
30d,0.0,0.0,NYC Independent Budget Office,report,,Sandy’s Aftermath: How Much Federal Aid Can the City Expect?,,https://ibo.nyc.ny.us/cgi-park?p=567,,html,no public link pickups found in checked sources,0.0,0,0,0,0,"bluesky,hackernews,newsrss,reddit",,0.0,0,0,0,0,"bluesky,hackernews,newsrss,reddit",,0.0,0,0,0,0,"bluesky,hackernews,newsrss,reddit",
30d,0.0,0.0,NYC Independent Budget Office,report,,Testimony to the New York City Council on The Fair Wages for New Yorkers Act,,https://ibo.nyc.ny.us/iboreports/livingwagetestNov2011.pdf,https://ibo.nyc.ny.us/iboreports/livingwagetestNov2011.pdf,pdf,no public link pickups found in checked sources,0.0,0,0,0,0,"bluesky,hackernews,newsrss,reddit",,0.0,0,0,0,0,"bluesky,hackernews,newsrss,reddit",,0.0,0,0,0,0,"bluesky,hackernews,newsrss,reddit",
30d,0.0,0.0,NYC Independent Budget Office,report,,"Who, What, Where, When?: Tracking the City’s Discretionary Economic Development Deals",,https://www.ibo.nyc.ny.us/iboreports/locallaw48110111.pdf,https://www.ibo.nyc.ny.us/iboreports/locallaw48110111.pdf,pdf,no public link pickups found in checked sources,0.0,0,0,0,0,"bluesky,hackernews,newsrss,reddit",,0.0,0,0,0,0,"bluesky,hackernews,newsrss,reddit",,0.0,0,0,0,0,"bluesky,hackernews,newsrss,reddit",
30d,0.0,0.0,NYC Independent Budget Office,report,,"Testimony to the New York City Council Committee on Contracts on Intro 251-A, Fair Wages for New Yorkers Act",,https://www.ibo.nyc.ny.us/iboreports/livingwagetestmay2011.pdf,https://www.ibo.nyc.ny.us/iboreports/livingwagetestmay2011.pdf,pdf,no public link pickups found in checked sources,0.0,0,0,0,0,"bluesky,hackernews,newsrss,reddit",,0.0,0,0,0,0,"bluesky,hackernews,newsrss,reddit",,0.0,0,0,0,0,"bluesky,hackernews,newsrss,reddit",
30d,0.0,0.0,NYC Independent Budget Office,report,,Stabilizing Revenue Collection During the Downturn: How Assessment Phase Ins and Caps Affect the City’s Property Tax,,https://www.ibo.nyc.ny.us/iboreports/taxstability2102011.pdf,https://www.ibo.nyc.ny.us/iboreports/taxstability2102011.pdf,pdf,no public link pickups found in checked sources,0.0,0,0,0,0,"bluesky,hackernews,newsrss,reddit",,0.0,0,0,0,0,"bluesky,hackernews,newsrss,reddit",,0.0,0,0,0,0,"bluesky,hackernews,newsrss,reddit",
30d,0.0,0.0,NYC Independent Budget Office,report,,"Sidewalk Standoff: Street Vendor Regulations Are Costly, Confusing, and Leave Many Disgruntled",,https://www.ibo.nyc.ny.us/iboreports/peddlingnovember2010.pdf,https://www.ibo.nyc.ny.us/iboreports/peddlingnovember2010.pdf,pdf,no public link pickups found in checked sources,0.0,0,0,0,0,"bluesky,hackernews,newsrss,reddit",,0.0,0,0,0,0,"bluesky,hackernews,newsrss,reddit",,0.0,0,0,0,0,"bluesky,hackernews,newsrss,reddit",
30d,0.0,0.0,NYC Independent Budget Office,report,,Testimony to the New York City Council Community Development Committee On the Effect of the Recession on the City’s Communities,,https://www.ibo.nyc.ny.us/iboreports/communitydevlpttestoct2010.pdf,https://www.ibo.nyc.ny.us/iboreports/communitydevlpttestoct2010.pdf,pdf,no public link pickups found in checked sources,0.0,0,0,0,0,"bluesky,hackernews,newsrss,reddit",,0.0,0,0,0,0,"bluesky,hackernews,newsrss,reddit",,0.0,0,0,0,0,"bluesky,hackernews,newsrss,reddit",
30d,0.0,0.0,NYC Independent Budget Office,report,,"The Big, and Small, Stall in Construction Projects",,https://ibo.nyc.ny.us/cgi-park?p=94,,html,no public link pickups found in checked sources,0.0,0,0,0,0,"bluesky,hackernews,newsrss,reddit",,0.0,0,0,0,0,"bluesky,hackernews,newsrss,reddit",,0.0,0,0,0,0,"bluesky,hackernews,newsrss,reddit",
30d,0.0,0.0,NYC Independent Budget Office,report,,The Proposed Arena at Atlantic Yards: An Analysis of City Fiscal Gains and Losses,,https://www.ibo.nyc.ny.us/iboreports/AtlanticYards091009.pdf,https://www.ibo.nyc.ny.us/iboreports/AtlanticYards091009.pdf,pdf,no public link pickups found in checked sources,0.0,0,0,0,0,"bluesky,hackernews,newsrss,reddit",,0.0,0,0,0,0,"bluesky,hackernews,newsrss,reddit",,0.0,0,0,0,0,"bluesky,hackernews,newsrss,reddit",
30d,0.0,0.0,NYC Independent Budget Office,report,,Quiet on the Set?,,https://ibo.nyc.ny.us/cgi-park?p=90,,html,no public link pickups found in checked sources,0.0,0,0,0,0,"bluesky,hackernews,newsrss,reddit",,0.0,0,0,0,0,"bluesky,hackernews,newsrss,reddit",,0.0,0,0,0,0,"bluesky,hackernews,newsrss,reddit",
30d,0.0,0.0,NYC Independent Budget Office,report,,"Testimony to the New York State Senate Standing Committee Corporations, Authorities and Commissions, on the Atlantic Yards Project",,https://www.ibo.nyc.ny.us/iboreports/52909AtlanticYardsTestimony.pdf,https://www.ibo.nyc.ny.us/iboreports/52909AtlanticYardsTestimony.pdf,pdf,no public link pickups found in checked sources,0.0,0,0,0,0,"bluesky,hackernews,newsrss,reddit",,0.0,0,0,0,0,"bluesky,hackernews,newsrss,reddit",,0.0,0,0,0,0,"bluesky,hackernews,newsrss,reddit",
30d,0.0,0.0,NYC Independent Budget Office,report,,Costs and Savings from Subsidies and Exemptions for New Yankees and Mets Stadiums,,https://www.ibo.nyc.ny.us/iboreports/yankeesmets011409.pdf,https://www.ibo.nyc.ny.us/iboreports/yankeesmets011409.pdf,pdf,no public link pickups found in checked sources,0.0,0,0,0,0,"bluesky,hackernews,newsrss,reddit",,0.0,0,0,0,0,"bluesky,hackernews,newsrss,reddit",,0.0,0,0,0,0,"bluesky,hackernews,newsrss,reddit",
30d,0.0,0.0,NYC Independent Budget Office,report,,Swinging at the Wrong Pitch,,https://ibo.nyc.ny.us/cgi-park?p=20,,html,no public link pickups found in checked sources,0.0,0,0,0,0,"bluesky,hackernews,newsrss,reddit",,0.0,0,0,0,0,"bluesky,hackernews,newsrss,reddit",,0.0,0,0,0,0,"bluesky,hackernews,newsrss,reddit",
30d,0.0,0.0,NYC Independent Budget Office,report,,Twenty-Five Years After S7000A: How Property Tax Burdens Have Shifted in New York City,,https://www.ibo.nyc.ny.us/iboreports/propertytax120506.pdf,https://www.ibo.nyc.ny.us/iboreports/propertytax120506.pdf,pdf,no public link pickups found in checked sources,0.0,0,0,0,0,"bluesky,hackernews,newsrss,reddit",,0.0,0,0,0,0,"bluesky,hackernews,newsrss,reddit",,0.0,0,0,0,0,"bluesky,hackernews,newsrss,reddit",
30d,0.0,0.0,NYC Independent Budget Office,report,,Testimony to the Committee on Economic Development on Intro. 373-A,,https://www.ibo.nyc.ny.us/iboreports/intro373accmay05.pdf,https://www.ibo.nyc.ny.us/iboreports/intro373accmay05.pdf,pdf,no public link pickups found in checked sources,0.0,0,0,0,0,"bluesky,hackernews,newsrss,reddit",,0.0,0,0,0,0,"bluesky,hackernews,newsrss,reddit",,0.0,0,0,0,0,"bluesky,hackernews,newsrss,reddit",
30d,0.0,0.0,NYC Independent Budget Office,report,,Letter to the New York Jets Objecting to the Team's Newest TV Ad,,https://www.ibo.nyc.ny.us/iboreports/Jetsletter.pdf,https://www.ibo.nyc.ny.us/iboreports/Jetsletter.pdf,pdf,no public link pickups found in checked sources,0.0,0,0,0,0,"bluesky,hackernews,newsrss,reddit",,0.0,0,0,0,0,"bluesky,hackernews,newsrss,reddit",,0.0,0,0,0,0,"bluesky,hackernews,newsrss,reddit",
30d,0.0,0.0,NYC Independent Budget Office,report,,Supply & Demand: City and State May Be Planning Too Much Office Space,,https://www.ibo.nyc.ny.us/iboreports/officespacebp.pdf,https://www.ibo.nyc.ny.us/iboreports/officespacebp.pdf,pdf,no public link pickups found in checked sources,0.0,0,0,0,0,"bluesky,hackernews,newsrss,reddit",,0.0,0,0,0,0,"bluesky,hackernews,newsrss,reddit",,0.0,0,0,0,0,"bluesky,hackernews,newsrss,reddit",
30d,0.0,0.0,NYC Independent Budget Office,report,,Double Play: The Economics and Financing of Stadiums for the Yankees and Mets,,https://www.ibo.nyc.ny.us/iboreports/doubleplay.html,,html,no public link pickups found in checked sources,0.0,0,0,0,0,"bluesky,hackernews,newsrss,reddit",,0.0,0,0,0,0,"bluesky,hackernews,newsrss,reddit",,0.0,0,0,0,0,"bluesky,hackernews,newsrss,reddit",
30d,0.0,0.0,NYC Independent Budget Office,report,,New York City's Use of Community Development Block Grant Funds,,https://www.ibo.nyc.ny.us/iboreports/budgfax.html,,html,no public link pickups found in checked sources,0.0,0,0,0,0,"bluesky,hackernews,newsrss,reddit",,0.0,0,0,0,0,"bluesky,hackernews,newsrss,reddit",,0.0,0,0,0,0,"bluesky,hackernews,newsrss,reddit",
30d,0.0,0.0,NYC Independent Budget Office,report,,"Funding Added for LeadFreeNYC, More to Come?",,https://ibo.nyc.ny.us/iboreports/funding-added-for-leadfreenyc-more-to-come-fopb-march-2019.pdf,https://ibo.nyc.ny.us/iboreports/funding-added-for-leadfreenyc-more-to-come-fopb-march-2019.pdf,pdf,no public link pickups found in checked sources,0.0,0,0,0,0,"bluesky,hackernews,newsrss,reddit",,0.0,0,0,0,0,"bluesky,hackernews,newsrss,reddit",,0.0,0,0,0,0,"bluesky,hackernews,newsrss,reddit",
30d,0.0,0.0,NYC Independent Budget Office,report,,Proposed Council Bill Focuses on Mold & Pests in Housin,,https://www.ibo.nyc.ny.us/iboreports/indoor-allergens-letter-2016.pdf,https://www.ibo.nyc.ny.us/iboreports/indoor-allergens-letter-2016.pdf,pdf,no public link pickups found in checked sources,0.0,0,0,0,0,"bluesky,hackernews,newsrss,reddit",,0.0,0,0,0,0,"bluesky,hackernews,newsrss,reddit",,0.0,0,0,0,0,"bluesky,hackernews,newsrss,reddit",
30d,0.0,0.0,NYC Independent Budget Office,report,,Federal Plan for Cleanup of the Gowanus Canal May Mean Growing Costs for the City,,https://ibo.nyc.ny.us/cgi-park?p=612,,html,no public link pickups found in checked sources,0.0,0,0,0,0,"bluesky,hackernews,newsrss,reddit",,0.0,0,0,0,0,"bluesky,hackernews,newsrss,reddit",,0.0,0,0,0,0,"bluesky,hackernews,newsrss,reddit",
30d,0.0,0.0,NYC Independent Budget Office,report,,How Much Waste Does the Average New Yorker Produce Each Day?,,https://ibo.nyc.ny.us/cgi-park2?p=222,,html,no public link pickups found in checked sources,0.0,0,0,0,0,"bluesky,hackernews,newsrss,reddit",,0.0,0,0,0,0,"bluesky,hackernews,newsrss,reddit",,0.0,0,0,0,0,"bluesky,hackernews,newsrss,reddit",
30d,0.0,0.0,NYC Independent Budget Office,report,,"Two Decades Later, City’s Water Metering Still Not Universal",,https://ibo.nyc.ny.us/cgi-park?p=99,,html,no public link pickups found in checked sources,0.0,0,0,0,0,"bluesky,hackernews,newsrss,reddit",,0.0,0,0,0,0,"bluesky,hackernews,newsrss,reddit",,0.0,0,0,0,0,"bluesky,hackernews,newsrss,reddit",
30d,0.0,0.0,NYC Independent Budget Office,report,,Increasing Costs of the Croton Filtration Plant at Mosholu,,https://www.ibo.nyc.ny.us/iboreports/croton2008.pdf,https://www.ibo.nyc.ny.us/iboreports/croton2008.pdf,pdf,no public link pickups found in checked sources,0.0,0,0,0,0,"bluesky,hackernews,newsrss,reddit",,0.0,0,0,0,0,"bluesky,hackernews,newsrss,reddit",,0.0,0,0,0,0,"bluesky,hackernews,newsrss,reddit",
30d,0.0,0.0,NYC Independent Budget Office,report,,An Overview: The Waste Stream Managed by the NYC Department of Sanitation,,https://www.ibo.nyc.ny.us/iboreports/nycwastemanagement.pdf,https://www.ibo.nyc.ny.us/iboreports/nycwastemanagement.pdf,pdf,no public link pickups found in checked sources,0.0,0,0,0,0,"bluesky,hackernews,newsrss,reddit",,0.0,0,0,0,0,"bluesky,hackernews,newsrss,reddit",,0.0,0,0,0,0,"bluesky,hackernews,newsrss,reddit",
30d,0.0,0.0,NYC Independent Budget Office,report,,Which Sections of the City Generate the Most & Least Complaints to Graffiti-Free NYC?,,https://ibo.nyc.ny.us/cgi-park2/2016/09/which-sections-of-the-city-generate-the-most-least-complaints-to-graffiti-free-nyc,,html,no public link pickups found in checked sources,0.0,0,0,0,0,"bluesky,hackernews,newsrss,reddit",,0.0,0,0,0,0,"bluesky,hackernews,newsrss,reddit",,0.0,0,0,0,0,"bluesky,hackernews,newsrss,reddit",
30d,0.0,0.0,NYC Independent Budget Office,report,,How Many Rent-Regulated Units Are Rented at Preferential Rates and Where are They Located?,,https://ibo.nyc.ny.us/cgi-park2?p=1133,,html,no public link pickups found in checked sources,0.0,0,0,0,0,"bluesky,hackernews,newsrss,reddit",,0.0,0,0,0,0,"bluesky,hackernews,newsrss,reddit",,0.0,0,0,0,0,"bluesky,hackernews,newsrss,reddit",
30d,0.0,0.0,NYC Independent Budget Office,report,,New York City: Your Ad Here,,https://ibo.nyc.ny.us/cgi-park?p=528,,html,no public link pickups found in checked sources,0.0,0,0,0,0,"bluesky,hackernews,newsrss,reddit",,0.0,0,0,0,0,"bluesky,hackernews,newsrss,reddit",,0.0,0,0,0,0,"bluesky,hackernews,newsrss,reddit",
30d,0.0,0.0,NYC Independent Budget Office,report,,Water Conservation Program Could Cause A Flood of New Problems For the City's Housing Authority,,https://ibo.nyc.ny.us/cgi-park?p=514,,html,no public link pickups found in checked sources,0.0,0,0,0,0,"bluesky,hackernews,newsrss,reddit",,0.0,0,0,0,0,"bluesky,hackernews,newsrss,reddit",,0.0,0,0,0,0,"bluesky,hackernews,newsrss,reddit",
30d,0.0,0.0,NYC Independent Budget Office,report,,Memo: Background on 421-a Fund,,https://www.ibo.nyc.ny.us/iboreports/421afundemo.pdf,https://www.ibo.nyc.ny.us/iboreports/421afundemo.pdf,pdf,no public link pickups found in checked sources,0.0,0,0,0,0,"bluesky,hackernews,newsrss,reddit",,0.0,0,0,0,0,"bluesky,hackernews,newsrss,reddit",,0.0,0,0,0,0,"bluesky,hackernews,newsrss,reddit",
30d,0.0,0.0,NYC Independent Budget Office,report,,Alternative Enforcement: Program to Push Landlords to Make Repairs Has Mixed Results,,https://www.ibo.nyc.ny.us/iboreports/aepdec2010.pdf,https://www.ibo.nyc.ny.us/iboreports/aepdec2010.pdf,pdf,no public link pickups found in checked sources,0.0,0,0,0,0,"bluesky,hackernews,newsrss,reddit",,0.0,0,0,0,0,"bluesky,hackernews,newsrss,reddit",,0.0,0,0,0,0,"bluesky,hackernews,newsrss,reddit",
30d,0.0,0.0,NYC Independent Budget Office,report,,Trends in Construction Inspection Activity and Construction Inspector Staffing at the Department of Buildings,,https://www.ibo.nyc.ny.us/iboreports/100909inspectionletter.pdf,https://www.ibo.nyc.ny.us/iboreports/100909inspectionletter.pdf,pdf,no public link pickups found in checked sources,0.0,0,0,0,0,"bluesky,hackernews,newsrss,reddit",,0.0,0,0,0,0,"bluesky,hackernews,newsrss,reddit",,0.0,0,0,0,0,"bluesky,hackernews,newsrss,reddit",
30d,0.0,0.0,NYC Independent Budget Office,report,,Department of Buildings Expenses and Revenues for Fiscal Years 2004-2009,,https://www.ibo.nyc.ny.us/iboreports/111608Oddoletter.pdf,https://www.ibo.nyc.ny.us/iboreports/111608Oddoletter.pdf,pdf,no public link pickups found in checked sources,0.0,0,0,0,0,"bluesky,hackernews,newsrss,reddit",,0.0,0,0,0,0,"bluesky,hackernews,newsrss,reddit",,0.0,0,0,0,0,"bluesky,hackernews,newsrss,reddit",
30d,0.0,0.0,NYC Independent Budget Office,report,,The City's Changing Uses of HOME Funds,,https://www.ibo.nyc.ny.us/iboreports/HomeBP.pdf,https://www.ibo.nyc.ny.us/iboreports/HomeBP.pdf,pdf,no public link pickups found in checked sources,0.0,0,0,0,0,"bluesky,hackernews,newsrss,reddit",,0.0,0,0,0,0,"bluesky,hackernews,newsrss,reddit",,0.0,0,0,0,0,"bluesky,hackernews,newsrss,reddit",
30d,0.0,0.0,NYC Independent Budget Office,report,,A Closer Look at the New Housing Opportunities Program,,https://www.ibo.nyc.ny.us/iboreports/NewHOPbp.pdf,https://www.ibo.nyc.ny.us/iboreports/NewHOPbp.pdf,pdf,no public link pickups found in checked sources,0.0,0,0,0,0,"bluesky,hackernews,newsrss,reddit",,0.0,0,0,0,0,"bluesky,hackernews,newsrss,reddit",,0.0,0,0,0,0,"bluesky,hackernews,newsrss,reddit",
30d,0.0,0.0,NYC Independent Budget Office,report,,Results of Review of IBO and Administration Analyses of the Fiscal Impact of Intro 101A (The Lead Paint Bill),,https://www.ibo.nyc.ny.us/iboreports/Intro101AReview.pdf,https://www.ibo.nyc.ny.us/iboreports/Intro101AReview.pdf,pdf,no public link pickups found in checked sources,0.0,0,0,0,0,"bluesky,hackernews,newsrss,reddit",,0.0,0,0,0,0,"bluesky,hackernews,newsrss,reddit",,0.0,0,0,0,0,"bluesky,hackernews,newsrss,reddit",
30d,0.0,0.0,NYC Independent Budget Office,report,,Expanding Homeownership Opportunities for Low- and Moderate-Income New Yorkers,,https://www.ibo.nyc.ny.us/iboreports/august2002bkgdpaper.pdf,https://www.ibo.nyc.ny.us/iboreports/august2002bkgdpaper.pdf,pdf,no public link pickups found in checked sources,0.0,0,0,0,0,"bluesky,hackernews,newsrss,reddit",,0.0,0,0,0,0,"bluesky,hackernews,newsrss,reddit",,0.0,0,0,0,0,"bluesky,hackernews,newsrss,reddit",
30d,0.0,0.0,NYC Independent Budget Office,report,,HPD Code Enforcement: Resources and Level of Effort,,https://www.ibo.nyc.ny.us/iboreports/hpd.pdf,https://www.ibo.nyc.ny.us/iboreports/hpd.pdf,pdf,no public link pickups found in checked sources,0.0,0,0,0,0,"bluesky,hackernews,newsrss,reddit",,0.0,0,0,0,0,"bluesky,hackernews,newsrss,reddit",,0.0,0,0,0,0,"bluesky,hackernews,newsrss,reddit",
30d,0.0,0.0,NYC Independent Budget Office,report,,Extending the Senior Citizen Rent Increase Exemption (SCRIE) to the Disabled (Fiscal Impact of Senate Bill 484),,https://www.ibo.nyc.ny.us/iboreports/rie.pdf,https://www.ibo.nyc.ny.us/iboreports/rie.pdf,pdf,no public link pickups found in checked sources,0.0,0,0,0,0,"bluesky,hackernews,newsrss,reddit",,0.0,0,0,0,0,"bluesky,hackernews,newsrss,reddit",,0.0,0,0,0,0,"bluesky,hackernews,newsrss,reddit",
30d,0.0,0.0,NYC Independent Budget Office,report,,"Double Fault: Will Mayor’s Plan to Hike City Rec Center, Tennis Court, & Ball Field Fees Undermine His Efforts to Promote Healthy Living?",,https://ibo.nyc.ny.us/cgi-park?p=261,,html,no public link pickups found in checked sources,0.0,0,0,0,0,"bluesky,hackernews,newsrss,reddit",,0.0,0,0,0,0,"bluesky,hackernews,newsrss,reddit",,0.0,0,0,0,0,"bluesky,hackernews,newsrss,reddit",
30d,0.0,0.0,NYC Independent Budget Office,report,,Mayor’s Schoolyards-to-Playgrounds Plan Takes a Hit,,https://ibo.nyc.ny.us/cgi-park?p=112,,html,no public link pickups found in checked sources,0.0,0,0,0,0,"bluesky,hackernews,newsrss,reddit",,0.0,0,0,0,0,"bluesky,hackernews,newsrss,reddit",,0.0,0,0,0,0,"bluesky,hackernews,newsrss,reddit",
30d,0.0,0.0,NYC Independent Budget Office,report,,"Fees at City Recreation Centers: More Pay, Fewer Play",,https://www.ibo.nyc.ny.us/iboreports/Parkfees_fb_march2006.pdf,https://www.ibo.nyc.ny.us/iboreports/Parkfees_fb_march2006.pdf,pdf,no public link pickups found in checked sources,0.0,0,0,0,0,"bluesky,hackernews,newsrss,reddit",,0.0,0,0,0,0,"bluesky,hackernews,newsrss,reddit",,0.0,0,0,0,0,"bluesky,hackernews,newsrss,reddit",
30d,0.0,0.0,NYC Independent Budget Office,report,,How Did Participation in Organics Collection Programs Vary Throughout the City?,,https://ibo.nyc.ny.us/cgi-park2/2021/04/how-did-participation-in-organics-collection-programs-vary-throughout-the-city,,html,no public link pickups found in checked sources,0.0,0,0,0,0,"bluesky,hackernews,newsrss,reddit",,0.0,0,0,0,0,"bluesky,hackernews,newsrss,reddit",,0.0,0,0,0,0,"bluesky,hackernews,newsrss,reddit",
30d,0.0,0.0,NYC Independent Budget Office,report,,How Many Christmas Trees Do New Yorkers Leave for Curbside Pick-up?,,https://ibo.nyc.ny.us/cgi-park2?p=276,,html,no public link pickups found in checked sources,0.0,0,0,0,0,"bluesky,hackernews,newsrss,reddit",,0.0,0,0,0,0,"bluesky,hackernews,newsrss,reddit",,0.0,0,0,0,0,"bluesky,hackernews,newsrss,reddit",
30d,0.0,0.0,NYC Independent Budget Office,report,,Whose Streets You Calling Dirty?,,https://ibo.nyc.ny.us/cgi-park?p=546,,html,no public link pickups found in checked sources,0.0,0,0,0,0,"bluesky,hackernews,newsrss,reddit",,0.0,0,0,0,0,"bluesky,hackernews,newsrss,reddit",,0.0,0,0,0,0,"bluesky,hackernews,newsrss,reddit",
30d,0.0,0.0,NYC Independent Budget Office,report,,Comparison of Waste Export Costs via the East 91 st Street Marine Transfer Station or the Interim Plan,,https://www.ibo.nyc.ny.us/iboreports/wtsletter52318.pdf,https://www.ibo.nyc.ny.us/iboreports/wtsletter52318.pdf,pdf,no public link pickups found in checked sources,0.0,0,0,0,0,"bluesky,hackernews,newsrss,reddit",,0.0,0,0,0,0,"bluesky,hackernews,newsrss,reddit",,0.0,0,0,0,0,"bluesky,hackernews,newsrss,reddit",
30d,0.0,0.0,NYC Independent Budget Office,report,,Looking for Savings: Has The Switch to Dual-Bin Trucks For Some Recycling Pickups Increased Productivity?,,https://www.ibo.nyc.ny.us/iboreports/dualbinjan2012.pdf,https://www.ibo.nyc.ny.us/iboreports/dualbinjan2012.pdf,pdf,no public link pickups found in checked sources,0.0,0,0,0,0,"bluesky,hackernews,newsrss,reddit",,0.0,0,0,0,0,"bluesky,hackernews,newsrss,reddit",,0.0,0,0,0,0,"bluesky,hackernews,newsrss,reddit",
30d,0.0,0.0,NYC Independent Budget Office,report,,City‘s Recycling Goal Just Rubbish?,,https://ibo.nyc.ny.us/cgi-park?p=49,,html,no public link pickups found in checked sources,0.0,0,0,0,0,"bluesky,hackernews,newsrss,reddit",,0.0,0,0,0,0,"bluesky,hackernews,newsrss,reddit",,0.0,0,0,0,0,"bluesky,hackernews,newsrss,reddit",
30d,0.0,0.0,NYC Independent Budget Office,report,,East 91st Street Marine Transfer Station,,https://www.ibo.nyc.ny.us/iboreports/E91stletter.pdf,https://www.ibo.nyc.ny.us/iboreports/E91stletter.pdf,pdf,no public link pickups found in checked sources,0.0,0,0,0,0,"bluesky,hackernews,newsrss,reddit",,0.0,0,0,0,0,"bluesky,hackernews,newsrss,reddit",,0.0,0,0,0,0,"bluesky,hackernews,newsrss,reddit",
30d,0.0,0.0,NYC Independent Budget Office,report,,Update: Detailed Summary of Individual Interim Export Contracts,,https://www.ibo.nyc.ny.us/iboreports/Exportcontractstable.pdf,https://www.ibo.nyc.ny.us/iboreports/Exportcontractstable.pdf,pdf,no public link pickups found in checked sources,0.0,0,0,0,0,"bluesky,hackernews,newsrss,reddit",,0.0,0,0,0,0,"bluesky,hackernews,newsrss,reddit",,0.0,0,0,0,0,"bluesky,hackernews,newsrss,reddit",
30d,0.0,0.0,NYC Independent Budget Office,report,,"Back On Track? Federal Aid for the MTA May Be Coming, But Fiscal Problems Remain",,https://ibo.nyc.ny.us/iboreports/back-on-track-federa-aid-for-the-mta-may-be-coming-but-fiscal-problems-remain-march-2010.pdf,https://ibo.nyc.ny.us/iboreports/back-on-track-federa-aid-for-the-mta-may-be-coming-but-fiscal-problems-remain-march-2010.pdf,pdf,no public link pickups found in checked sources,0.0,0,0,0,0,"bluesky,hackernews,newsrss,reddit",,0.0,0,0,0,0,"bluesky,hackernews,newsrss,reddit",,0.0,0,0,0,0,"bluesky,hackernews,newsrss,reddit",
30d,0.0,0.0,NYC Independent Budget Office,report,,"Good, Fair, or Poor:What’s the Condition of the City’s Streets?",,https://ibo.nyc.ny.us/cgi-park2/2017/01/good-fair-or-poor-whats-the-condition-of-the-citys-streets,,html,no public link pickups found in checked sources,0.0,0,0,0,0,"bluesky,hackernews,newsrss,reddit",,0.0,0,0,0,0,"bluesky,hackernews,newsrss,reddit",,0.0,0,0,0,0,"bluesky,hackernews,newsrss,reddit",
30d,0.0,0.0,NYC Independent Budget Office,report,,"Budget Buster: For MTA, Tax & Fee Revenues Not Always on Track",,https://www.ibo.nyc.ny.us/iboreports/mtareportaugust2011.pdf,https://www.ibo.nyc.ny.us/iboreports/mtareportaugust2011.pdf,pdf,no public link pickups found in checked sources,0.0,0,0,0,0,"bluesky,hackernews,newsrss,reddit",,0.0,0,0,0,0,"bluesky,hackernews,newsrss,reddit",,0.0,0,0,0,0,"bluesky,hackernews,newsrss,reddit",
30d,0.0,0.0,NYC Independent Budget Office,report,,"Despite Fare Hike and Service Cuts, MTA Budget May Soon Derail Again",,https://ibo.nyc.ny.us/cgi-park?p=45,,html,no public link pickups found in checked sources,0.0,0,0,0,0,"bluesky,hackernews,newsrss,reddit",,0.0,0,0,0,0,"bluesky,hackernews,newsrss,reddit",,0.0,0,0,0,0,"bluesky,hackernews,newsrss,reddit",
30d,0.0,0.0,NYC Independent Budget Office,report,,Estimates of Average Fares and Tolls Based on The MTA's November Proposals,,https://www.ibo.nyc.ny.us/iboreports/Straphanger123_125_08.pdf,https://www.ibo.nyc.ny.us/iboreports/Straphanger123_125_08.pdf,pdf,no public link pickups found in checked sources,0.0,0,0,0,0,"bluesky,hackernews,newsrss,reddit",,0.0,0,0,0,0,"bluesky,hackernews,newsrss,reddit",,0.0,0,0,0,0,"bluesky,hackernews,newsrss,reddit",
30d,0.0,0.0,NYC Independent Budget Office,report,,A Review of the Metropolitan Transportation Authority's Financial Outlook and Options for Closing the Gaps,,https://www.ibo.nyc.ny.us/iboreports/mtafiscalcoverltr.pdf,https://www.ibo.nyc.ny.us/iboreports/mtafiscalcoverltr.pdf,pdf,no public link pickups found in checked sources,0.0,0,0,0,0,"bluesky,hackernews,newsrss,reddit",,0.0,0,0,0,0,"bluesky,hackernews,newsrss,reddit",,0.0,0,0,0,0,"bluesky,hackernews,newsrss,reddit",
30d,0.0,0.0,NYC Independent Budget Office,report,,"Access-A-Ride: With More Riders, Costs Are Rising Sharply",,https://www.ibo.nyc.ny.us/iboreports/FBparatransit10306.pdf,https://www.ibo.nyc.ny.us/iboreports/FBparatransit10306.pdf,pdf,no public link pickups found in checked sources,0.0,0,0,0,0,"bluesky,hackernews,newsrss,reddit",,0.0,0,0,0,0,"bluesky,hackernews,newsrss,reddit",,0.0,0,0,0,0,"bluesky,hackernews,newsrss,reddit",
30d,0.0,0.0,NYC Independent Budget Office,report,,Running on Empty: The MTA's 2005 Budget and Financial Plan,,https://www.ibo.nyc.ny.us/iboreports/MTAfb.pdf,https://www.ibo.nyc.ny.us/iboreports/MTAfb.pdf,pdf,no public link pickups found in checked sources,0.0,0,0,0,0,"bluesky,hackernews,newsrss,reddit",,0.0,0,0,0,0,"bluesky,hackernews,newsrss,reddit",,0.0,0,0,0,0,"bluesky,hackernews,newsrss,reddit",
30d,0.0,0.0,NYC Independent Budget Office,report,,New York City Transit's Fiscal Condition,,https://www.ibo.nyc.ny.us/iboreports/testimony9899.html,,html,no public link pickups found in checked sources,0.0,0,0,0,0,"bluesky,hackernews,newsrss,reddit",,0.0,0,0,0,0,"bluesky,hackernews,newsrss,reddit",,0.0,0,0,0,0,"bluesky,hackernews,newsrss,reddit",
30d,0.0,0.0,NYC Independent Budget Office,report,,Testimony to the New York City Council Oversight Hearing on Immigrant Students in New York City Public Schools,,https://www.ibo.nyc.ny.us/iboreports/schools-new-arrivals-november-2023.pdf,https://www.ibo.nyc.ny.us/iboreports/schools-new-arrivals-november-2023.pdf,pdf,no public link pickups found in checked sources,0.0,0,0,0,0,"bluesky,hackernews,newsrss,reddit",,0.0,0,0,0,0,"bluesky,hackernews,newsrss,reddit",,0.0,0,0,0,0,"bluesky,hackernews,newsrss,reddit",
30d,0.0,0.0,NYC Independent Budget Office,report,,How Many Students Can Enter a Gifted & Talented Program in New York City?,,https://ibo.nyc.ny.us/cgi-park2?p=931,,html,no public link pickups found in checked sources,0.0,0,0,0,0,"bluesky,hackernews,newsrss,reddit",,0.0,0,0,0,0,"bluesky,hackernews,newsrss,reddit",,0.0,0,0,0,0,"bluesky,hackernews,newsrss,reddit",
30d,0.0,0.0,NYC Independent Budget Office,report,,A Growing Trend: Average Class Size Rises Despite Little Growth in School Enrollment,,https://www.ibo.nyc.ny.us/iboreports/classsizemay2011.pdf,https://www.ibo.nyc.ny.us/iboreports/classsizemay2011.pdf,pdf,no public link pickups found in checked sources,0.0,0,0,0,0,"bluesky,hackernews,newsrss,reddit",,0.0,0,0,0,0,"bluesky,hackernews,newsrss,reddit",,0.0,0,0,0,0,"bluesky,hackernews,newsrss,reddit",
30d,0.0,0.0,NYC Independent Budget Office,report,,"High School Overcrowding Persists, Especially in Large Schools",,https://www.ibo.nyc.ny.us/iboreports/overcrowdingaugust2010.pdf,https://www.ibo.nyc.ny.us/iboreports/overcrowdingaugust2010.pdf,pdf,no public link pickups found in checked sources,0.0,0,0,0,0,"bluesky,hackernews,newsrss,reddit",,0.0,0,0,0,0,"bluesky,hackernews,newsrss,reddit",,0.0,0,0,0,0,"bluesky,hackernews,newsrss,reddit",
30d,0.0,0.0,NYC Independent Budget Office,report,,"Testimony to the New York City Council Committee on Education on the Education Department's Enrollment, Capacity, and Utilization Report",,https://www.ibo.nyc.ny.us/iboreports/capacityreportcctesitmony042010.pdf,https://www.ibo.nyc.ny.us/iboreports/capacityreportcctesitmony042010.pdf,pdf,no public link pickups found in checked sources,0.0,0,0,0,0,"bluesky,hackernews,newsrss,reddit",,0.0,0,0,0,0,"bluesky,hackernews,newsrss,reddit",,0.0,0,0,0,0,"bluesky,hackernews,newsrss,reddit",
30d,0.0,0.0,NYC Independent Budget Office,report,,Testimony on the Education Department’s Proposed School Closings,,https://www.ibo.nyc.ny.us/iboreports/schoolclosingcctestmonymarch2010i.pdf,https://www.ibo.nyc.ny.us/iboreports/schoolclosingcctestmonymarch2010i.pdf,pdf,no public link pickups found in checked sources,0.0,0,0,0,0,"bluesky,hackernews,newsrss,reddit",,0.0,0,0,0,0,"bluesky,hackernews,newsrss,reddit",,0.0,0,0,0,0,"bluesky,hackernews,newsrss,reddit",
30d,0.0,0.0,NYC Independent Budget Office,report,,Comparisons between Schools Slated for Closing and All Other Schools,,https://www.ibo.nyc.ny.us/iboreports/schoolclosing012510.pdf,https://www.ibo.nyc.ny.us/iboreports/schoolclosing012510.pdf,pdf,no public link pickups found in checked sources,0.0,0,0,0,0,"bluesky,hackernews,newsrss,reddit",,0.0,0,0,0,0,"bluesky,hackernews,newsrss,reddit",,0.0,0,0,0,0,"bluesky,hackernews,newsrss,reddit",
30d,0.0,0.0,NYC Independent Budget Office,report,,Letter to Educational Priorities Panel: Updated Cost Estimates for Adding School Capacity,,https://www.ibo.nyc.ny.us/iboreports/eppleasing.pdf,https://www.ibo.nyc.ny.us/iboreports/eppleasing.pdf,pdf,no public link pickups found in checked sources,0.0,0,0,0,0,"bluesky,hackernews,newsrss,reddit",,0.0,0,0,0,0,"bluesky,hackernews,newsrss,reddit",,0.0,0,0,0,0,"bluesky,hackernews,newsrss,reddit",
30d,0.0,0.0,NYC Independent Budget Office,report,,“Carter Case” Spending for Students With Special Needs Continues to Grow Rapidly,,https://ibo.nyc.ny.us/iboreports/carter-case-spending-for-students-with-special-needs-continues-to-grow-rapidly-march-2021.pdf,https://ibo.nyc.ny.us/iboreports/carter-case-spending-for-students-with-special-needs-continues-to-grow-rapidly-march-2021.pdf,pdf,no public link pickups found in checked sources,0.0,0,0,0,0,"bluesky,hackernews,newsrss,reddit",,0.0,0,0,0,0,"bluesky,hackernews,newsrss,reddit",,0.0,0,0,0,0,"bluesky,hackernews,newsrss,reddit",
30d,0.0,0.0,NYC Independent Budget Office,report,,"Federal Aid, Governor’s Proposals Combine for a Complex Funding Picture for the City’s Schools",,https://ibo.nyc.ny.us/iboreports/federal-aid-governors-proposals-combine-for-a-complex-funding-picture-for-the-citys-schools-march-2021.pdf,https://ibo.nyc.ny.us/iboreports/federal-aid-governors-proposals-combine-for-a-complex-funding-picture-for-the-citys-schools-march-2021.pdf,pdf,no public link pickups found in checked sources,0.0,0,0,0,0,"bluesky,hackernews,newsrss,reddit",,0.0,0,0,0,0,"bluesky,hackernews,newsrss,reddit",,0.0,0,0,0,0,"bluesky,hackernews,newsrss,reddit",
30d,0.0,0.0,NYC Independent Budget Office,report,,Not All Funding Appropriated for “General Classroom Instruction and School Leadership” Goes Into School Budgets,,https://ibo.nyc.ny.us/cgi-park2?p=89,,html,no public link pickups found in checked sources,0.0,0,0,0,0,"bluesky,hackernews,newsrss,reddit",,0.0,0,0,0,0,"bluesky,hackernews,newsrss,reddit",,0.0,0,0,0,0,"bluesky,hackernews,newsrss,reddit",
30d,0.0,0.0,NYC Independent Budget Office,report,,"Testimony to the New York State Senate Committee On Corporations, Authorities, and Commissions Hearing on Charter Schools",,https://www.ibo.nyc.ny.us/iboreports/charterschoolstatesenateapril2010.pdf,https://www.ibo.nyc.ny.us/iboreports/charterschoolstatesenateapril2010.pdf,pdf,no public link pickups found in checked sources,0.0,0,0,0,0,"bluesky,hackernews,newsrss,reddit",,0.0,0,0,0,0,"bluesky,hackernews,newsrss,reddit",,0.0,0,0,0,0,"bluesky,hackernews,newsrss,reddit",
30d,0.0,0.0,NYC Independent Budget Office,report,,Comparing the Level of Public Support: Charter Schools versus Traditional Public Schools,,https://www.ibo.nyc.ny.us/iboreports/charterschoolsfeb2010.pdf,https://www.ibo.nyc.ny.us/iboreports/charterschoolsfeb2010.pdf,pdf,no public link pickups found in checked sources,0.0,0,0,0,0,"bluesky,hackernews,newsrss,reddit",,0.0,0,0,0,0,"bluesky,hackernews,newsrss,reddit",,0.0,0,0,0,0,"bluesky,hackernews,newsrss,reddit",
30d,0.0,0.0,NYC Independent Budget Office,report,,Testimony to the New York City Council on Contracting Practices of the Department of Education,,https://www.ibo.nyc.ny.us/iboreports/3109DOEContractingtestimony.pdf,https://www.ibo.nyc.ny.us/iboreports/3109DOEContractingtestimony.pdf,pdf,no public link pickups found in checked sources,0.0,0,0,0,0,"bluesky,hackernews,newsrss,reddit",,0.0,0,0,0,0,"bluesky,hackernews,newsrss,reddit",,0.0,0,0,0,0,"bluesky,hackernews,newsrss,reddit",
30d,0.0,0.0,NYC Independent Budget Office,report,,The School Accountability Initiative: Totaling the Cost,,https://www.ibo.nyc.ny.us/iboreports/schoolaccountability111308.pdf,https://www.ibo.nyc.ny.us/iboreports/schoolaccountability111308.pdf,pdf,no public link pickups found in checked sources,0.0,0,0,0,0,"bluesky,hackernews,newsrss,reddit",,0.0,0,0,0,0,"bluesky,hackernews,newsrss,reddit",,0.0,0,0,0,0,"bluesky,hackernews,newsrss,reddit",
30d,0.0,0.0,NYC Independent Budget Office,report,,School Tax Relief and Education Aid Proposals: Impacts on New York City,,https://www.ibo.nyc.ny.us/iboreports/pubstar.html,,html,no public link pickups found in checked sources,0.0,0,0,0,0,"bluesky,hackernews,newsrss,reddit",,0.0,0,0,0,0,"bluesky,hackernews,newsrss,reddit",,0.0,0,0,0,0,"bluesky,hackernews,newsrss,reddit",
30d,0.0,0.0,NYC Independent Budget Office,report,,Testimony to the New York City Council on Mayoral Control of New York City Schools,,https://www.ibo.nyc.ny.us/iboreports/060409Testimony.pdf,https://www.ibo.nyc.ny.us/iboreports/060409Testimony.pdf,pdf,no public link pickups found in checked sources,0.0,0,0,0,0,"bluesky,hackernews,newsrss,reddit",,0.0,0,0,0,0,"bluesky,hackernews,newsrss,reddit",,0.0,0,0,0,0,"bluesky,hackernews,newsrss,reddit",
30d,0.0,0.0,NYC Independent Budget Office,report,,"With a Restricted School Schedule, How Many Students With Disabilities Can Receive Their Related Services In Person?",,https://ibo.nyc.ny.us/cgi-park2/2020/10/with-a-restricted-school-schedule-how-many-students-with-disabilities-can-receive-their-related-services-in-person,,html,no public link pickups found in checked sources,0.0,0,0,0,0,"bluesky,hackernews,newsrss,reddit",,0.0,0,0,0,0,"bluesky,hackernews,newsrss,reddit",,0.0,0,0,0,0,"bluesky,hackernews,newsrss,reddit",
30d,0.0,0.0,NYC Independent Budget Office,report,,Making the Grade? Assessing School Progress Reports' Measurement of Annual Academic Achievement,,https://www.ibo.nyc.ny.us/iboreports/schoolprogressreports2012.pdf,https://www.ibo.nyc.ny.us/iboreports/schoolprogressreports2012.pdf,pdf,no public link pickups found in checked sources,0.0,0,0,0,0,"bluesky,hackernews,newsrss,reddit",,0.0,0,0,0,0,"bluesky,hackernews,newsrss,reddit",,0.0,0,0,0,0,"bluesky,hackernews,newsrss,reddit",
30d,0.0,0.0,NYC Independent Budget Office,report,,"New York City Public School Indicators: Demographics, Resources, Outcomes",,https://www.ibo.nyc.ny.us/iboreports/2011edindicatorsreport.pdf,https://www.ibo.nyc.ny.us/iboreports/2011edindicatorsreport.pdf,pdf,no public link pickups found in checked sources,0.0,0,0,0,0,"bluesky,hackernews,newsrss,reddit",,0.0,0,0,0,0,"bluesky,hackernews,newsrss,reddit",,0.0,0,0,0,0,"bluesky,hackernews,newsrss,reddit",
30d,0.0,0.0,NYC Independent Budget Office,report,,"Demographics, Performance, Resources: Schools Proposed for Closing Compared With Other City Schools",,https://www.ibo.nyc.ny.us/iboreports/schoolclosingjan2011.pdf,https://www.ibo.nyc.ny.us/iboreports/schoolclosingjan2011.pdf,pdf,no public link pickups found in checked sources,0.0,0,0,0,0,"bluesky,hackernews,newsrss,reddit",,0.0,0,0,0,0,"bluesky,hackernews,newsrss,reddit",,0.0,0,0,0,0,"bluesky,hackernews,newsrss,reddit",
30d,0.0,0.0,NYC Independent Budget Office,report,,Testimony to the New York City Council Committee on Education’s Hearing on The Department of Education’s Monitoring of Students at Closing Schools,,https://www.ibo.nyc.ny.us/iboreports/schoolclosingtestimonyjan2011.pdf,https://www.ibo.nyc.ny.us/iboreports/schoolclosingtestimonyjan2011.pdf,pdf,no public link pickups found in checked sources,0.0,0,0,0,0,"bluesky,hackernews,newsrss,reddit",,0.0,0,0,0,0,"bluesky,hackernews,newsrss,reddit",,0.0,0,0,0,0,"bluesky,hackernews,newsrss,reddit",
30d,0.0,0.0,NYC Independent Budget Office,report,,Expanding Yellow School Bus Service: Fiscal Impact of Three Proposed Policy Changes,,https://www.ibo.nyc.ny.us/iboreports/schoolbus.pdf,https://www.ibo.nyc.ny.us/iboreports/schoolbus.pdf,pdf,no public link pickups found in checked sources,0.0,0,0,0,0,"bluesky,hackernews,newsrss,reddit",,0.0,0,0,0,0,"bluesky,hackernews,newsrss,reddit",,0.0,0,0,0,0,"bluesky,hackernews,newsrss,reddit",
30d,0.0,0.0,NYC Independent Budget Office,report,,Have NYC Schools Become More or Less Integrated Over the Last 10 Years?,,https://ibo.nyc.ny.us/cgi-park2?p=304,,html,no public link pickups found in checked sources,0.0,0,0,0,0,"bluesky,hackernews,newsrss,reddit",,0.0,0,0,0,0,"bluesky,hackernews,newsrss,reddit",,0.0,0,0,0,0,"bluesky,hackernews,newsrss,reddit",
30d,0.0,0.0,NYC Independent Budget Office,report,,A Statistical Portrait of Uncertified Teachers in New York City Schools,,https://www.ibo.nyc.ny.us/iboreports/uncertified.pdf,https://www.ibo.nyc.ny.us/iboreports/uncertified.pdf,pdf,no public link pickups found in checked sources,0.0,0,0,0,0,"bluesky,hackernews,newsrss,reddit",,0.0,0,0,0,0,"bluesky,hackernews,newsrss,reddit",,0.0,0,0,0,0,"bluesky,hackernews,newsrss,reddit",
30d,0.0,0.0,NYC Independent Budget Office,report,,Missing From Albany's Family Relief Tax Break: 1.2 Million NYC Kids,,https://ibo.nyc.ny.us/cgi-park?p=684,,html,no public link pickups found in checked sources,0.0,0,0,0,0,"bluesky,hackernews,newsrss,reddit",,0.0,0,0,0,0,"bluesky,hackernews,newsrss,reddit",,0.0,0,0,0,0,"bluesky,hackernews,newsrss,reddit",
30d,0.0,0.0,NYC Independent Budget Office,report,,Is Everything Going to Be Fine(d)? An Overview of New York City Fine Revenue and Collection,,https://www.ibo.nyc.ny.us/iboreports/Fines.pdf,https://www.ibo.nyc.ny.us/iboreports/Fines.pdf,pdf,no public link pickups found in checked sources,0.0,0,0,0,0,"bluesky,hackernews,newsrss,reddit",,0.0,0,0,0,0,"bluesky,hackernews,newsrss,reddit",,0.0,0,0,0,0,"bluesky,hackernews,newsrss,reddit",
30d,0.0,0.0,NYC Independent Budget Office,report,,Personal Income Growth in New York City Has Been Sustained by a Temporary Boost in Transfer Payments,,https://ibo.nyc.ny.us/iboreports/personal-income-growth-in-new-york-city-has-been-sustained-by-a-temporary-boost-in-transfer-payments-april-2021.pdf,https://ibo.nyc.ny.us/iboreports/personal-income-growth-in-new-york-city-has-been-sustained-by-a-temporary-boost-in-transfer-payments-april-2021.pdf,pdf,no public link pickups found in checked sources,0.0,0,0,0,0,"bluesky,hackernews,newsrss,reddit",,0.0,0,0,0,0,"bluesky,hackernews,newsrss,reddit",,0.0,0,0,0,0,"bluesky,hackernews,newsrss,reddit",
30d,0.0,0.0,NYC Independent Budget Office,report,,Economic Development Tax Expenditure Evaluation: IDA’s Industrial Program,,https://ibo.nyc.ny.us/iboreports/ida-testimony-february-2021.pdf,https://ibo.nyc.ny.us/iboreports/ida-testimony-february-2021.pdf,pdf,no public link pickups found in checked sources,0.0,0,0,0,0,"bluesky,hackernews,newsrss,reddit",,0.0,0,0,0,0,"bluesky,hackernews,newsrss,reddit",,0.0,0,0,0,0,"bluesky,hackernews,newsrss,reddit",
30d,0.0,0.0,NYC Independent Budget Office,report,,Where the Jobs Are Growing the Money Isn’t Always So Good,,https://ibo.nyc.ny.us/cgi-park?p=416,,html,no public link pickups found in checked sources,0.0,0,0,0,0,"bluesky,hackernews,newsrss,reddit",,0.0,0,0,0,0,"bluesky,hackernews,newsrss,reddit",,0.0,0,0,0,0,"bluesky,hackernews,newsrss,reddit",
30d,0.0,0.0,NYC Independent Budget Office,report,,New York City’s Long-Term Unemployment Rate Continues to Outpace U.S. Rate,,https://ibo.nyc.ny.us/cgi-park?p=189,,html,no public link pickups found in checked sources,0.0,0,0,0,0,"bluesky,hackernews,newsrss,reddit",,0.0,0,0,0,0,"bluesky,hackernews,newsrss,reddit",,0.0,0,0,0,0,"bluesky,hackernews,newsrss,reddit",
30d,0.0,0.0,NYC Independent Budget Office,report,,Wall Street Wages: A Rough Ride on Easy Street,,https://ibo.nyc.ny.us/cgi-park?p=169,,html,no public link pickups found in checked sources,0.0,0,0,0,0,"bluesky,hackernews,newsrss,reddit",,0.0,0,0,0,0,"bluesky,hackernews,newsrss,reddit",,0.0,0,0,0,0,"bluesky,hackernews,newsrss,reddit",
30d,0.0,0.0,NYC Independent Budget Office,report,,"New Yorkers on the Move 1989-2007: Where They Came From, Where They Went",,https://www.ibo.nyc.ny.us/iboreports/Taxpayermigration1209.pdf,https://www.ibo.nyc.ny.us/iboreports/Taxpayermigration1209.pdf,pdf,no public link pickups found in checked sources,0.0,0,0,0,0,"bluesky,hackernews,newsrss,reddit",,0.0,0,0,0,0,"bluesky,hackernews,newsrss,reddit",,0.0,0,0,0,0,"bluesky,hackernews,newsrss,reddit",
30d,0.0,0.0,NYC Independent Budget Office,report,,City's Assessment of Property Values May Need Some Extra Reassessing,,https://ibo.nyc.ny.us/cgi-park?p=643,,html,no public link pickups found in checked sources,0.0,0,0,0,0,"bluesky,hackernews,newsrss,reddit",,0.0,0,0,0,0,"bluesky,hackernews,newsrss,reddit",,0.0,0,0,0,0,"bluesky,hackernews,newsrss,reddit",
30d,0.0,0.0,NYC Independent Budget Office,report,,How Much Will Washington's Tax Deal Cost New York City's Taxpayers? A Very Preliminary Estimate,,https://ibo.nyc.ny.us/cgi-park2?p=244,,html,no public link pickups found in checked sources,0.0,0,0,0,0,"bluesky,hackernews,newsrss,reddit",,0.0,0,0,0,0,"bluesky,hackernews,newsrss,reddit",,0.0,0,0,0,0,"bluesky,hackernews,newsrss,reddit",
30d,0.0,0.0,NYC Independent Budget Office,report,,"The Coop & Condo Tax Break Is About to Expire, Renewing the Existing Bill Will Cost the City Millions in Unintended Benefits",,https://ibo.nyc.ny.us/cgi-park?p=431,,html,no public link pickups found in checked sources,0.0,0,0,0,0,"bluesky,hackernews,newsrss,reddit",,0.0,0,0,0,0,"bluesky,hackernews,newsrss,reddit",,0.0,0,0,0,0,"bluesky,hackernews,newsrss,reddit",
30d,0.0,0.0,NYC Independent Budget Office,report,,Boom & Bust: Commercial Property Taxes Are a Key to Revenues From Property Transfer Taxes,,https://www.ibo.nyc.ny.us/iboreports/rpttjan2012.pdf,https://www.ibo.nyc.ny.us/iboreports/rpttjan2012.pdf,pdf,no public link pickups found in checked sources,0.0,0,0,0,0,"bluesky,hackernews,newsrss,reddit",,0.0,0,0,0,0,"bluesky,hackernews,newsrss,reddit",,0.0,0,0,0,0,"bluesky,hackernews,newsrss,reddit",
30d,0.0,0.0,NYC Independent Budget Office,report,,Tax Effort and Spending Effort Across New York State,,https://www.ibo.nyc.ny.us/iboreports/tnydec2011.pdf,https://www.ibo.nyc.ny.us/iboreports/tnydec2011.pdf,pdf,no public link pickups found in checked sources,0.0,0,0,0,0,"bluesky,hackernews,newsrss,reddit",,0.0,0,0,0,0,"bluesky,hackernews,newsrss,reddit",,0.0,0,0,0,0,"bluesky,hackernews,newsrss,reddit",
30d,0.0,0.0,NYC Independent Budget Office,report,,Analysis of Income Distribution in NYC and Relative NYC Personal Income Tax Burden,,https://www.ibo.nyc.ny.us/iboreports/120611letterwenc.pdf,https://www.ibo.nyc.ny.us/iboreports/120611letterwenc.pdf,pdf,no public link pickups found in checked sources,0.0,0,0,0,0,"bluesky,hackernews,newsrss,reddit",,0.0,0,0,0,0,"bluesky,hackernews,newsrss,reddit",,0.0,0,0,0,0,"bluesky,hackernews,newsrss,reddit",
30d,0.0,0.0,NYC Independent Budget Office,report,,City's Multitude of Property Tax Exemptions Add Up to a Wealth of Revenue Foregone,,https://ibo.nyc.ny.us/cgi-park?p=365,,html,no public link pickups found in checked sources,0.0,0,0,0,0,"bluesky,hackernews,newsrss,reddit",,0.0,0,0,0,0,"bluesky,hackernews,newsrss,reddit",,0.0,0,0,0,0,"bluesky,hackernews,newsrss,reddit",
30d,0.0,0.0,NYC Independent Budget Office,report,,Testimony to the New York City Council on Property Tax Assessments and Oversight,,https://www.ibo.nyc.ny.us/iboreports/proptaxassessmenttestimay2011.pdf,https://www.ibo.nyc.ny.us/iboreports/proptaxassessmenttestimay2011.pdf,pdf,no public link pickups found in checked sources,0.0,0,0,0,0,"bluesky,hackernews,newsrss,reddit",,0.0,0,0,0,0,"bluesky,hackernews,newsrss,reddit",,0.0,0,0,0,0,"bluesky,hackernews,newsrss,reddit",
30d,0.0,0.0,NYC Independent Budget Office,report,,Attention Shoppers! For a Limited Time Only: The Clothing Tax Returns,,https://ibo.nyc.ny.us/cgi-park?p=232,,html,no public link pickups found in checked sources,0.0,0,0,0,0,"bluesky,hackernews,newsrss,reddit",,0.0,0,0,0,0,"bluesky,hackernews,newsrss,reddit",,0.0,0,0,0,0,"bluesky,hackernews,newsrss,reddit",
30d,0.0,0.0,NYC Independent Budget Office,report,,Taxes Foregone Shouldn't Be Forgotten,,https://ibo.nyc.ny.us/cgi-park?p=207,,html,no public link pickups found in checked sources,0.0,0,0,0,0,"bluesky,hackernews,newsrss,reddit",,0.0,0,0,0,0,"bluesky,hackernews,newsrss,reddit",,0.0,0,0,0,0,"bluesky,hackernews,newsrss,reddit",
30d,0.0,0.0,NYC Independent Budget Office,report,,Effects of Property Tax Class Share Shift Since 1992,,https://www.ibo.nyc.ny.us/iboreports/classharejune152010.pdf,https://www.ibo.nyc.ny.us/iboreports/classharejune152010.pdf,pdf,no public link pickups found in checked sources,0.0,0,0,0,0,"bluesky,hackernews,newsrss,reddit",,0.0,0,0,0,0,"bluesky,hackernews,newsrss,reddit",,0.0,0,0,0,0,"bluesky,hackernews,newsrss,reddit",
30d,0.0,0.0,NYC Independent Budget Office,report,,"On April 15, Many New Yorkers Spell Relief “EITC”",,https://ibo.nyc.ny.us/cgi-park?p=140,,html,no public link pickups found in checked sources,0.0,0,0,0,0,"bluesky,hackernews,newsrss,reddit",,0.0,0,0,0,0,"bluesky,hackernews,newsrss,reddit",,0.0,0,0,0,0,"bluesky,hackernews,newsrss,reddit",
30d,0.0,0.0,NYC Independent Budget Office,report,,Effect on Property Tax Revenue From Merging Utility Property From Class 3 into Class 4 Commercial Property,,https://www.ibo.nyc.ny.us/iboreports/conedletter2009.pdf,https://www.ibo.nyc.ny.us/iboreports/conedletter2009.pdf,pdf,no public link pickups found in checked sources,0.0,0,0,0,0,"bluesky,hackernews,newsrss,reddit",,0.0,0,0,0,0,"bluesky,hackernews,newsrss,reddit",,0.0,0,0,0,0,"bluesky,hackernews,newsrss,reddit",
30d,0.0,0.0,NYC Independent Budget Office,report,,Another Hole in the Budget Plan,,https://ibo.nyc.ny.us/cgi-park?p=57,,html,no public link pickups found in checked sources,0.0,0,0,0,0,"bluesky,hackernews,newsrss,reddit",,0.0,0,0,0,0,"bluesky,hackernews,newsrss,reddit",,0.0,0,0,0,0,"bluesky,hackernews,newsrss,reddit",
30d,0.0,0.0,NYC Independent Budget Office,report,,Another Wrinkle (Actually It's Flat) in State's Tax Increase on High-Income Taxpayers,,https://ibo.nyc.ny.us/cgi-park?p=52,,html,no public link pickups found in checked sources,0.0,0,0,0,0,"bluesky,hackernews,newsrss,reddit",,0.0,0,0,0,0,"bluesky,hackernews,newsrss,reddit",,0.0,0,0,0,0,"bluesky,hackernews,newsrss,reddit",
30d,0.0,0.0,NYC Independent Budget Office,report,,Comparing State and Local Taxes in Large U.S. Cities,,https://www.ibo.nyc.ny.us/iboreports/CSALTFINAL.pdf,https://www.ibo.nyc.ny.us/iboreports/CSALTFINAL.pdf,pdf,no public link pickups found in checked sources,0.0,0,0,0,0,"bluesky,hackernews,newsrss,reddit",,0.0,0,0,0,0,"bluesky,hackernews,newsrss,reddit",,0.0,0,0,0,0,"bluesky,hackernews,newsrss,reddit",
30d,0.0,0.0,NYC Independent Budget Office,report,,"Tax Revenue Update: Dimmer for 2003, But a Little Brighter in 2004-2006",,https://www.ibo.nyc.ny.us/iboreports/November2002fiscalbrief.pdf,https://www.ibo.nyc.ny.us/iboreports/November2002fiscalbrief.pdf,pdf,no public link pickups found in checked sources,0.0,0,0,0,0,"bluesky,hackernews,newsrss,reddit",,0.0,0,0,0,0,"bluesky,hackernews,newsrss,reddit",,0.0,0,0,0,0,"bluesky,hackernews,newsrss,reddit",
30d,0.0,0.0,NYC Independent Budget Office,report,,Considering Tax Cuts: Current Proposals by the Mayor and the City Council,,https://www.ibo.nyc.ny.us/iboreports/taxprograms.pdf,https://www.ibo.nyc.ny.us/iboreports/taxprograms.pdf,pdf,no public link pickups found in checked sources,0.0,0,0,0,0,"bluesky,hackernews,newsrss,reddit",,0.0,0,0,0,0,"bluesky,hackernews,newsrss,reddit",,0.0,0,0,0,0,"bluesky,hackernews,newsrss,reddit",
30d,0.0,0.0,NYC Independent Budget Office,report,,New York City's Tax on the Working Poor,,https://www.ibo.nyc.ny.us/iboreports/workingpoor.html,,html,no public link pickups found in checked sources,0.0,0,0,0,0,"bluesky,hackernews,newsrss,reddit",,0.0,0,0,0,0,"bluesky,hackernews,newsrss,reddit",,0.0,0,0,0,0,"bluesky,hackernews,newsrss,reddit",
30d,0.0,0.0,NYC Independent Budget Office,report,,IBO Annual Report 1997,,https://www.ibo.nyc.ny.us/iboreports/anrepcov.html,,html,no public link pickups found in checked sources,0.0,0,0,0,0,"bluesky,hackernews,newsrss,reddit",,0.0,0,0,0,0,"bluesky,hackernews,newsrss,reddit",,0.0,0,0,0,0,"bluesky,hackernews,newsrss,reddit",
30d,0.0,0.0,NYC Civilian Complaint Review Board,report,,2025 Annual Report,,https://www.nyc.gov/assets/ccrb/downloads/pdf/policy_pdf/annual_bi-annual/2025CCRBAnnualReport.pdf,https://www.nyc.gov/assets/ccrb/downloads/pdf/policy_pdf/annual_bi-annual/2025CCRBAnnualReport.pdf,pdf,no public link pickups found in checked sources,0.0,0,0,0,0,"bluesky,hackernews,newsrss,reddit",,0.0,0,0,0,0,"bluesky,hackernews,newsrss,reddit",,0.0,0,0,0,0,"bluesky,hackernews,newsrss,reddit",
30d,0.0,0.0,NYC Civilian Complaint Review Board,report,,2025 Semi-Annual Report,,https://www.nyc.gov/assets/ccrb/downloads/pdf/policy_pdf/annual_bi-annual/2025CCRBSemi-AnnualReport.pdf,https://www.nyc.gov/assets/ccrb/downloads/pdf/policy_pdf/annual_bi-annual/2025CCRBSemi-AnnualReport.pdf,pdf,no public link pickups found in checked sources,0.0,0,0,0,0,"bluesky,hackernews,newsrss,reddit",,0.0,0,0,0,0,"bluesky,hackernews,newsrss,reddit",,0.0,0,0,0,0,"bluesky,hackernews,newsrss,reddit",
30d,0.0,0.0,NYC Civilian Complaint Review Board,report,,2024 Annual Report,,https://www.nyc.gov/assets/ccrb/downloads/pdf/policy_pdf/annual_bi-annual/2024-CCRB-Annual-Report.pdf,https://www.nyc.gov/assets/ccrb/downloads/pdf/policy_pdf/annual_bi-annual/2024-CCRB-Annual-Report.pdf,pdf,no public link pickups found in checked sources,0.0,0,0,0,0,"bluesky,hackernews,newsrss,reddit",,0.0,0,0,0,0,"bluesky,hackernews,newsrss,reddit",,0.0,0,0,0,0,"bluesky,hackernews,newsrss,reddit",
30d,0.0,0.0,NYC Civilian Complaint Review Board,report,,2024 Semi-Annual Report,,https://www.nyc.gov/assets/ccrb/downloads/pdf/policy_pdf/annual_bi-annual/2024CCRBSemi-AnnualReport.pdf,https://www.nyc.gov/assets/ccrb/downloads/pdf/policy_pdf/annual_bi-annual/2024CCRBSemi-AnnualReport.pdf,pdf,no public link pickups found in checked sources,0.0,0,0,0,0,"bluesky,hackernews,newsrss,reddit",,0.0,0,0,0,0,"bluesky,hackernews,newsrss,reddit",,0.0,0,0,0,0,"bluesky,hackernews,newsrss,reddit",
30d,0.0,0.0,NYC Civilian Complaint Review Board,report,,2023 Annual Report,,https://www.nyc.gov/assets/ccrb/downloads/pdf/policy_pdf/annual_bi-annual/2023_CCRB_Annual_Report.pdf,https://www.nyc.gov/assets/ccrb/downloads/pdf/policy_pdf/annual_bi-annual/2023_CCRB_Annual_Report.pdf,pdf,no public link pickups found in checked sources,0.0,0,0,0,0,"bluesky,hackernews,newsrss,reddit",,0.0,0,0,0,0,"bluesky,hackernews,newsrss,reddit",,0.0,0,0,0,0,"bluesky,hackernews,newsrss,reddit",
30d,0.0,0.0,NYC Civilian Complaint Review Board,report,,2023 Semi-Annual Report,,https://www.nyc.gov/assets/ccrb/downloads/pdf/policy_pdf/annual_bi-annual/2023CCRBSemi-AnnualReport.pdf,https://www.nyc.gov/assets/ccrb/downloads/pdf/policy_pdf/annual_bi-annual/2023CCRBSemi-AnnualReport.pdf,pdf,no public link pickups found in checked sources,0.0,0,0,0,0,"bluesky,hackernews,newsrss,reddit",,0.0,0,0,0,0,"bluesky,hackernews,newsrss,reddit",,0.0,0,0,0,0,"bluesky,hackernews,newsrss,reddit",
30d,0.0,0.0,NYC Civilian Complaint Review Board,report,,2022 Annual Report,,https://www.nyc.gov/assets/ccrb/downloads/pdf/policy_pdf/annual_bi-annual/2022_Annual_Report.pdf,https://www.nyc.gov/assets/ccrb/downloads/pdf/policy_pdf/annual_bi-annual/2022_Annual_Report.pdf,pdf,no public link pickups found in checked sources,0.0,0,0,0,0,"bluesky,hackernews,newsrss,reddit",,0.0,0,0,0,0,"bluesky,hackernews,newsrss,reddit",,0.0,0,0,0,0,"bluesky,hackernews,newsrss,reddit",
30d,0.0,0.0,NYC Civilian Complaint Review Board,report,,2022 Semi-Annual Report,,https://www.nyc.gov/assets/ccrb/downloads/pdf/policy_pdf/annual_bi-annual/2022_semi_annual.pdf,https://www.nyc.gov/assets/ccrb/downloads/pdf/policy_pdf/annual_bi-annual/2022_semi_annual.pdf,pdf,no public link pickups found in checked sources,0.0,0,0,0,0,"bluesky,hackernews,newsrss,reddit",,0.0,0,0,0,0,"bluesky,hackernews,newsrss,reddit",,0.0,0,0,0,0,"bluesky,hackernews,newsrss,reddit",
30d,0.0,0.0,NYC Civilian Complaint Review Board,report,,2021 Annual Report,,https://www.nyc.gov/assets/ccrb/downloads/pdf/policy_pdf/annual_bi-annual/2021_Annual.pdf,https://www.nyc.gov/assets/ccrb/downloads/pdf/policy_pdf/annual_bi-annual/2021_Annual.pdf,pdf,no public link pickups found in checked sources,0.0,0,0,0,0,"bluesky,hackernews,newsrss,reddit",,0.0,0,0,0,0,"bluesky,hackernews,newsrss,reddit",,0.0,0,0,0,0,"bluesky,hackernews,newsrss,reddit",
30d,0.0,0.0,NYC Civilian Complaint Review Board,report,,2021 Semi-Annual Report,,https://www.nyc.gov/assets/ccrb/downloads/pdf/policy_pdf/annual_bi-annual/2021_semi-annual.pdf,https://www.nyc.gov/assets/ccrb/downloads/pdf/policy_pdf/annual_bi-annual/2021_semi-annual.pdf,pdf,no public link pickups found in checked sources,0.0,0,0,0,0,"bluesky,hackernews,newsrss,reddit",,0.0,0,0,0,0,"bluesky,hackernews,newsrss,reddit",,0.0,0,0,0,0,"bluesky,hackernews,newsrss,reddit",
30d,0.0,0.0,NYC Civilian Complaint Review Board,report,,2020 Annual Report,,https://www.nyc.gov/assets/ccrb/downloads/pdf/policy_pdf/annual_bi-annual/2020_Annual.pdf,https://www.nyc.gov/assets/ccrb/downloads/pdf/policy_pdf/annual_bi-annual/2020_Annual.pdf,pdf,no public link pickups found in checked sources,0.0,0,0,0,0,"bluesky,hackernews,newsrss,reddit",,0.0,0,0,0,0,"bluesky,hackernews,newsrss,reddit",,0.0,0,0,0,0,"bluesky,hackernews,newsrss,reddit",
30d,0.0,0.0,NYC Civilian Complaint Review Board,report,,2020 Semi-Annual Report,,https://www.nyc.gov/assets/ccrb/downloads/pdf/policy_pdf/annual_bi-annual/2020_semi-annual.pdf,https://www.nyc.gov/assets/ccrb/downloads/pdf/policy_pdf/annual_bi-annual/2020_semi-annual.pdf,pdf,no public link pickups found in checked sources,0.0,0,0,0,0,"bluesky,hackernews,newsrss,reddit",,0.0,0,0,0,0,"bluesky,hackernews,newsrss,reddit",,0.0,0,0,0,0,"bluesky,hackernews,newsrss,reddit",
30d,0.0,0.0,NYC Civilian Complaint Review Board,report,,2019 Annual Report,,https://www.nyc.gov/assets/ccrb/downloads/pdf/policy_pdf/annual_bi-annual/2019CCRB_AnnualReport.pdf,https://www.nyc.gov/assets/ccrb/downloads/pdf/policy_pdf/annual_bi-annual/2019CCRB_AnnualReport.pdf,pdf,no public link pickups found in checked sources,0.0,0,0,0,0,"bluesky,hackernews,newsrss,reddit",,0.0,0,0,0,0,"bluesky,hackernews,newsrss,reddit",,0.0,0,0,0,0,"bluesky,hackernews,newsrss,reddit",
30d,0.0,0.0,NYC Civilian Complaint Review Board,report,,2019 Semi-Annual Report,,https://www.nyc.gov/assets/ccrb/downloads/pdf/policy_pdf/annual_bi-annual/2019_semi-annual.pdf,https://www.nyc.gov/assets/ccrb/downloads/pdf/policy_pdf/annual_bi-annual/2019_semi-annual.pdf,pdf,no public link pickups found in checked sources,0.0,0,0,0,0,"bluesky,hackernews,newsrss,reddit",,0.0,0,0,0,0,"bluesky,hackernews,newsrss,reddit",,0.0,0,0,0,0,"bluesky,hackernews,newsrss,reddit",
30d,0.0,0.0,NYC Civilian Complaint Review Board,report,,2018 Annual Report,,https://www.nyc.gov/assets/ccrb/downloads/pdf/policy_pdf/annual_bi-annual/2018CCRB_AnnualReport.pdf,https://www.nyc.gov/assets/ccrb/downloads/pdf/policy_pdf/annual_bi-annual/2018CCRB_AnnualReport.pdf,pdf,no public link pickups found in checked sources,0.0,0,0,0,0,"bluesky,hackernews,newsrss,reddit",,0.0,0,0,0,0,"bluesky,hackernews,newsrss,reddit",,0.0,0,0,0,0,"bluesky,hackernews,newsrss,reddit",
30d,0.0,0.0,NYC Civilian Complaint Review Board,report,,2018 Annual Report Statistical Appendix,,https://www.nyc.gov/assets/ccrb/downloads/pdf/policy_pdf/annual_bi-annual/2018_annual-appendix.pdf,https://www.nyc.gov/assets/ccrb/downloads/pdf/policy_pdf/annual_bi-annual/2018_annual-appendix.pdf,pdf,no public link pickups found in checked sources,0.0,0,0,0,0,"bluesky,hackernews,newsrss,reddit",,0.0,0,0,0,0,"bluesky,hackernews,newsrss,reddit",,0.0,0,0,0,0,"bluesky,hackernews,newsrss,reddit",
30d,0.0,0.0,NYC Civilian Complaint Review Board,report,,2018 Semi-Annual Report,,https://www.nyc.gov/assets/ccrb/downloads/pdf/policy_pdf/annual_bi-annual/20181221_Semi-Annual Report.pdf,https://www.nyc.gov/assets/ccrb/downloads/pdf/policy_pdf/annual_bi-annual/20181221_Semi-Annual Report.pdf,pdf,no public link pickups found in checked sources,0.0,0,0,0,0,"bluesky,hackernews,newsrss,reddit",,0.0,0,0,0,0,"bluesky,hackernews,newsrss,reddit",,0.0,0,0,0,0,"bluesky,hackernews,newsrss,reddit",
30d,0.0,0.0,NYC Civilian Complaint Review Board,report,,2017 Annual Report,,https://www.nyc.gov/assets/ccrb/downloads/pdf/policy_pdf/annual_bi-annual/2017_annual.pdf,https://www.nyc.gov/assets/ccrb/downloads/pdf/policy_pdf/annual_bi-annual/2017_annual.pdf,pdf,no public link pickups found in checked sources,0.0,0,0,0,0,"bluesky,hackernews,newsrss,reddit",,0.0,0,0,0,0,"bluesky,hackernews,newsrss,reddit",,0.0,0,0,0,0,"bluesky,hackernews,newsrss,reddit",
30d,0.0,0.0,NYC Civilian Complaint Review Board,report,,2017 Annual Report Statistical Appendix,,https://www.nyc.gov/assets/ccrb/downloads/pdf/policy_pdf/annual_bi-annual/2017_annual-appendix.pdf,https://www.nyc.gov/assets/ccrb/downloads/pdf/policy_pdf/annual_bi-annual/2017_annual-appendix.pdf,pdf,no public link pickups found in checked sources,0.0,0,0,0,0,"bluesky,hackernews,newsrss,reddit",,0.0,0,0,0,0,"bluesky,hackernews,newsrss,reddit",,0.0,0,0,0,0,"bluesky,hackernews,newsrss,reddit",
30d,0.0,0.0,NYC Civilian Complaint Review Board,report,,2017 Semi-Annual Report,,https://www.nyc.gov/assets/ccrb/downloads/pdf/policy_pdf/annual_bi-annual/20171206_semi-annual.pdf,https://www.nyc.gov/assets/ccrb/downloads/pdf/policy_pdf/annual_bi-annual/20171206_semi-annual.pdf,pdf,no public link pickups found in checked sources,0.0,0,0,0,0,"bluesky,hackernews,newsrss,reddit",,0.0,0,0,0,0,"bluesky,hackernews,newsrss,reddit",,0.0,0,0,0,0,"bluesky,hackernews,newsrss,reddit",
30d,0.0,0.0,NYC Civilian Complaint Review Board,report,,2016 Annual Report,,https://www.nyc.gov/assets/ccrb/downloads/pdf/policy_pdf/annual_bi-annual/2016_annual.pdf,https://www.nyc.gov/assets/ccrb/downloads/pdf/policy_pdf/annual_bi-annual/2016_annual.pdf,pdf,no public link pickups found in checked sources,0.0,0,0,0,0,"bluesky,hackernews,newsrss,reddit",,0.0,0,0,0,0,"bluesky,hackernews,newsrss,reddit",,0.0,0,0,0,0,"bluesky,hackernews,newsrss,reddit",
30d,0.0,0.0,NYC Civilian Complaint Review Board,report,,2016 Annual Report Statistical Appendix,,https://www.nyc.gov/assets/ccrb/downloads/pdf/policy_pdf/annual_bi-annual/2016_annual-appendix.pdf,https://www.nyc.gov/assets/ccrb/downloads/pdf/policy_pdf/annual_bi-annual/2016_annual-appendix.pdf,pdf,no public link pickups found in checked sources,0.0,0,0,0,0,"bluesky,hackernews,newsrss,reddit",,0.0,0,0,0,0,"bluesky,hackernews,newsrss,reddit",,0.0,0,0,0,0,"bluesky,hackernews,newsrss,reddit",
30d,0.0,0.0,NYC Civilian Complaint Review Board,report,,2016 Semi-Annual Report,,https://www.nyc.gov/assets/ccrb/downloads/pdf/policy_pdf/annual_bi-annual/2016_semi-annual.pdf,https://www.nyc.gov/assets/ccrb/downloads/pdf/policy_pdf/annual_bi-annual/2016_semi-annual.pdf,pdf,no public link pickups found in checked sources,0.0,0,0,0,0,"bluesky,hackernews,newsrss,reddit",,0.0,0,0,0,0,"bluesky,hackernews,newsrss,reddit",,0.0,0,0,0,0,"bluesky,hackernews,newsrss,reddit",
30d,0.0,0.0,NYC Civilian Complaint Review Board,report,,2015 Annual Report,,https://www.nyc.gov/assets/ccrb/downloads/pdf/policy_pdf/annual_bi-annual/2015_annual.pdf,https://www.nyc.gov/assets/ccrb/downloads/pdf/policy_pdf/annual_bi-annual/2015_annual.pdf,pdf,no public link pickups found in checked sources,0.0,0,0,0,0,"bluesky,hackernews,newsrss,reddit",,0.0,0,0,0,0,"bluesky,hackernews,newsrss,reddit",,0.0,0,0,0,0,"bluesky,hackernews,newsrss,reddit",
30d,0.0,0.0,NYC Civilian Complaint Review Board,report,,2015 Annual Report Statistical Appendix,,https://www.nyc.gov/assets/ccrb/downloads/pdf/policy_pdf/annual_bi-annual/2015_annual-appendix.pdf,https://www.nyc.gov/assets/ccrb/downloads/pdf/policy_pdf/annual_bi-annual/2015_annual-appendix.pdf,pdf,no public link pickups found in checked sources,0.0,0,0,0,0,"bluesky,hackernews,newsrss,reddit",,0.0,0,0,0,0,"bluesky,hackernews,newsrss,reddit",,0.0,0,0,0,0,"bluesky,hackernews,newsrss,reddit",
30d,0.0,0.0,NYC Civilian Complaint Review Board,report,,2015 Bi-Annual Report,,https://www.nyc.gov/assets/ccrb/downloads/pdf/policy_pdf/annual_bi-annual/2015_semi-annual.pdf,https://www.nyc.gov/assets/ccrb/downloads/pdf/policy_pdf/annual_bi-annual/2015_semi-annual.pdf,pdf,no public link pickups found in checked sources,0.0,0,0,0,0,"bluesky,hackernews,newsrss,reddit",,0.0,0,0,0,0,"bluesky,hackernews,newsrss,reddit",,0.0,0,0,0,0,"bluesky,hackernews,newsrss,reddit",
30d,0.0,0.0,NYC Civilian Complaint Review Board,report,,2014 Annual Report,,https://www.nyc.gov/assets/ccrb/downloads/pdf/policy_pdf/annual_bi-annual/2014_annual.pdf,https://www.nyc.gov/assets/ccrb/downloads/pdf/policy_pdf/annual_bi-annual/2014_annual.pdf,pdf,no public link pickups found in checked sources,0.0,0,0,0,0,"bluesky,hackernews,newsrss,reddit",,0.0,0,0,0,0,"bluesky,hackernews,newsrss,reddit",,0.0,0,0,0,0,"bluesky,hackernews,newsrss,reddit",
30d,0.0,0.0,NYC Civilian Complaint Review Board,report,,2014 Annual Report Statistical Appendix,,https://www.nyc.gov/assets/ccrb/downloads/pdf/policy_pdf/annual_bi-annual/2014_annual-appendix.pdf,https://www.nyc.gov/assets/ccrb/downloads/pdf/policy_pdf/annual_bi-annual/2014_annual-appendix.pdf,pdf,no public link pickups found in checked sources,0.0,0,0,0,0,"bluesky,hackernews,newsrss,reddit",,0.0,0,0,0,0,"bluesky,hackernews,newsrss,reddit",,0.0,0,0,0,0,"bluesky,hackernews,newsrss,reddit",
30d,0.0,0.0,NYC Civilian Complaint Review Board,report,,2014 Bi-Annual Report,,https://www.nyc.gov/assets/ccrb/downloads/pdf/policy_pdf/annual_bi-annual/2014_semi.pdf,https://www.nyc.gov/assets/ccrb/downloads/pdf/policy_pdf/annual_bi-annual/2014_semi.pdf,pdf,no public link pickups found in checked sources,0.0,0,0,0,0,"bluesky,hackernews,newsrss,reddit",,0.0,0,0,0,0,"bluesky,hackernews,newsrss,reddit",,0.0,0,0,0,0,"bluesky,hackernews,newsrss,reddit",
30d,0.0,0.0,NYC Civilian Complaint Review Board,report,,2013 Annual Report,,https://www.nyc.gov/assets/ccrb/downloads/pdf/policy_pdf/annual_bi-annual/2013_annual.pdf,https://www.nyc.gov/assets/ccrb/downloads/pdf/policy_pdf/annual_bi-annual/2013_annual.pdf,pdf,no public link pickups found in checked sources,0.0,0,0,0,0,"bluesky,hackernews,newsrss,reddit",,0.0,0,0,0,0,"bluesky,hackernews,newsrss,reddit",,0.0,0,0,0,0,"bluesky,hackernews,newsrss,reddit",
30d,0.0,0.0,NYC Civilian Complaint Review Board,report,,2013 Annual Report Statistical Appendix,,https://www.nyc.gov/assets/ccrb/downloads/pdf/policy_pdf/annual_bi-annual/2013_annual-appendix.pdf,https://www.nyc.gov/assets/ccrb/downloads/pdf/policy_pdf/annual_bi-annual/2013_annual-appendix.pdf,pdf,no public link pickups found in checked sources,0.0,0,0,0,0,"bluesky,hackernews,newsrss,reddit",,0.0,0,0,0,0,"bluesky,hackernews,newsrss,reddit",,0.0,0,0,0,0,"bluesky,hackernews,newsrss,reddit",
30d,0.0,0.0,NYC Civilian Complaint Review Board,report,,2013 Bi-Annual Report,,https://www.nyc.gov/assets/ccrb/downloads/pdf/policy_pdf/annual_bi-annual/2013_semi.pdf,https://www.nyc.gov/assets/ccrb/downloads/pdf/policy_pdf/annual_bi-annual/2013_semi.pdf,pdf,no public link pickups found in checked sources,0.0,0,0,0,0,"bluesky,hackernews,newsrss,reddit",,0.0,0,0,0,0,"bluesky,hackernews,newsrss,reddit",,0.0,0,0,0,0,"bluesky,hackernews,newsrss,reddit",
30d,0.0,0.0,NYC Civilian Complaint Review Board,report,,2012 Annual Report,,https://www.nyc.gov/assets/ccrb/downloads/pdf/policy_pdf/annual_bi-annual/2012_annual.pdf,https://www.nyc.gov/assets/ccrb/downloads/pdf/policy_pdf/annual_bi-annual/2012_annual.pdf,pdf,no public link pickups found in checked sources,0.0,0,0,0,0,"bluesky,hackernews,newsrss,reddit",,0.0,0,0,0,0,"bluesky,hackernews,newsrss,reddit",,0.0,0,0,0,0,"bluesky,hackernews,newsrss,reddit",
30d,0.0,0.0,NYC Civilian Complaint Review Board,report,,2012 Annual Report Statistical Appendix,,https://www.nyc.gov/assets/ccrb/downloads/pdf/policy_pdf/annual_bi-annual/2012_annual-appendix.pdf,https://www.nyc.gov/assets/ccrb/downloads/pdf/policy_pdf/annual_bi-annual/2012_annual-appendix.pdf,pdf,no public link pickups found in checked sources,0.0,0,0,0,0,"bluesky,hackernews,newsrss,reddit",,0.0,0,0,0,0,"bluesky,hackernews,newsrss,reddit",,0.0,0,0,0,0,"bluesky,hackernews,newsrss,reddit",
30d,0.0,0.0,NYC Civilian Complaint Review Board,report,,2012 Bi-Annual Report,,https://www.nyc.gov/assets/ccrb/downloads/pdf/policy_pdf/annual_bi-annual/2012_semi.pdf,https://www.nyc.gov/assets/ccrb/downloads/pdf/policy_pdf/annual_bi-annual/2012_semi.pdf,pdf,no public link pickups found in checked sources,0.0,0,0,0,0,"bluesky,hackernews,newsrss,reddit",,0.0,0,0,0,0,"bluesky,hackernews,newsrss,reddit",,0.0,0,0,0,0,"bluesky,hackernews,newsrss,reddit",
30d,0.0,0.0,NYC Civilian Complaint Review Board,report,,2011 Annual Report,,https://www.nyc.gov/assets/ccrb/downloads/pdf/policy_pdf/annual_bi-annual/2011_annual.pdf,https://www.nyc.gov/assets/ccrb/downloads/pdf/policy_pdf/annual_bi-annual/2011_annual.pdf,pdf,no public link pickups found in checked sources,0.0,0,0,0,0,"bluesky,hackernews,newsrss,reddit",,0.0,0,0,0,0,"bluesky,hackernews,newsrss,reddit",,0.0,0,0,0,0,"bluesky,hackernews,newsrss,reddit",
30d,0.0,0.0,NYC Civilian Complaint Review Board,report,,2011 Annual Report Statistical Appendix,,https://www.nyc.gov/assets/ccrb/downloads/pdf/policy_pdf/annual_bi-annual/2011_annual-appendix.pdf,https://www.nyc.gov/assets/ccrb/downloads/pdf/policy_pdf/annual_bi-annual/2011_annual-appendix.pdf,pdf,no public link pickups found in checked sources,0.0,0,0,0,0,"bluesky,hackernews,newsrss,reddit",,0.0,0,0,0,0,"bluesky,hackernews,newsrss,reddit",,0.0,0,0,0,0,"bluesky,hackernews,newsrss,reddit",
30d,0.0,0.0,NYC Civilian Complaint Review Board,report,,2011 Bi-Annual Report,,https://www.nyc.gov/assets/ccrb/downloads/pdf/policy_pdf/annual_bi-annual/2011_semi.pdf,https://www.nyc.gov/assets/ccrb/downloads/pdf/policy_pdf/annual_bi-annual/2011_semi.pdf,pdf,no public link pickups found in checked sources,0.0,0,0,0,0,"bluesky,hackernews,newsrss,reddit",,0.0,0,0,0,0,"bluesky,hackernews,newsrss,reddit",,0.0,0,0,0,0,"bluesky,hackernews,newsrss,reddit",
30d,0.0,0.0,NYC Civilian Complaint Review Board,report,,2010 Annual Report,,https://www.nyc.gov/assets/ccrb/downloads/pdf/policy_pdf/annual_bi-annual/2010_annual.pdf,https://www.nyc.gov/assets/ccrb/downloads/pdf/policy_pdf/annual_bi-annual/2010_annual.pdf,pdf,no public link pickups found in checked sources,0.0,0,0,0,0,"bluesky,hackernews,newsrss,reddit",,0.0,0,0,0,0,"bluesky,hackernews,newsrss,reddit",,0.0,0,0,0,0,"bluesky,hackernews,newsrss,reddit",
30d,0.0,0.0,NYC Civilian Complaint Review Board,report,,2010 Annual Report Statistical Appendix,,https://www.nyc.gov/assets/ccrb/downloads/pdf/policy_pdf/annual_bi-annual/2010_annual-appendix.pdf,https://www.nyc.gov/assets/ccrb/downloads/pdf/policy_pdf/annual_bi-annual/2010_annual-appendix.pdf,pdf,no public link pickups found in checked sources,0.0,0,0,0,0,"bluesky,hackernews,newsrss,reddit",,0.0,0,0,0,0,"bluesky,hackernews,newsrss,reddit",,0.0,0,0,0,0,"bluesky,hackernews,newsrss,reddit",
30d,0.0,0.0,NYC Department of Correction,report,,Summary of Discharges of Inmates with Federal Immigration and Customs Enforcement (ICE) Detainers FY17,,https://www.nyc.gov/assets/doc/downloads/pdf/ICE_Report_2017_Final.pdf,https://www.nyc.gov/assets/doc/downloads/pdf/ICE_Report_2017_Final.pdf,pdf,no public link pickups found in checked sources,0.0,0,0,0,0,"bluesky,hackernews,newsrss,reddit",,0.0,0,0,0,0,"bluesky,hackernews,newsrss,reddit",,0.0,0,0,0,0,"bluesky,hackernews,newsrss,reddit",
30d,0.0,0.0,NYC Department of Correction,report,,Summary of Discharges of Inmates with Federal Immigration and Customs Enforcement (ICE) Detainers FY18,,https://www.nyc.gov/assets/doc/downloads/pdf/ICE_Report_2018%20-018.11.18-clean.pdf,https://www.nyc.gov/assets/doc/downloads/pdf/ICE_Report_2018%20-018.11.18-clean.pdf,pdf,no public link pickups found in checked sources,0.0,0,0,0,0,"bluesky,hackernews,newsrss,reddit",,0.0,0,0,0,0,"bluesky,hackernews,newsrss,reddit",,0.0,0,0,0,0,"bluesky,hackernews,newsrss,reddit",
30d,0.0,0.0,NYC Department of Correction,report,,Summary of Discharges of Inmates with Federal Immigration and Customs Enforcement (ICE) Detainers FY19,,https://www.nyc.gov/assets/doc/downloads/pdf/ICE_Report_2019_FINAL.PDF,https://www.nyc.gov/assets/doc/downloads/pdf/ICE_Report_2019_FINAL.PDF,pdf,no public link pickups found in checked sources,0.0,0,0,0,0,"bluesky,hackernews,newsrss,reddit",,0.0,0,0,0,0,"bluesky,hackernews,newsrss,reddit",,0.0,0,0,0,0,"bluesky,hackernews,newsrss,reddit",
30d,0.0,0.0,NYC Department of Correction,report,,Summary of Discharges of Inmates with Federal Immigration and Customs Enforcement (ICE) Detainers FY20,,https://www.nyc.gov/assets/doc/downloads/pdf/Annual_ICE_Report_FY_2020.pdf,https://www.nyc.gov/assets/doc/downloads/pdf/Annual_ICE_Report_FY_2020.pdf,pdf,no public link pickups found in checked sources,0.0,0,0,0,0,"bluesky,hackernews,newsrss,reddit",,0.0,0,0,0,0,"bluesky,hackernews,newsrss,reddit",,0.0,0,0,0,0,"bluesky,hackernews,newsrss,reddit",
30d,0.0,0.0,NYC Department of Correction,report,,Summary of Discharges of Inmates with Federal Immigration and Customs Enforcement (ICE) Detainers FY21,,https://www.nyc.gov/assets/doc/downloads/pdf/Annual_ICE_Report-FY_2021.pdf,https://www.nyc.gov/assets/doc/downloads/pdf/Annual_ICE_Report-FY_2021.pdf,pdf,no public link pickups found in checked sources,0.0,0,0,0,0,"bluesky,hackernews,newsrss,reddit",,0.0,0,0,0,0,"bluesky,hackernews,newsrss,reddit",,0.0,0,0,0,0,"bluesky,hackernews,newsrss,reddit",
30d,0.0,0.0,NYC Department of Correction,report,,Summary of Discharges of Inmates with Federal Immigration and Customs Enforcement (ICE) Detainers FY22,,https://www.nyc.gov/assets/doc/downloads/pdf/Annual ICE Report-FY 2022.pdf,https://www.nyc.gov/assets/doc/downloads/pdf/Annual ICE Report-FY 2022.pdf,pdf,no public link pickups found in checked sources,0.0,0,0,0,0,"bluesky,hackernews,newsrss,reddit",,0.0,0,0,0,0,"bluesky,hackernews,newsrss,reddit",,0.0,0,0,0,0,"bluesky,hackernews,newsrss,reddit",
30d,0.0,0.0,NYC Department of Correction,report,,Summary of Discharges of Inmates with Federal Immigration and Customs Enforcement (ICE) Detainers FY23,,https://www.nyc.gov/assets/doc/downloads/pdf/Annual_ICE_Report_FY_2023.pdf,https://www.nyc.gov/assets/doc/downloads/pdf/Annual_ICE_Report_FY_2023.pdf,pdf,no public link pickups found in checked sources,0.0,0,0,0,0,"bluesky,hackernews,newsrss,reddit",,0.0,0,0,0,0,"bluesky,hackernews,newsrss,reddit",,0.0,0,0,0,0,"bluesky,hackernews,newsrss,reddit",
30d,0.0,0.0,NYC Department of Correction,report,,Summary of Discharges of Inmates with Federal Immigration and Customs Enforcement (ICE) Detainers FY24,,https://www.nyc.gov/assets/doc/downloads/pdf/Annual_ICE_Report_FY24.pdf,https://www.nyc.gov/assets/doc/downloads/pdf/Annual_ICE_Report_FY24.pdf,pdf,no public link pickups found in checked sources,0.0,0,0,0,0,"bluesky,hackernews,newsrss,reddit",,0.0,0,0,0,0,"bluesky,hackernews,newsrss,reddit",,0.0,0,0,0,0,"bluesky,hackernews,newsrss,reddit",
30d,0.0,0.0,NYC Department of Correction,report,,Summary of Discharges of Inmates with Federal Immigration and Customs Enforcement (ICE) Detainers FY25,,https://www.nyc.gov/assets/doc/downloads/pdf/Annual%20ICE%20Report%20FY25%20Final%20-%20.pdf,https://www.nyc.gov/assets/doc/downloads/pdf/Annual%20ICE%20Report%20FY25%20Final%20-%20.pdf,pdf,no public link pickups found in checked sources,0.0,0,0,0,0,"bluesky,hackernews,newsrss,reddit",,0.0,0,0,0,0,"bluesky,hackernews,newsrss,reddit",,0.0,0,0,0,0,"bluesky,hackernews,newsrss,reddit",
30d,0.0,0.0,NYC Department of Correction,report,,Reporting Sexual Assault and Harassment,,https://www.nyc.gov/assets/doc/downloads/pdf/DOC_Sexual_abuse_poster.pdf,https://www.nyc.gov/assets/doc/downloads/pdf/DOC_Sexual_abuse_poster.pdf,pdf,no public link pickups found in checked sources,0.0,0,0,0,0,"bluesky,hackernews,newsrss,reddit",,0.0,0,0,0,0,"bluesky,hackernews,newsrss,reddit",,0.0,0,0,0,0,"bluesky,hackernews,newsrss,reddit",
30d,0.0,0.0,NYC Department of Correction,report,,Bail Expedition Program,,https://www.nyc.gov/assets/doc/downloads/pdf/2021_BEX.pdf,https://www.nyc.gov/assets/doc/downloads/pdf/2021_BEX.pdf,pdf,no public link pickups found in checked sources,0.0,0,0,0,0,"bluesky,hackernews,newsrss,reddit",,0.0,0,0,0,0,"bluesky,hackernews,newsrss,reddit",,0.0,0,0,0,0,"bluesky,hackernews,newsrss,reddit",
30d,0.0,0.0,NYC Department of Correction,report,,Glossary,,https://www.nyc.gov/assets/doc/downloads/pdf/OnLineDisciplinaryDatabaseNarrativeGlossary_final.pdf,https://www.nyc.gov/assets/doc/downloads/pdf/OnLineDisciplinaryDatabaseNarrativeGlossary_final.pdf,pdf,no public link pickups found in checked sources,0.0,0,0,0,0,"bluesky,hackernews,newsrss,reddit",,0.0,0,0,0,0,"bluesky,hackernews,newsrss,reddit",,0.0,0,0,0,0,"bluesky,hackernews,newsrss,reddit",
30d,0.0,0.0,NYC Department of Correction,report,,2019 discipline (all),,https://www.nyc.gov/assets/doc/downloads/xls/MOS_Discipline_2019_Web.xlsx,https://www.nyc.gov/assets/doc/downloads/xls/MOS_Discipline_2019_Web.xlsx,xlsx,no public link pickups found in checked sources,0.0,0,0,0,0,"bluesky,hackernews,newsrss,reddit",,0.0,0,0,0,0,"bluesky,hackernews,newsrss,reddit",,0.0,0,0,0,0,"bluesky,hackernews,newsrss,reddit",
30d,0.0,0.0,NYC Board of Correction,report,,Download DOC Public Response to BOC 2025 Third Death Report,,https://www.nyc.gov/assets/boc/downloads/pdf/Reports/DOC-Public-Response-to-BOC-2025-Third-Death-Report.pdf,https://www.nyc.gov/assets/boc/downloads/pdf/Reports/DOC-Public-Response-to-BOC-2025-Third-Death-Report.pdf,pdf,no public link pickups found in checked sources,0.0,0,0,0,0,"bluesky,hackernews,newsrss,reddit",,0.0,0,0,0,0,"bluesky,hackernews,newsrss,reddit",,0.0,0,0,0,0,"bluesky,hackernews,newsrss,reddit",
30d,0.0,0.0,NYC Board of Correction,report,,Download the Third Report and Recommendations on 2025 Deaths in New York Department of Correction Custody,,https://www.nyc.gov/assets/boc/downloads/pdf/Third-Report-and-Recommendations-on-2025-Deaths-and-CHS-Response.pdf,https://www.nyc.gov/assets/boc/downloads/pdf/Third-Report-and-Recommendations-on-2025-Deaths-and-CHS-Response.pdf,pdf,no public link pickups found in checked sources,0.0,0,0,0,0,"bluesky,hackernews,newsrss,reddit",,0.0,0,0,0,0,"bluesky,hackernews,newsrss,reddit",,0.0,0,0,0,0,"bluesky,hackernews,newsrss,reddit",
30d,0.0,0.0,NYC Board of Correction,report,,Download the Injury Response in NYC Jails Report,,https://www.nyc.gov/assets/boc/downloads/pdf/2026-Board-of-Correction-Report-Injury-Response.pdf,https://www.nyc.gov/assets/boc/downloads/pdf/2026-Board-of-Correction-Report-Injury-Response.pdf,pdf,no public link pickups found in checked sources,0.0,0,0,0,0,"bluesky,hackernews,newsrss,reddit",,0.0,0,0,0,0,"bluesky,hackernews,newsrss,reddit",,0.0,0,0,0,0,"bluesky,hackernews,newsrss,reddit",
30d,0.0,0.0,NYC Board of Correction,report,,Download CHS's Response to BOC Recommendations,,https://www.nyc.gov/assets/boc/downloads/pdf/CHS-Response-to-BOCs-Injury-Report_2.20.26.pdf,https://www.nyc.gov/assets/boc/downloads/pdf/CHS-Response-to-BOCs-Injury-Report_2.20.26.pdf,pdf,no public link pickups found in checked sources,0.0,0,0,0,0,"bluesky,hackernews,newsrss,reddit",,0.0,0,0,0,0,"bluesky,hackernews,newsrss,reddit",,0.0,0,0,0,0,"bluesky,hackernews,newsrss,reddit",
30d,0.0,0.0,NYC Board of Correction,report,,Download DOC’s Response to BOC Recommendations,,https://www.nyc.gov/assets/boc/downloads/pdf/doc-public-response-to-2026-boc-injury-report.pdf,https://www.nyc.gov/assets/boc/downloads/pdf/doc-public-response-to-2026-boc-injury-report.pdf,pdf,no public link pickups found in checked sources,0.0,0,0,0,0,"bluesky,hackernews,newsrss,reddit",,0.0,0,0,0,0,"bluesky,hackernews,newsrss,reddit",,0.0,0,0,0,0,"bluesky,hackernews,newsrss,reddit",
30d,0.0,0.0,NYC Board of Correction,report,,Download the Second Report and Recommendations on 2025 Deaths in New York Department of Correction Custody,,https://www.nyc.gov/assets/boc/downloads/pdf/second-report-and-recommendations-on-2025-deaths-in-doc-custody.pdf,https://www.nyc.gov/assets/boc/downloads/pdf/second-report-and-recommendations-on-2025-deaths-in-doc-custody.pdf,pdf,no public link pickups found in checked sources,0.0,0,0,0,0,"bluesky,hackernews,newsrss,reddit",,0.0,0,0,0,0,"bluesky,hackernews,newsrss,reddit",,0.0,0,0,0,0,"bluesky,hackernews,newsrss,reddit",
30d,0.0,0.0,NYC Board of Correction,report,,Download Correctional Health Services’ Response to the Report’s Recommendation,,https://www.nyc.gov/assets/boc/downloads/pdf/Reports/chs-response-to-boc-2nd-report-on-2025-deaths.pdf,https://www.nyc.gov/assets/boc/downloads/pdf/Reports/chs-response-to-boc-2nd-report-on-2025-deaths.pdf,pdf,no public link pickups found in checked sources,0.0,0,0,0,0,"bluesky,hackernews,newsrss,reddit",,0.0,0,0,0,0,"bluesky,hackernews,newsrss,reddit",,0.0,0,0,0,0,"bluesky,hackernews,newsrss,reddit",
30d,0.0,0.0,NYC Board of Correction,report,,Download the January 2026 Borough-Based Jails Progress Report,,https://www.nyc.gov/assets/boc/downloads/pdf/BBJ-Report-January-2026-FINAL.pdf,https://www.nyc.gov/assets/boc/downloads/pdf/BBJ-Report-January-2026-FINAL.pdf,pdf,no public link pickups found in checked sources,0.0,0,0,0,0,"bluesky,hackernews,newsrss,reddit",,0.0,0,0,0,0,"bluesky,hackernews,newsrss,reddit",,0.0,0,0,0,0,"bluesky,hackernews,newsrss,reddit",
30d,0.0,0.0,NYC Board of Correction,report,,Download the First Report and Recommendations on 2025 Deaths in New York Department of Correction Custody,,https://www.nyc.gov/assets/boc/downloads/pdf/First-Report-and-Recommendations-on-2025-Deaths-in-NYC-DOC-Custody-with-DOC-and-CHS-responses.pdf,https://www.nyc.gov/assets/boc/downloads/pdf/First-Report-and-Recommendations-on-2025-Deaths-in-NYC-DOC-Custody-with-DOC-and-CHS-responses.pdf,pdf,no public link pickups found in checked sources,0.0,0,0,0,0,"bluesky,hackernews,newsrss,reddit",,0.0,0,0,0,0,"bluesky,hackernews,newsrss,reddit",,0.0,0,0,0,0,"bluesky,hackernews,newsrss,reddit",
30d,0.0,0.0,NYC Board of Correction,report,,Download the NYC Board of Correction Monitoring Unit Quarterly Report,,https://www.nyc.gov/assets/boc/downloads/pdf/FINAL-BOC-Semi-Annual-Monitoring-Report-End-2024.pdf,https://www.nyc.gov/assets/boc/downloads/pdf/FINAL-BOC-Semi-Annual-Monitoring-Report-End-2024.pdf,pdf,no public link pickups found in checked sources,0.0,0,0,0,0,"bluesky,hackernews,newsrss,reddit",,0.0,0,0,0,0,"bluesky,hackernews,newsrss,reddit",,0.0,0,0,0,0,"bluesky,hackernews,newsrss,reddit",
30d,0.0,0.0,NYC Board of Correction,report,,Download the July 2025 Borough-Based Jails Progress Report,,https://www.nyc.gov/assets/boc/downloads/pdf/Reports/BOC-Reports/BBJ-July-2025-FINAL.pdf,https://www.nyc.gov/assets/boc/downloads/pdf/Reports/BOC-Reports/BBJ-July-2025-FINAL.pdf,pdf,no public link pickups found in checked sources,0.0,0,0,0,0,"bluesky,hackernews,newsrss,reddit",,0.0,0,0,0,0,"bluesky,hackernews,newsrss,reddit",,0.0,0,0,0,0,"bluesky,hackernews,newsrss,reddit",
30d,0.0,0.0,NYC Board of Correction,report,,Download the Lock-In and Lock-Out Procedures Report,,https://www.nyc.gov/assets/boc/downloads/pdf/assessment_of_docs_lock_in_and_lock_out_procedures.pdf,https://www.nyc.gov/assets/boc/downloads/pdf/assessment_of_docs_lock_in_and_lock_out_procedures.pdf,pdf,no public link pickups found in checked sources,0.0,0,0,0,0,"bluesky,hackernews,newsrss,reddit",,0.0,0,0,0,0,"bluesky,hackernews,newsrss,reddit",,0.0,0,0,0,0,"bluesky,hackernews,newsrss,reddit",
30d,0.0,0.0,NYC Board of Correction,report,,Download the Assessment of Law Library Services Report,,https://www.nyc.gov/assets/boc/downloads/pdf/BOCs-Assessment-of-Law-Library-Services-on-Rikers-Island-Report-FINAL.pdf,https://www.nyc.gov/assets/boc/downloads/pdf/BOCs-Assessment-of-Law-Library-Services-on-Rikers-Island-Report-FINAL.pdf,pdf,no public link pickups found in checked sources,0.0,0,0,0,0,"bluesky,hackernews,newsrss,reddit",,0.0,0,0,0,0,"bluesky,hackernews,newsrss,reddit",,0.0,0,0,0,0,"bluesky,hackernews,newsrss,reddit",
30d,0.0,0.0,NYC Board of Correction,report,,Download the Assessment of Grievance Procedures and Processes Report (2021-2023),,https://www.nyc.gov/assets/boc/downloads/pdf/Reports/BOC-Reports/LL-133-Grievance-Report-NYC-BOC-12.31.24.pdf,https://www.nyc.gov/assets/boc/downloads/pdf/Reports/BOC-Reports/LL-133-Grievance-Report-NYC-BOC-12.31.24.pdf,pdf,no public link pickups found in checked sources,0.0,0,0,0,0,"bluesky,hackernews,newsrss,reddit",,0.0,0,0,0,0,"bluesky,hackernews,newsrss,reddit",,0.0,0,0,0,0,"bluesky,hackernews,newsrss,reddit",
30d,0.0,0.0,NYC Board of Correction,report,,Download the 2024 Board of Correction Heat Mitigation Report,,https://www.nyc.gov/assets/boc/downloads/pdf/Reports/BOC-Reports/2024-Board-of-Correction-Report-Heat-Mitigation-24DEC2024.pdf,https://www.nyc.gov/assets/boc/downloads/pdf/Reports/BOC-Reports/2024-Board-of-Correction-Report-Heat-Mitigation-24DEC2024.pdf,pdf,no public link pickups found in checked sources,0.0,0,0,0,0,"bluesky,hackernews,newsrss,reddit",,0.0,0,0,0,0,"bluesky,hackernews,newsrss,reddit",,0.0,0,0,0,0,"bluesky,hackernews,newsrss,reddit",
30d,0.0,0.0,NYC Board of Correction,report,,DOC Response to the report (December 2024),,https://www.nyc.gov/assets/boc/downloads/pdf/DOC-Public-Response-to-BOC-Heat-Report-FINAL-12-31.pdf,https://www.nyc.gov/assets/boc/downloads/pdf/DOC-Public-Response-to-BOC-Heat-Report-FINAL-12-31.pdf,pdf,no public link pickups found in checked sources,0.0,0,0,0,0,"bluesky,hackernews,newsrss,reddit",,0.0,0,0,0,0,"bluesky,hackernews,newsrss,reddit",,0.0,0,0,0,0,"bluesky,hackernews,newsrss,reddit",
30d,0.0,0.0,NYC Board of Correction,report,,BOC Statements in further support of the report (January 2025),,https://www.nyc.gov/assets/boc/downloads/pdf/Reports/BOC-Reports/BOC-Statement-on-DOC-Response-to-BOC-2024-Heat-Mitigation-Report-Final-2025.01.03.pdf,https://www.nyc.gov/assets/boc/downloads/pdf/Reports/BOC-Reports/BOC-Statement-on-DOC-Response-to-BOC-2024-Heat-Mitigation-Report-Final-2025.01.03.pdf,pdf,no public link pickups found in checked sources,0.0,0,0,0,0,"bluesky,hackernews,newsrss,reddit",,0.0,0,0,0,0,"bluesky,hackernews,newsrss,reddit",,0.0,0,0,0,0,"bluesky,hackernews,newsrss,reddit",
30d,0.0,0.0,NYC Board of Correction,report,,Download the January 2025 Borough-Based Jails Progress Report,,https://www.nyc.gov/assets/boc/downloads/pdf/Reports/DOC-Reports/BBJ-Report-FINAL-1.1.25.pdf,https://www.nyc.gov/assets/boc/downloads/pdf/Reports/DOC-Reports/BBJ-Report-FINAL-1.1.25.pdf,pdf,no public link pickups found in checked sources,0.0,0,0,0,0,"bluesky,hackernews,newsrss,reddit",,0.0,0,0,0,0,"bluesky,hackernews,newsrss,reddit",,0.0,0,0,0,0,"bluesky,hackernews,newsrss,reddit",
30d,0.0,0.0,NYC Board of Correction,report,,Download the Second Report and Recommendations on 2024 Deaths in New York City Department of Correction Custody,,https://www.nyc.gov/assets/boc/downloads/pdf/Reports/DOC-Reports/Second-Report-and-Recommendations-on-2024-Deaths-in-NYC-Department-of-Correction-Custody.pdf,https://www.nyc.gov/assets/boc/downloads/pdf/Reports/DOC-Reports/Second-Report-and-Recommendations-on-2024-Deaths-in-NYC-Department-of-Correction-Custody.pdf,pdf,no public link pickups found in checked sources,0.0,0,0,0,0,"bluesky,hackernews,newsrss,reddit",,0.0,0,0,0,0,"bluesky,hackernews,newsrss,reddit",,0.0,0,0,0,0,"bluesky,hackernews,newsrss,reddit",
30d,0.0,0.0,NYC Board of Correction,report,,Download the NYC Board of Correction Monitoring Unit Quarterly Report,,https://www.nyc.gov/assets/boc/downloads/pdf/NYC-Board-of-Correction-Monitoring-Unit-Quarterly-Report-Final_2024.11.25.pdf,https://www.nyc.gov/assets/boc/downloads/pdf/NYC-Board-of-Correction-Monitoring-Unit-Quarterly-Report-Final_2024.11.25.pdf,pdf,no public link pickups found in checked sources,0.0,0,0,0,0,"bluesky,hackernews,newsrss,reddit",,0.0,0,0,0,0,"bluesky,hackernews,newsrss,reddit",,0.0,0,0,0,0,"bluesky,hackernews,newsrss,reddit",
30d,0.0,0.0,NYC Board of Correction,report,,DOC Response to the report (November 2024),,https://www.nyc.gov/assets/boc/downloads/pdf/Department-of-Correction-Response-to-New-York-City-Board-of-Correction-Monitoring-Unit-Quarterly-Report.pdf,https://www.nyc.gov/assets/boc/downloads/pdf/Department-of-Correction-Response-to-New-York-City-Board-of-Correction-Monitoring-Unit-Quarterly-Report.pdf,pdf,no public link pickups found in checked sources,0.0,0,0,0,0,"bluesky,hackernews,newsrss,reddit",,0.0,0,0,0,0,"bluesky,hackernews,newsrss,reddit",,0.0,0,0,0,0,"bluesky,hackernews,newsrss,reddit",
30d,0.0,0.0,NYC Board of Correction,report,,Download the Utilization of Sick Call in New York City Jails Report,,https://www.nyc.gov/assets/boc/downloads/pdf/2024-Board-of-Correction-Report-Utilization-of-Sick-Call-in-NYC-Jails-v23AUG2024.pdf,https://www.nyc.gov/assets/boc/downloads/pdf/2024-Board-of-Correction-Report-Utilization-of-Sick-Call-in-NYC-Jails-v23AUG2024.pdf,pdf,no public link pickups found in checked sources,0.0,0,0,0,0,"bluesky,hackernews,newsrss,reddit",,0.0,0,0,0,0,"bluesky,hackernews,newsrss,reddit",,0.0,0,0,0,0,"bluesky,hackernews,newsrss,reddit",
30d,0.0,0.0,NYC Board of Correction,report,,CHS Response to the report (August 2024),,https://www.nyc.gov/assets/boc/downloads/pdf/CHS-Response-2024-Board-of-Correction-Report-Utilization-of-Sick-Call-in-NYC-Jails.pdf,https://www.nyc.gov/assets/boc/downloads/pdf/CHS-Response-2024-Board-of-Correction-Report-Utilization-of-Sick-Call-in-NYC-Jails.pdf,pdf,no public link pickups found in checked sources,0.0,0,0,0,0,"bluesky,hackernews,newsrss,reddit",,0.0,0,0,0,0,"bluesky,hackernews,newsrss,reddit",,0.0,0,0,0,0,"bluesky,hackernews,newsrss,reddit",
30d,0.0,0.0,NYC Board of Correction,report,,DOC Response to the report (August 2024),,https://www.nyc.gov/assets/boc/downloads/pdf/DOC-Response-2024-Board-of-Correction-Report-Utilization-of-Sick-Call-in-NYC-Jails.pdf,https://www.nyc.gov/assets/boc/downloads/pdf/DOC-Response-2024-Board-of-Correction-Report-Utilization-of-Sick-Call-in-NYC-Jails.pdf,pdf,no public link pickups found in checked sources,0.0,0,0,0,0,"bluesky,hackernews,newsrss,reddit",,0.0,0,0,0,0,"bluesky,hackernews,newsrss,reddit",,0.0,0,0,0,0,"bluesky,hackernews,newsrss,reddit",
30d,0.0,0.0,NYC Board of Correction,report,,BOC Statements in further support of the report (August 2024),,https://www.nyc.gov/assets/boc/downloads/pdf/BOC-Statements-2024-Board-of-Correction-Report-Utilization-of-Sick-Call-in-NYC-Jails.pdf,https://www.nyc.gov/assets/boc/downloads/pdf/BOC-Statements-2024-Board-of-Correction-Report-Utilization-of-Sick-Call-in-NYC-Jails.pdf,pdf,no public link pickups found in checked sources,0.0,0,0,0,0,"bluesky,hackernews,newsrss,reddit",,0.0,0,0,0,0,"bluesky,hackernews,newsrss,reddit",,0.0,0,0,0,0,"bluesky,hackernews,newsrss,reddit",
30d,0.0,0.0,NYC Board of Correction,report,,Download the July 2024 Borough-Based Jails Progress Report,,https://www.nyc.gov/assets/boc/downloads/pdf/News/BBJ-Progress-Report-7.1.24-FINAL-UPDATE-7.13.24.pdf,https://www.nyc.gov/assets/boc/downloads/pdf/News/BBJ-Progress-Report-7.1.24-FINAL-UPDATE-7.13.24.pdf,pdf,no public link pickups found in checked sources,0.0,0,0,0,0,"bluesky,hackernews,newsrss,reddit",,0.0,0,0,0,0,"bluesky,hackernews,newsrss,reddit",,0.0,0,0,0,0,"bluesky,hackernews,newsrss,reddit",
30d,0.0,0.0,NYC Board of Correction,report,,Download the Updated First Report and Recommendations on 2023 Deaths in NYC Department of Correction Custody,,https://www.nyc.gov/assets/boc/downloads/pdf/News/First-Report-and-Recommendations-on-2023-Deaths-in-DOC-Custody-Update-and-CHS-Addendum-2024.03.29.pdf,https://www.nyc.gov/assets/boc/downloads/pdf/News/First-Report-and-Recommendations-on-2023-Deaths-in-DOC-Custody-Update-and-CHS-Addendum-2024.03.29.pdf,pdf,no public link pickups found in checked sources,0.0,0,0,0,0,"bluesky,hackernews,newsrss,reddit",,0.0,0,0,0,0,"bluesky,hackernews,newsrss,reddit",,0.0,0,0,0,0,"bluesky,hackernews,newsrss,reddit",
30d,0.0,0.0,NYC Board of Correction,report,,Download the March 2024 Borough-Based Jails Progress Report,,https://www.nyc.gov/assets/boc/downloads/pdf/Reports/BOC-Reports/BBJ-Report-March-2024-FINAL.pdf,https://www.nyc.gov/assets/boc/downloads/pdf/Reports/BOC-Reports/BBJ-Report-March-2024-FINAL.pdf,pdf,no public link pickups found in checked sources,0.0,0,0,0,0,"bluesky,hackernews,newsrss,reddit",,0.0,0,0,0,0,"bluesky,hackernews,newsrss,reddit",,0.0,0,0,0,0,"bluesky,hackernews,newsrss,reddit",
30d,0.0,0.0,NYC Board of Correction,report,,Download the September 2023 Borough-Based Jails Progress Report,,https://www.nyc.gov/assets/boc/downloads/pdf/Reports/BOC-Reports/BOC-Borough-Based-Jails-Progress_Report-20230928.pdf,https://www.nyc.gov/assets/boc/downloads/pdf/Reports/BOC-Reports/BOC-Borough-Based-Jails-Progress_Report-20230928.pdf,pdf,no public link pickups found in checked sources,0.0,0,0,0,0,"bluesky,hackernews,newsrss,reddit",,0.0,0,0,0,0,"bluesky,hackernews,newsrss,reddit",,0.0,0,0,0,0,"bluesky,hackernews,newsrss,reddit",
30d,0.0,0.0,NYC Board of Correction,report,,Download the Report on Recent Trends in Lockdowns in New York City Department of Correction Facilities (October 2022),,https://www.nyc.gov/assets/boc/downloads/pdf/Reports/BOC-Reports/Report-on-Recent-Trends-in-Lockdowns-October-2022.pdf,https://www.nyc.gov/assets/boc/downloads/pdf/Reports/BOC-Reports/Report-on-Recent-Trends-in-Lockdowns-October-2022.pdf,pdf,no public link pickups found in checked sources,0.0,0,0,0,0,"bluesky,hackernews,newsrss,reddit",,0.0,0,0,0,0,"bluesky,hackernews,newsrss,reddit",,0.0,0,0,0,0,"bluesky,hackernews,newsrss,reddit",
30d,0.0,0.0,NYC Board of Correction,report,,Download the Report on the 2021 Suicides and Drug-Related Deaths,,https://www.nyc.gov/assets/boc/downloads/pdf/Reports/BOC-Reports/2021-suicides-and-drug-related-deaths-report-and-chs-response.pdf,https://www.nyc.gov/assets/boc/downloads/pdf/Reports/BOC-Reports/2021-suicides-and-drug-related-deaths-report-and-chs-response.pdf,pdf,no public link pickups found in checked sources,0.0,0,0,0,0,"bluesky,hackernews,newsrss,reddit",,0.0,0,0,0,0,"bluesky,hackernews,newsrss,reddit",,0.0,0,0,0,0,"bluesky,hackernews,newsrss,reddit",
30d,0.0,0.0,NYC Board of Correction,report,,Download the report on borough based jails progess,,https://www.nyc.gov/assets/boc/downloads/pdf/Reports/BOC-Reports/Borough-Based-Jails-Progress-Report.pdf,https://www.nyc.gov/assets/boc/downloads/pdf/Reports/BOC-Reports/Borough-Based-Jails-Progress-Report.pdf,pdf,no public link pickups found in checked sources,0.0,0,0,0,0,"bluesky,hackernews,newsrss,reddit",,0.0,0,0,0,0,"bluesky,hackernews,newsrss,reddit",,0.0,0,0,0,0,"bluesky,hackernews,newsrss,reddit",
30d,0.0,0.0,NYC Board of Correction,report,,Download the report on the attempted suicide of Mr. Nicholas Feliciano,,https://www.nyc.gov/assets/boc/downloads/pdf/Reports/BOC-Reports/nicholas-feliciano-final-report-and-recommendations-with-chs-response-20211018.pdf,https://www.nyc.gov/assets/boc/downloads/pdf/Reports/BOC-Reports/nicholas-feliciano-final-report-and-recommendations-with-chs-response-20211018.pdf,pdf,no public link pickups found in checked sources,0.0,0,0,0,0,"bluesky,hackernews,newsrss,reddit",,0.0,0,0,0,0,"bluesky,hackernews,newsrss,reddit",,0.0,0,0,0,0,"bluesky,hackernews,newsrss,reddit",
30d,0.0,0.0,NYC Board of Correction,report,,Press Release,,https://www.nyc.gov/assets/boc/downloads/pdf/Reports/BOC-Reports/2020.06_Polanco/2020.06.23_Polanco_Press Release_final_final.pdf,https://www.nyc.gov/assets/boc/downloads/pdf/Reports/BOC-Reports/2020.06_Polanco/2020.06.23_Polanco_Press Release_final_final.pdf,pdf,no public link pickups found in checked sources,0.0,0,0,0,0,"bluesky,hackernews,newsrss,reddit",,0.0,0,0,0,0,"bluesky,hackernews,newsrss,reddit",,0.0,0,0,0,0,"bluesky,hackernews,newsrss,reddit",
30d,0.0,0.0,NYC Board of Correction,report,,Body Scanners and Separation Status Report (January 2020),,https://www.nyc.gov/assets/boc/downloads/pdf/Reports/BOC-Reports/2020.01.13 FINAL Separation Status Body Scanner Public Report_to PDF.pdf,https://www.nyc.gov/assets/boc/downloads/pdf/Reports/BOC-Reports/2020.01.13 FINAL Separation Status Body Scanner Public Report_to PDF.pdf,pdf,no public link pickups found in checked sources,0.0,0,0,0,0,"bluesky,hackernews,newsrss,reddit",,0.0,0,0,0,0,"bluesky,hackernews,newsrss,reddit",,0.0,0,0,0,0,"bluesky,hackernews,newsrss,reddit",
30d,0.0,0.0,NYC Board of Correction,report,,DOC Response to BOC Recommendations (February 2020),,https://www.nyc.gov/assets/boc/downloads/pdf/Reports/final_doc_response_to_boc_findings_2_7_2020.pdf,https://www.nyc.gov/assets/boc/downloads/pdf/Reports/final_doc_response_to_boc_findings_2_7_2020.pdf,pdf,no public link pickups found in checked sources,0.0,0,0,0,0,"bluesky,hackernews,newsrss,reddit",,0.0,0,0,0,0,"bluesky,hackernews,newsrss,reddit",,0.0,0,0,0,0,"bluesky,hackernews,newsrss,reddit",
30d,0.0,0.0,NYC Board of Correction,report,,CHS Response to BOC Recommendations (February 2020),,https://www.nyc.gov/assets/boc/downloads/pdf/Reports/sep_status_body_scanners_final_recommendations_chs_comments.pdf,https://www.nyc.gov/assets/boc/downloads/pdf/Reports/sep_status_body_scanners_final_recommendations_chs_comments.pdf,pdf,no public link pickups found in checked sources,0.0,0,0,0,0,"bluesky,hackernews,newsrss,reddit",,0.0,0,0,0,0,"bluesky,hackernews,newsrss,reddit",,0.0,0,0,0,0,"bluesky,hackernews,newsrss,reddit",
30d,0.0,0.0,NYC Board of Correction,report,,Access to Health and Mental Health Care Report (January - December 2018) (June 2019),,https://www.nyc.gov/assets/boc/downloads/pdf/Reports/BOC-Reports/Health_Access/4b_Access%20Report%202018%20Review_Final_June%202019.pdf,https://www.nyc.gov/assets/boc/downloads/pdf/Reports/BOC-Reports/Health_Access/4b_Access%20Report%202018%20Review_Final_June%202019.pdf,pdf,no public link pickups found in checked sources,0.0,0,0,0,0,"bluesky,hackernews,newsrss,reddit",,0.0,0,0,0,0,"bluesky,hackernews,newsrss,reddit",,0.0,0,0,0,0,"bluesky,hackernews,newsrss,reddit",
30d,0.0,0.0,NYC Board of Correction,report,,CHS Response to BOC Recommendations (June 2019),,https://www.nyc.gov/assets/boc/downloads/pdf/Reports/BOC-Reports/Health_Access/4d_CHS%20Response-Recommendations%20for%20CHS%20and%20DOC.pdf,https://www.nyc.gov/assets/boc/downloads/pdf/Reports/BOC-Reports/Health_Access/4d_CHS%20Response-Recommendations%20for%20CHS%20and%20DOC.pdf,pdf,no public link pickups found in checked sources,0.0,0,0,0,0,"bluesky,hackernews,newsrss,reddit",,0.0,0,0,0,0,"bluesky,hackernews,newsrss,reddit",,0.0,0,0,0,0,"bluesky,hackernews,newsrss,reddit",
30d,0.0,0.0,NYC Board of Correction,report,,DOC Response to BOC Recommendations (June 2019),,https://www.nyc.gov/assets/boc/downloads/pdf/Reports/BOC-Reports/Health_Access/4c_DOC%20Response%20to%20BOC%20Access%20to%20Care%202018%20Recommendations_Final.pdf,https://www.nyc.gov/assets/boc/downloads/pdf/Reports/BOC-Reports/Health_Access/4c_DOC%20Response%20to%20BOC%20Access%20to%20Care%202018%20Recommendations_Final.pdf,pdf,no public link pickups found in checked sources,0.0,0,0,0,0,"bluesky,hackernews,newsrss,reddit",,0.0,0,0,0,0,"bluesky,hackernews,newsrss,reddit",,0.0,0,0,0,0,"bluesky,hackernews,newsrss,reddit",
30d,0.0,0.0,NYPD,report,,Gun Arrest Custody Status,,https://www.nyc.gov/assets/nypd/downloads/pdf/crime_control_strategies/1080-cccs-gun-arrests-custody-status.pdf,https://www.nyc.gov/assets/nypd/downloads/pdf/crime_control_strategies/1080-cccs-gun-arrests-custody-status.pdf,pdf,no public link pickups found in checked sources,0.0,0,0,0,0,"bluesky,hackernews,newsrss,reddit",,0.0,0,0,0,0,"bluesky,hackernews,newsrss,reddit",,0.0,0,0,0,0,"bluesky,hackernews,newsrss,reddit",
30d,0.0,0.0,NYPD,report,,2024 Use of Force Report,,https://www.nyc.gov/assets/nypd/downloads/pdf/analysis_and_planning/2024 UOF Final_Version.pdf,https://www.nyc.gov/assets/nypd/downloads/pdf/analysis_and_planning/2024 UOF Final_Version.pdf,pdf,no public link pickups found in checked sources,0.0,0,0,0,0,"bluesky,hackernews,newsrss,reddit",,0.0,0,0,0,0,"bluesky,hackernews,newsrss,reddit",,0.0,0,0,0,0,"bluesky,hackernews,newsrss,reddit",
30d,0.0,0.0,NYPD,report,,2023 Use of Force Report,,https://www.nyc.gov/assets/nypd/downloads/pdf/use-of-force/use-of-force-2023.pdf,https://www.nyc.gov/assets/nypd/downloads/pdf/use-of-force/use-of-force-2023.pdf,pdf,no public link pickups found in checked sources,0.0,0,0,0,0,"bluesky,hackernews,newsrss,reddit",,0.0,0,0,0,0,"bluesky,hackernews,newsrss,reddit",,0.0,0,0,0,0,"bluesky,hackernews,newsrss,reddit",
30d,0.0,0.0,NYPD,report,,2022 Use of Force Report,,https://www.nyc.gov/assets/nypd/downloads/pdf/use-of-force/use-of-force-2022.pdf,https://www.nyc.gov/assets/nypd/downloads/pdf/use-of-force/use-of-force-2022.pdf,pdf,no public link pickups found in checked sources,0.0,0,0,0,0,"bluesky,hackernews,newsrss,reddit",,0.0,0,0,0,0,"bluesky,hackernews,newsrss,reddit",,0.0,0,0,0,0,"bluesky,hackernews,newsrss,reddit",
30d,0.0,0.0,NYPD,report,,2021 Use of Force Report,,https://www.nyc.gov/assets/nypd/downloads/pdf/use-of-force/use-of-force-2021.pdf,https://www.nyc.gov/assets/nypd/downloads/pdf/use-of-force/use-of-force-2021.pdf,pdf,no public link pickups found in checked sources,0.0,0,0,0,0,"bluesky,hackernews,newsrss,reddit",,0.0,0,0,0,0,"bluesky,hackernews,newsrss,reddit",,0.0,0,0,0,0,"bluesky,hackernews,newsrss,reddit",
30d,0.0,0.0,NYPD,report,,2020 Use of Force Report,,https://www.nyc.gov/assets/nypd/downloads/pdf/use-of-force/use-of-force-2020-issued-2021-12.pdf,https://www.nyc.gov/assets/nypd/downloads/pdf/use-of-force/use-of-force-2020-issued-2021-12.pdf,pdf,no public link pickups found in checked sources,0.0,0,0,0,0,"bluesky,hackernews,newsrss,reddit",,0.0,0,0,0,0,"bluesky,hackernews,newsrss,reddit",,0.0,0,0,0,0,"bluesky,hackernews,newsrss,reddit",
30d,0.0,0.0,NYPD,report,,2018 Use of Force Report,,https://www.nyc.gov/assets/nypd/downloads/pdf/use-of-force/use-of-force-2018.pdf,https://www.nyc.gov/assets/nypd/downloads/pdf/use-of-force/use-of-force-2018.pdf,pdf,no public link pickups found in checked sources,0.0,0,0,0,0,"bluesky,hackernews,newsrss,reddit",,0.0,0,0,0,0,"bluesky,hackernews,newsrss,reddit",,0.0,0,0,0,0,"bluesky,hackernews,newsrss,reddit",
30d,0.0,0.0,NYPD,report,,2017 Use of Force Report,,https://www.nyc.gov/assets/nypd/downloads/pdf/use-of-force/use-of-force-2017.pdf,https://www.nyc.gov/assets/nypd/downloads/pdf/use-of-force/use-of-force-2017.pdf,pdf,no public link pickups found in checked sources,0.0,0,0,0,0,"bluesky,hackernews,newsrss,reddit",,0.0,0,0,0,0,"bluesky,hackernews,newsrss,reddit",,0.0,0,0,0,0,"bluesky,hackernews,newsrss,reddit",
30d,0.0,0.0,NYPD,report,,2016 Use of Force Report,,https://www.nyc.gov/assets/nypd/downloads/pdf/use-of-force/use-of-force-2016.pdf,https://www.nyc.gov/assets/nypd/downloads/pdf/use-of-force/use-of-force-2016.pdf,pdf,no public link pickups found in checked sources,0.0,0,0,0,0,"bluesky,hackernews,newsrss,reddit",,0.0,0,0,0,0,"bluesky,hackernews,newsrss,reddit",,0.0,0,0,0,0,"bluesky,hackernews,newsrss,reddit",
30d,0.0,0.0,NYPD,report,,2015 Firearms Discharge Report,,https://www.nyc.gov/assets/nypd/downloads/pdf/analysis_and_planning/firearms-discharge/annual-firearms-discharge-2015.pdf,https://www.nyc.gov/assets/nypd/downloads/pdf/analysis_and_planning/firearms-discharge/annual-firearms-discharge-2015.pdf,pdf,no public link pickups found in checked sources,0.0,0,0,0,0,"bluesky,hackernews,newsrss,reddit",,0.0,0,0,0,0,"bluesky,hackernews,newsrss,reddit",,0.0,0,0,0,0,"bluesky,hackernews,newsrss,reddit",
30d,0.0,0.0,NYPD,report,,2014 Firearms Discharge Report,,https://www.nyc.gov/assets/nypd/downloads/pdf/analysis_and_planning/firearms-discharge/annual-firearms-discharge-2014.pdf,https://www.nyc.gov/assets/nypd/downloads/pdf/analysis_and_planning/firearms-discharge/annual-firearms-discharge-2014.pdf,pdf,no public link pickups found in checked sources,0.0,0,0,0,0,"bluesky,hackernews,newsrss,reddit",,0.0,0,0,0,0,"bluesky,hackernews,newsrss,reddit",,0.0,0,0,0,0,"bluesky,hackernews,newsrss,reddit",
30d,0.0,0.0,NYPD,report,,2013 Firearms Discharge Report,,https://www.nyc.gov/assets/nypd/downloads/pdf/analysis_and_planning/firearms-discharge/annual-firearms-discharge-2013.pdf,https://www.nyc.gov/assets/nypd/downloads/pdf/analysis_and_planning/firearms-discharge/annual-firearms-discharge-2013.pdf,pdf,no public link pickups found in checked sources,0.0,0,0,0,0,"bluesky,hackernews,newsrss,reddit",,0.0,0,0,0,0,"bluesky,hackernews,newsrss,reddit",,0.0,0,0,0,0,"bluesky,hackernews,newsrss,reddit",
30d,0.0,0.0,NYPD,report,,2012 Firearms Discharge Report,,https://www.nyc.gov/assets/nypd/downloads/pdf/analysis_and_planning/firearms-discharge/annual-firearms-discharge-2012.pdf,https://www.nyc.gov/assets/nypd/downloads/pdf/analysis_and_planning/firearms-discharge/annual-firearms-discharge-2012.pdf,pdf,no public link pickups found in checked sources,0.0,0,0,0,0,"bluesky,hackernews,newsrss,reddit",,0.0,0,0,0,0,"bluesky,hackernews,newsrss,reddit",,0.0,0,0,0,0,"bluesky,hackernews,newsrss,reddit",
30d,0.0,0.0,NYPD,report,,2011 Firearms Discharge Report,,https://www.nyc.gov/assets/nypd/downloads/pdf/analysis_and_planning/firearms-discharge/annual-firearms-discharge-2011.pdf,https://www.nyc.gov/assets/nypd/downloads/pdf/analysis_and_planning/firearms-discharge/annual-firearms-discharge-2011.pdf,pdf,no public link pickups found in checked sources,0.0,0,0,0,0,"bluesky,hackernews,newsrss,reddit",,0.0,0,0,0,0,"bluesky,hackernews,newsrss,reddit",,0.0,0,0,0,0,"bluesky,hackernews,newsrss,reddit",
30d,0.0,0.0,NYPD,report,,2010 Firearms Discharge Report,,https://www.nyc.gov/assets/nypd/downloads/pdf/analysis_and_planning/firearms-discharge/annual-firearms-discharge-2010.pdf,https://www.nyc.gov/assets/nypd/downloads/pdf/analysis_and_planning/firearms-discharge/annual-firearms-discharge-2010.pdf,pdf,no public link pickups found in checked sources,0.0,0,0,0,0,"bluesky,hackernews,newsrss,reddit",,0.0,0,0,0,0,"bluesky,hackernews,newsrss,reddit",,0.0,0,0,0,0,"bluesky,hackernews,newsrss,reddit",
30d,0.0,0.0,NYPD,report,,2009 Firearms Discharge Report,,https://www.nyc.gov/assets/nypd/downloads/pdf/analysis_and_planning/firearms-discharge/annual-firearms-discharge-2009.pdf,https://www.nyc.gov/assets/nypd/downloads/pdf/analysis_and_planning/firearms-discharge/annual-firearms-discharge-2009.pdf,pdf,no public link pickups found in checked sources,0.0,0,0,0,0,"bluesky,hackernews,newsrss,reddit",,0.0,0,0,0,0,"bluesky,hackernews,newsrss,reddit",,0.0,0,0,0,0,"bluesky,hackernews,newsrss,reddit",
30d,0.0,0.0,NYPD,report,,2008 Firearms Discharge Report,,https://www.nyc.gov/assets/nypd/downloads/pdf/analysis_and_planning/firearms-discharge/annual-firearms-discharge-2008.pdf,https://www.nyc.gov/assets/nypd/downloads/pdf/analysis_and_planning/firearms-discharge/annual-firearms-discharge-2008.pdf,pdf,no public link pickups found in checked sources,0.0,0,0,0,0,"bluesky,hackernews,newsrss,reddit",,0.0,0,0,0,0,"bluesky,hackernews,newsrss,reddit",,0.0,0,0,0,0,"bluesky,hackernews,newsrss,reddit",
30d,0.0,0.0,NYPD,report,,2007 Firearms Discharge Report,,https://www.nyc.gov/assets/nypd/downloads/pdf/analysis_and_planning/firearms-discharge/annual-firearms-discharge-2007.pdf,https://www.nyc.gov/assets/nypd/downloads/pdf/analysis_and_planning/firearms-discharge/annual-firearms-discharge-2007.pdf,pdf,no public link pickups found in checked sources,0.0,0,0,0,0,"bluesky,hackernews,newsrss,reddit",,0.0,0,0,0,0,"bluesky,hackernews,newsrss,reddit",,0.0,0,0,0,0,"bluesky,hackernews,newsrss,reddit",
30d,0.0,0.0,NYPD,report,,2025 Excel file,,https://www.nyc.gov/assets/nypd/downloads/excel/analysis_and_planning/stop-question-frisk/sqf-2025.xlsx,https://www.nyc.gov/assets/nypd/downloads/excel/analysis_and_planning/stop-question-frisk/sqf-2025.xlsx,xlsx,no public link pickups found in checked sources,0.0,0,0,0,0,"bluesky,hackernews,newsrss,reddit",,0.0,0,0,0,0,"bluesky,hackernews,newsrss,reddit",,0.0,0,0,0,0,"bluesky,hackernews,newsrss,reddit",
30d,0.0,0.0,NYPD,report,,2024 Excel file,,https://www.nyc.gov/assets/nypd/downloads/excel/analysis_and_planning/stop-question-frisk/sqf-2024.xlsx,https://www.nyc.gov/assets/nypd/downloads/excel/analysis_and_planning/stop-question-frisk/sqf-2024.xlsx,xlsx,no public link pickups found in checked sources,0.0,0,0,0,0,"bluesky,hackernews,newsrss,reddit",,0.0,0,0,0,0,"bluesky,hackernews,newsrss,reddit",,0.0,0,0,0,0,"bluesky,hackernews,newsrss,reddit",
30d,0.0,0.0,NYPD,report,,2023 Excel file,,https://www.nyc.gov/assets/nypd/downloads/excel/analysis_and_planning/stop-question-frisk/sqf-2023.xlsx,https://www.nyc.gov/assets/nypd/downloads/excel/analysis_and_planning/stop-question-frisk/sqf-2023.xlsx,xlsx,no public link pickups found in checked sources,0.0,0,0,0,0,"bluesky,hackernews,newsrss,reddit",,0.0,0,0,0,0,"bluesky,hackernews,newsrss,reddit",,0.0,0,0,0,0,"bluesky,hackernews,newsrss,reddit",
30d,0.0,0.0,NYPD,report,,2022 Excel file,,https://www.nyc.gov/assets/nypd/downloads/excel/analysis_and_planning/stop-question-frisk/sqf-2022.xlsx,https://www.nyc.gov/assets/nypd/downloads/excel/analysis_and_planning/stop-question-frisk/sqf-2022.xlsx,xlsx,no public link pickups found in checked sources,0.0,0,0,0,0,"bluesky,hackernews,newsrss,reddit",,0.0,0,0,0,0,"bluesky,hackernews,newsrss,reddit",,0.0,0,0,0,0,"bluesky,hackernews,newsrss,reddit",
30d,0.0,0.0,NYPD,report,,2021 Excel file,,https://www.nyc.gov/assets/nypd/downloads/excel/analysis_and_planning/stop-question-frisk/sqf-2021.xlsx,https://www.nyc.gov/assets/nypd/downloads/excel/analysis_and_planning/stop-question-frisk/sqf-2021.xlsx,xlsx,no public link pickups found in checked sources,0.0,0,0,0,0,"bluesky,hackernews,newsrss,reddit",,0.0,0,0,0,0,"bluesky,hackernews,newsrss,reddit",,0.0,0,0,0,0,"bluesky,hackernews,newsrss,reddit",
30d,0.0,0.0,NYPD,report,,2020 Excel file,,https://www.nyc.gov/assets/nypd/downloads/excel/analysis_and_planning/stop-question-frisk/sqf-2020.xlsx,https://www.nyc.gov/assets/nypd/downloads/excel/analysis_and_planning/stop-question-frisk/sqf-2020.xlsx,xlsx,no public link pickups found in checked sources,0.0,0,0,0,0,"bluesky,hackernews,newsrss,reddit",,0.0,0,0,0,0,"bluesky,hackernews,newsrss,reddit",,0.0,0,0,0,0,"bluesky,hackernews,newsrss,reddit",
30d,0.0,0.0,NYPD,report,,2019 Excel file,,https://www.nyc.gov/assets/nypd/downloads/excel/analysis_and_planning/stop-question-frisk/sqf-2019.xlsx,https://www.nyc.gov/assets/nypd/downloads/excel/analysis_and_planning/stop-question-frisk/sqf-2019.xlsx,xlsx,no public link pickups found in checked sources,0.0,0,0,0,0,"bluesky,hackernews,newsrss,reddit",,0.0,0,0,0,0,"bluesky,hackernews,newsrss,reddit",,0.0,0,0,0,0,"bluesky,hackernews,newsrss,reddit",
30d,0.0,0.0,NYPD,report,,2018 Excel file,,https://www.nyc.gov/assets/nypd/downloads/excel/analysis_and_planning/stop-question-frisk/sqf-2018.xlsx,https://www.nyc.gov/assets/nypd/downloads/excel/analysis_and_planning/stop-question-frisk/sqf-2018.xlsx,xlsx,no public link pickups found in checked sources,0.0,0,0,0,0,"bluesky,hackernews,newsrss,reddit",,0.0,0,0,0,0,"bluesky,hackernews,newsrss,reddit",,0.0,0,0,0,0,"bluesky,hackernews,newsrss,reddit",
30d,0.0,0.0,NYPD,report,,2016 CSV file,,https://www.nyc.gov/assets/nypd/downloads/excel/analysis_and_planning/stop-question-frisk/sqf-2016.csv,,unknown,no public link pickups found in checked sources,0.0,0,0,0,0,"bluesky,hackernews,newsrss,reddit",,0.0,0,0,0,0,"bluesky,hackernews,newsrss,reddit",,0.0,0,0,0,0,"bluesky,hackernews,newsrss,reddit",
30d,0.0,0.0,NYPD,report,,2015 CSV file,,https://www.nyc.gov/assets/nypd/downloads/excel/analysis_and_planning/stop-question-frisk/sqf-2015.csv,,unknown,no public link pickups found in checked sources,0.0,0,0,0,0,"bluesky,hackernews,newsrss,reddit",,0.0,0,0,0,0,"bluesky,hackernews,newsrss,reddit",,0.0,0,0,0,0,"bluesky,hackernews,newsrss,reddit",
30d,0.0,0.0,NYPD,report,,2014 CSV zip archive,,https://www.nyc.gov/assets/nypd/downloads/zip/analysis_and_planning/stop-question-frisk/sqf-2014-csv.zip,,unknown,no public link pickups found in checked sources,0.0,0,0,0,0,"bluesky,hackernews,newsrss,reddit",,0.0,0,0,0,0,"bluesky,hackernews,newsrss,reddit",,0.0,0,0,0,0,"bluesky,hackernews,newsrss,reddit",
30d,0.0,0.0,NYPD,report,,2013 CSV zip archive,,https://www.nyc.gov/assets/nypd/downloads/zip/analysis_and_planning/stop-question-frisk/sqf-2013-csv.zip,,unknown,no public link pickups found in checked sources,0.0,0,0,0,0,"bluesky,hackernews,newsrss,reddit",,0.0,0,0,0,0,"bluesky,hackernews,newsrss,reddit",,0.0,0,0,0,0,"bluesky,hackernews,newsrss,reddit",
30d,0.0,0.0,NYPD,report,,2012 CSV zip archive,,https://www.nyc.gov/assets/nypd/downloads/zip/analysis_and_planning/stop-question-frisk/sqf-2012-csv.zip,,unknown,no public link pickups found in checked sources,0.0,0,0,0,0,"bluesky,hackernews,newsrss,reddit",,0.0,0,0,0,0,"bluesky,hackernews,newsrss,reddit",,0.0,0,0,0,0,"bluesky,hackernews,newsrss,reddit",
30d,0.0,0.0,NYPD,report,,2011 CSV zip archive,,https://www.nyc.gov/assets/nypd/downloads/zip/analysis_and_planning/stop-question-frisk/sqf-2011-csv.zip,,unknown,no public link pickups found in checked sources,0.0,0,0,0,0,"bluesky,hackernews,newsrss,reddit",,0.0,0,0,0,0,"bluesky,hackernews,newsrss,reddit",,0.0,0,0,0,0,"bluesky,hackernews,newsrss,reddit",
30d,0.0,0.0,NYPD,report,,2010 CSV zip archive,,https://www.nyc.gov/assets/nypd/downloads/zip/analysis_and_planning/stop-question-frisk/sqf-2010-csv.zip,,unknown,no public link pickups found in checked sources,0.0,0,0,0,0,"bluesky,hackernews,newsrss,reddit",,0.0,0,0,0,0,"bluesky,hackernews,newsrss,reddit",,0.0,0,0,0,0,"bluesky,hackernews,newsrss,reddit",
30d,0.0,0.0,NYPD,report,,2009 CSV zip archive,,https://www.nyc.gov/assets/nypd/downloads/zip/analysis_and_planning/stop-question-frisk/sqf-2009-csv.zip,,unknown,no public link pickups found in checked sources,0.0,0,0,0,0,"bluesky,hackernews,newsrss,reddit",,0.0,0,0,0,0,"bluesky,hackernews,newsrss,reddit",,0.0,0,0,0,0,"bluesky,hackernews,newsrss,reddit",
30d,0.0,0.0,NYPD,report,,2008 CSV zip archive,,https://www.nyc.gov/assets/nypd/downloads/zip/analysis_and_planning/stop-question-frisk/sqf-2008-csv.zip,,unknown,no public link pickups found in checked sources,0.0,0,0,0,0,"bluesky,hackernews,newsrss,reddit",,0.0,0,0,0,0,"bluesky,hackernews,newsrss,reddit",,0.0,0,0,0,0,"bluesky,hackernews,newsrss,reddit",
30d,0.0,0.0,NYPD,report,,2007 CSV zip archive,,https://www.nyc.gov/assets/nypd/downloads/zip/analysis_and_planning/stop-question-frisk/sqf-2007-csv.zip,,unknown,no public link pickups found in checked sources,0.0,0,0,0,0,"bluesky,hackernews,newsrss,reddit",,0.0,0,0,0,0,"bluesky,hackernews,newsrss,reddit",,0.0,0,0,0,0,"bluesky,hackernews,newsrss,reddit",
30d,0.0,0.0,NYPD,report,,2006 CSV zip archive,,https://www.nyc.gov/assets/nypd/downloads/zip/analysis_and_planning/stop-question-frisk/sqf-2006-csv.zip,,unknown,no public link pickups found in checked sources,0.0,0,0,0,0,"bluesky,hackernews,newsrss,reddit",,0.0,0,0,0,0,"bluesky,hackernews,newsrss,reddit",,0.0,0,0,0,0,"bluesky,hackernews,newsrss,reddit",
30d,0.0,0.0,NYPD,report,,2005 CSV zip archive,,https://www.nyc.gov/assets/nypd/downloads/zip/analysis_and_planning/stop-question-frisk/sqf-2005-csv.zip,,unknown,no public link pickups found in checked sources,0.0,0,0,0,0,"bluesky,hackernews,newsrss,reddit",,0.0,0,0,0,0,"bluesky,hackernews,newsrss,reddit",,0.0,0,0,0,0,"bluesky,hackernews,newsrss,reddit",
30d,0.0,0.0,NYPD,report,,2004 CSV zip archive,,https://www.nyc.gov/assets/nypd/downloads/zip/analysis_and_planning/stop-question-frisk/sqf-2004-csv.zip,,unknown,no public link pickups found in checked sources,0.0,0,0,0,0,"bluesky,hackernews,newsrss,reddit",,0.0,0,0,0,0,"bluesky,hackernews,newsrss,reddit",,0.0,0,0,0,0,"bluesky,hackernews,newsrss,reddit",
30d,0.0,0.0,NYPD,report,,2003 CSV zip archive,,https://www.nyc.gov/assets/nypd/downloads/zip/analysis_and_planning/stop-question-frisk/sqf-2003-csv.zip,,unknown,no public link pickups found in checked sources,0.0,0,0,0,0,"bluesky,hackernews,newsrss,reddit",,0.0,0,0,0,0,"bluesky,hackernews,newsrss,reddit",,0.0,0,0,0,0,"bluesky,hackernews,newsrss,reddit",
30d,0.0,0.0,NYPD,report,,"The most recent NYPD Stop, Question, and Frisk database file specifications",,https://www.nyc.gov/assets/nypd/downloads/excel/analysis_and_planning/stop-question-frisk/2019-sqf-file-spec.xlsx,https://www.nyc.gov/assets/nypd/downloads/excel/analysis_and_planning/stop-question-frisk/2019-sqf-file-spec.xlsx,xlsx,no public link pickups found in checked sources,0.0,0,0,0,0,"bluesky,hackernews,newsrss,reddit",,0.0,0,0,0,0,"bluesky,hackernews,newsrss,reddit",,0.0,0,0,0,0,"bluesky,hackernews,newsrss,reddit",
30d,0.0,0.0,NYPD,report,,SQF file documentation zip,,https://www.nyc.gov/assets/nypd/downloads/zip/analysis_and_planning/stop-question-frisk/SQF-File-Documentation.zip,,unknown,no public link pickups found in checked sources,0.0,0,0,0,0,"bluesky,hackernews,newsrss,reddit",,0.0,0,0,0,0,"bluesky,hackernews,newsrss,reddit",,0.0,0,0,0,0,"bluesky,hackernews,newsrss,reddit",
30d,0.0,0.0,NYPD,report,,AC 14-150 2026 Q1 SQF Report,,https://www.nyc.gov/assets/nypd/downloads/excel/analysis_and_planning/Q1 2026 SQF Report.xlsx,https://www.nyc.gov/assets/nypd/downloads/excel/analysis_and_planning/Q1 2026 SQF Report.xlsx,xlsx,no public link pickups found in checked sources,0.0,0,0,0,0,"bluesky,hackernews,newsrss,reddit",,0.0,0,0,0,0,"bluesky,hackernews,newsrss,reddit",,0.0,0,0,0,0,"bluesky,hackernews,newsrss,reddit",
30d,0.0,0.0,NYPD,report,,AC 14-150 2025 Q4 SQF Report,,https://www.nyc.gov/assets/nypd/downloads/excel/analysis_and_planning/stop-question-frisk/sqf-report-q4-2025.xlsx,https://www.nyc.gov/assets/nypd/downloads/excel/analysis_and_planning/stop-question-frisk/sqf-report-q4-2025.xlsx,xlsx,no public link pickups found in checked sources,0.0,0,0,0,0,"bluesky,hackernews,newsrss,reddit",,0.0,0,0,0,0,"bluesky,hackernews,newsrss,reddit",,0.0,0,0,0,0,"bluesky,hackernews,newsrss,reddit",
30d,0.0,0.0,NYPD,report,,AC 14-150 2025 Q3 SQF Report,,https://www.nyc.gov/assets/nypd/downloads/excel/analysis_and_planning/stop-question-frisk/sqf-report-q3-2025.xlsx,https://www.nyc.gov/assets/nypd/downloads/excel/analysis_and_planning/stop-question-frisk/sqf-report-q3-2025.xlsx,xlsx,no public link pickups found in checked sources,0.0,0,0,0,0,"bluesky,hackernews,newsrss,reddit",,0.0,0,0,0,0,"bluesky,hackernews,newsrss,reddit",,0.0,0,0,0,0,"bluesky,hackernews,newsrss,reddit",
30d,0.0,0.0,NYPD,report,,AC 14-150 2025 Q2 SQF Report,,https://www.nyc.gov/assets/nypd/downloads/excel/analysis_and_planning/stop-question-frisk/sqf-report-q2-2025.xlsx,https://www.nyc.gov/assets/nypd/downloads/excel/analysis_and_planning/stop-question-frisk/sqf-report-q2-2025.xlsx,xlsx,no public link pickups found in checked sources,0.0,0,0,0,0,"bluesky,hackernews,newsrss,reddit",,0.0,0,0,0,0,"bluesky,hackernews,newsrss,reddit",,0.0,0,0,0,0,"bluesky,hackernews,newsrss,reddit",
30d,0.0,0.0,NYPD,report,,AC 14-150 2025 Q1 SQF Report,,https://www.nyc.gov/assets/nypd/downloads/excel/analysis_and_planning/stop-question-frisk/sqf-report-q1-2025.xlsx,https://www.nyc.gov/assets/nypd/downloads/excel/analysis_and_planning/stop-question-frisk/sqf-report-q1-2025.xlsx,xlsx,no public link pickups found in checked sources,0.0,0,0,0,0,"bluesky,hackernews,newsrss,reddit",,0.0,0,0,0,0,"bluesky,hackernews,newsrss,reddit",,0.0,0,0,0,0,"bluesky,hackernews,newsrss,reddit",
30d,0.0,0.0,NYPD,report,,AC 14-150 2024 Q4 SQF Report,,https://www.nyc.gov/assets/nypd/downloads/excel/analysis_and_planning/stop-question-frisk/sqf-report-q4-2024.xlsx,https://www.nyc.gov/assets/nypd/downloads/excel/analysis_and_planning/stop-question-frisk/sqf-report-q4-2024.xlsx,xlsx,no public link pickups found in checked sources,0.0,0,0,0,0,"bluesky,hackernews,newsrss,reddit",,0.0,0,0,0,0,"bluesky,hackernews,newsrss,reddit",,0.0,0,0,0,0,"bluesky,hackernews,newsrss,reddit",
30d,0.0,0.0,NYPD,report,,AC 14-150 2024 Q3 SQF Report,,https://www.nyc.gov/assets/nypd/downloads/excel/analysis_and_planning/stop-question-frisk/sqf-report-q3-2024.xlsx,https://www.nyc.gov/assets/nypd/downloads/excel/analysis_and_planning/stop-question-frisk/sqf-report-q3-2024.xlsx,xlsx,no public link pickups found in checked sources,0.0,0,0,0,0,"bluesky,hackernews,newsrss,reddit",,0.0,0,0,0,0,"bluesky,hackernews,newsrss,reddit",,0.0,0,0,0,0,"bluesky,hackernews,newsrss,reddit",
30d,0.0,0.0,NYPD,report,,Level II Investigative Encounters (Incident level). 2025 (Excel),,https://www.nyc.gov/assets/nypd/downloads/excel/analysis_and_planning/investigative-encounters/level-2-encounter-2025.xlsx,https://www.nyc.gov/assets/nypd/downloads/excel/analysis_and_planning/investigative-encounters/level-2-encounter-2025.xlsx,xlsx,no public link pickups found in checked sources,0.0,0,0,0,0,"bluesky,hackernews,newsrss,reddit",,0.0,0,0,0,0,"bluesky,hackernews,newsrss,reddit",,0.0,0,0,0,0,"bluesky,hackernews,newsrss,reddit",
30d,0.0,0.0,NYC Conflicts of Interest Board,report,,Acceptable Use Policy,,https://www.nyc.gov/assets/coib/downloads/pdf2/aup-final-issued-version.pdf,https://www.nyc.gov/assets/coib/downloads/pdf2/aup-final-issued-version.pdf,pdf,no public link pickups found in checked sources,0.0,0,0,0,0,"bluesky,hackernews,newsrss,reddit",,0.0,0,0,0,0,"bluesky,hackernews,newsrss,reddit",,0.0,0,0,0,0,"bluesky,hackernews,newsrss,reddit",
30d,0.0,0.0,NYC Conflicts of Interest Board,report,,2024 Annual Report,,https://www.nyc.gov/assets/coib/downloads/pdf2/annual_reports/2024-nyc-coib-annual-report.pdf,https://www.nyc.gov/assets/coib/downloads/pdf2/annual_reports/2024-nyc-coib-annual-report.pdf,pdf,no public link pickups found in checked sources,0.0,0,0,0,0,"bluesky,hackernews,newsrss,reddit",,0.0,0,0,0,0,"bluesky,hackernews,newsrss,reddit",,0.0,0,0,0,0,"bluesky,hackernews,newsrss,reddit",
30d,0.0,0.0,NYC Conflicts of Interest Board,report,,2023 Annual Report,,https://www.nyc.gov/assets/coib/downloads/pdf2/annual_reports/2023-nyc-coib-annual-report.pdf,https://www.nyc.gov/assets/coib/downloads/pdf2/annual_reports/2023-nyc-coib-annual-report.pdf,pdf,no public link pickups found in checked sources,0.0,0,0,0,0,"bluesky,hackernews,newsrss,reddit",,0.0,0,0,0,0,"bluesky,hackernews,newsrss,reddit",,0.0,0,0,0,0,"bluesky,hackernews,newsrss,reddit",
30d,0.0,0.0,NYC Conflicts of Interest Board,report,,2022 Annual Report,,https://www.nyc.gov/assets/coib/downloads/pdf2/annual_reports/2022-nyc-coib-annual-report.pdf,https://www.nyc.gov/assets/coib/downloads/pdf2/annual_reports/2022-nyc-coib-annual-report.pdf,pdf,no public link pickups found in checked sources,0.0,0,0,0,0,"bluesky,hackernews,newsrss,reddit",,0.0,0,0,0,0,"bluesky,hackernews,newsrss,reddit",,0.0,0,0,0,0,"bluesky,hackernews,newsrss,reddit",
30d,0.0,0.0,NYC Conflicts of Interest Board,report,,2021 Annual Report,,https://www.nyc.gov/assets/coib/downloads/pdf2/annual_reports/2021-nyc-coib-annual-report.pdf,https://www.nyc.gov/assets/coib/downloads/pdf2/annual_reports/2021-nyc-coib-annual-report.pdf,pdf,no public link pickups found in checked sources,0.0,0,0,0,0,"bluesky,hackernews,newsrss,reddit",,0.0,0,0,0,0,"bluesky,hackernews,newsrss,reddit",,0.0,0,0,0,0,"bluesky,hackernews,newsrss,reddit",
30d,0.0,0.0,NYC Conflicts of Interest Board,report,,2020 Annual Report,,https://www.nyc.gov/assets/coib/downloads/pdf2/annual_reports/2020-nyc-coib-annual-report.pdf,https://www.nyc.gov/assets/coib/downloads/pdf2/annual_reports/2020-nyc-coib-annual-report.pdf,pdf,no public link pickups found in checked sources,0.0,0,0,0,0,"bluesky,hackernews,newsrss,reddit",,0.0,0,0,0,0,"bluesky,hackernews,newsrss,reddit",,0.0,0,0,0,0,"bluesky,hackernews,newsrss,reddit",
30d,0.0,0.0,NYC Conflicts of Interest Board,report,,2019 Annual Report,,https://www.nyc.gov/assets/coib/downloads/pdf2/annual_reports/2019-nyc-coib-annual-report.pdf,https://www.nyc.gov/assets/coib/downloads/pdf2/annual_reports/2019-nyc-coib-annual-report.pdf,pdf,no public link pickups found in checked sources,0.0,0,0,0,0,"bluesky,hackernews,newsrss,reddit",,0.0,0,0,0,0,"bluesky,hackernews,newsrss,reddit",,0.0,0,0,0,0,"bluesky,hackernews,newsrss,reddit",
30d,0.0,0.0,NYC Conflicts of Interest Board,report,,2018 Annual Report,,https://www.nyc.gov/assets/coib/downloads/pdf2/annual_reports/2018-nyc-coib-annual-report.pdf,https://www.nyc.gov/assets/coib/downloads/pdf2/annual_reports/2018-nyc-coib-annual-report.pdf,pdf,no public link pickups found in checked sources,0.0,0,0,0,0,"bluesky,hackernews,newsrss,reddit",,0.0,0,0,0,0,"bluesky,hackernews,newsrss,reddit",,0.0,0,0,0,0,"bluesky,hackernews,newsrss,reddit",
30d,0.0,0.0,NYC Conflicts of Interest Board,report,,2017 Annual Report,,https://www.nyc.gov/assets/coib/downloads/pdf2/annual_reports/2017_NYC_COIB_Annual_Report.pdf,https://www.nyc.gov/assets/coib/downloads/pdf2/annual_reports/2017_NYC_COIB_Annual_Report.pdf,pdf,no public link pickups found in checked sources,0.0,0,0,0,0,"bluesky,hackernews,newsrss,reddit",,0.0,0,0,0,0,"bluesky,hackernews,newsrss,reddit",,0.0,0,0,0,0,"bluesky,hackernews,newsrss,reddit",
30d,0.0,0.0,NYC Conflicts of Interest Board,report,,2016 Annual Report,,https://www.nyc.gov/assets/coib/downloads/pdf2/annual_reports/final_report_2016.pdf,https://www.nyc.gov/assets/coib/downloads/pdf2/annual_reports/final_report_2016.pdf,pdf,no public link pickups found in checked sources,0.0,0,0,0,0,"bluesky,hackernews,newsrss,reddit",,0.0,0,0,0,0,"bluesky,hackernews,newsrss,reddit",,0.0,0,0,0,0,"bluesky,hackernews,newsrss,reddit",
30d,0.0,0.0,NYC Conflicts of Interest Board,report,,2015 Annual Report,,https://www.nyc.gov/assets/coib/downloads/pdf2/annual_reports/final_report_2015.pdf,https://www.nyc.gov/assets/coib/downloads/pdf2/annual_reports/final_report_2015.pdf,pdf,no public link pickups found in checked sources,0.0,0,0,0,0,"bluesky,hackernews,newsrss,reddit",,0.0,0,0,0,0,"bluesky,hackernews,newsrss,reddit",,0.0,0,0,0,0,"bluesky,hackernews,newsrss,reddit",
30d,0.0,0.0,NYC Conflicts of Interest Board,report,,2014 Annual Report,,https://www.nyc.gov/assets/coib/downloads/pdf2/annual_reports/final_report_2014.pdf,https://www.nyc.gov/assets/coib/downloads/pdf2/annual_reports/final_report_2014.pdf,pdf,no public link pickups found in checked sources,0.0,0,0,0,0,"bluesky,hackernews,newsrss,reddit",,0.0,0,0,0,0,"bluesky,hackernews,newsrss,reddit",,0.0,0,0,0,0,"bluesky,hackernews,newsrss,reddit",
30d,0.0,0.0,NYC Conflicts of Interest Board,report,,2013 Annual Report,,https://www.nyc.gov/assets/coib/downloads/pdf2/annual_reports/final_report_2013.pdf,https://www.nyc.gov/assets/coib/downloads/pdf2/annual_reports/final_report_2013.pdf,pdf,no public link pickups found in checked sources,0.0,0,0,0,0,"bluesky,hackernews,newsrss,reddit",,0.0,0,0,0,0,"bluesky,hackernews,newsrss,reddit",,0.0,0,0,0,0,"bluesky,hackernews,newsrss,reddit",
30d,0.0,0.0,NYC Conflicts of Interest Board,report,,2012 Annual Report,,https://www.nyc.gov/assets/coib/downloads/pdf2/annual_reports/final_report_2012.pdf,https://www.nyc.gov/assets/coib/downloads/pdf2/annual_reports/final_report_2012.pdf,pdf,no public link pickups found in checked sources,0.0,0,0,0,0,"bluesky,hackernews,newsrss,reddit",,0.0,0,0,0,0,"bluesky,hackernews,newsrss,reddit",,0.0,0,0,0,0,"bluesky,hackernews,newsrss,reddit",
30d,0.0,0.0,NYC Conflicts of Interest Board,report,,2011 Annual Report,,https://www.nyc.gov/assets/coib/downloads/pdf2/annual_reports/final_report_2011.pdf,https://www.nyc.gov/assets/coib/downloads/pdf2/annual_reports/final_report_2011.pdf,pdf,no public link pickups found in checked sources,0.0,0,0,0,0,"bluesky,hackernews,newsrss,reddit",,0.0,0,0,0,0,"bluesky,hackernews,newsrss,reddit",,0.0,0,0,0,0,"bluesky,hackernews,newsrss,reddit",
30d,0.0,0.0,NYC Conflicts of Interest Board,report,,2010 Annual Report,,https://www.nyc.gov/assets/coib/downloads/pdf2/annual_reports/final_report_2010.pdf,https://www.nyc.gov/assets/coib/downloads/pdf2/annual_reports/final_report_2010.pdf,pdf,no public link pickups found in checked sources,0.0,0,0,0,0,"bluesky,hackernews,newsrss,reddit",,0.0,0,0,0,0,"bluesky,hackernews,newsrss,reddit",,0.0,0,0,0,0,"bluesky,hackernews,newsrss,reddit",
30d,0.0,0.0,NYC Conflicts of Interest Board,report,,2009 Annual Report,,https://www.nyc.gov/assets/coib/downloads/pdf2/annual_reports/annual_report_2009_final.pdf,https://www.nyc.gov/assets/coib/downloads/pdf2/annual_reports/annual_report_2009_final.pdf,pdf,no public link pickups found in checked sources,0.0,0,0,0,0,"bluesky,hackernews,newsrss,reddit",,0.0,0,0,0,0,"bluesky,hackernews,newsrss,reddit",,0.0,0,0,0,0,"bluesky,hackernews,newsrss,reddit",
30d,0.0,0.0,NYC Conflicts of Interest Board,report,,2008 Annual Report,,https://www.nyc.gov/assets/coib/downloads/pdf2/annual_reports/annual_report_2008.pdf,https://www.nyc.gov/assets/coib/downloads/pdf2/annual_reports/annual_report_2008.pdf,pdf,no public link pickups found in checked sources,0.0,0,0,0,0,"bluesky,hackernews,newsrss,reddit",,0.0,0,0,0,0,"bluesky,hackernews,newsrss,reddit",,0.0,0,0,0,0,"bluesky,hackernews,newsrss,reddit",
30d,0.0,0.0,NYC Conflicts of Interest Board,report,,2007 Annual Report,,https://www.nyc.gov/assets/coib/downloads/pdf2/annual_reports/Annual_Report_07.pdf,https://www.nyc.gov/assets/coib/downloads/pdf2/annual_reports/Annual_Report_07.pdf,pdf,no public link pickups found in checked sources,0.0,0,0,0,0,"bluesky,hackernews,newsrss,reddit",,0.0,0,0,0,0,"bluesky,hackernews,newsrss,reddit",,0.0,0,0,0,0,"bluesky,hackernews,newsrss,reddit",
30d,0.0,0.0,NYC Conflicts of Interest Board,report,,2006 Annual Report,,https://www.nyc.gov/assets/coib/downloads/pdf2/annual_reports/annual_report_2006.pdf,https://www.nyc.gov/assets/coib/downloads/pdf2/annual_reports/annual_report_2006.pdf,pdf,no public link pickups found in checked sources,0.0,0,0,0,0,"bluesky,hackernews,newsrss,reddit",,0.0,0,0,0,0,"bluesky,hackernews,newsrss,reddit",,0.0,0,0,0,0,"bluesky,hackernews,newsrss,reddit",
30d,0.0,0.0,NYC Conflicts of Interest Board,report,,2005 Annual Report,,https://www.nyc.gov/assets/coib/downloads/pdf2/annual_reports/annual_report_2005.pdf,https://www.nyc.gov/assets/coib/downloads/pdf2/annual_reports/annual_report_2005.pdf,pdf,no public link pickups found in checked sources,0.0,0,0,0,0,"bluesky,hackernews,newsrss,reddit",,0.0,0,0,0,0,"bluesky,hackernews,newsrss,reddit",,0.0,0,0,0,0,"bluesky,hackernews,newsrss,reddit",
30d,0.0,0.0,NYC Conflicts of Interest Board,report,,2004 Annual Report,,https://www.nyc.gov/assets/coib/downloads/pdf2/annual_reports/annual report_04.pdf,https://www.nyc.gov/assets/coib/downloads/pdf2/annual_reports/annual report_04.pdf,pdf,no public link pickups found in checked sources,0.0,0,0,0,0,"bluesky,hackernews,newsrss,reddit",,0.0,0,0,0,0,"bluesky,hackernews,newsrss,reddit",,0.0,0,0,0,0,"bluesky,hackernews,newsrss,reddit",
30d,0.0,0.0,NYC Conflicts of Interest Board,report,,2003 Annual Report,,https://www.nyc.gov/assets/coib/downloads/pdf2/annual_reports/2003_annual_report_1.pdf,https://www.nyc.gov/assets/coib/downloads/pdf2/annual_reports/2003_annual_report_1.pdf,pdf,no public link pickups found in checked sources,0.0,0,0,0,0,"bluesky,hackernews,newsrss,reddit",,0.0,0,0,0,0,"bluesky,hackernews,newsrss,reddit",,0.0,0,0,0,0,"bluesky,hackernews,newsrss,reddit",
30d,0.0,0.0,NYC Conflicts of Interest Board,report,,2002 Annual Report,,https://www.nyc.gov/assets/coib/downloads/pdf2/annual_reports/annual2002.pdf,https://www.nyc.gov/assets/coib/downloads/pdf2/annual_reports/annual2002.pdf,pdf,no public link pickups found in checked sources,0.0,0,0,0,0,"bluesky,hackernews,newsrss,reddit",,0.0,0,0,0,0,"bluesky,hackernews,newsrss,reddit",,0.0,0,0,0,0,"bluesky,hackernews,newsrss,reddit",
30d,0.0,0.0,NYC Conflicts of Interest Board,report,,2001 Annual Report,,https://www.nyc.gov/assets/coib/downloads/pdf2/annual_reports/annual2001.pdf,https://www.nyc.gov/assets/coib/downloads/pdf2/annual_reports/annual2001.pdf,pdf,no public link pickups found in checked sources,0.0,0,0,0,0,"bluesky,hackernews,newsrss,reddit",,0.0,0,0,0,0,"bluesky,hackernews,newsrss,reddit",,0.0,0,0,0,0,"bluesky,hackernews,newsrss,reddit",
30d,0.0,0.0,NYC Conflicts of Interest Board,report,,2000 Annual Report,,https://www.nyc.gov/assets/coib/downloads/pdf2/annual_reports/annual2000.pdf,https://www.nyc.gov/assets/coib/downloads/pdf2/annual_reports/annual2000.pdf,pdf,no public link pickups found in checked sources,0.0,0,0,0,0,"bluesky,hackernews,newsrss,reddit",,0.0,0,0,0,0,"bluesky,hackernews,newsrss,reddit",,0.0,0,0,0,0,"bluesky,hackernews,newsrss,reddit",
30d,0.0,0.0,NYC Conflicts of Interest Board,report,,1999 Annual Report,,https://www.nyc.gov/assets/coib/downloads/pdf2/annual_reports/1999_Annual_Report.pdf,https://www.nyc.gov/assets/coib/downloads/pdf2/annual_reports/1999_Annual_Report.pdf,pdf,no public link pickups found in checked sources,0.0,0,0,0,0,"bluesky,hackernews,newsrss,reddit",,0.0,0,0,0,0,"bluesky,hackernews,newsrss,reddit",,0.0,0,0,0,0,"bluesky,hackernews,newsrss,reddit",
30d,0.0,0.0,NYC Conflicts of Interest Board,report,,1998 Annual Report,,https://www.nyc.gov/assets/coib/downloads/pdf2/annual_reports/1998_Annual_Report.pdf,https://www.nyc.gov/assets/coib/downloads/pdf2/annual_reports/1998_Annual_Report.pdf,pdf,no public link pickups found in checked sources,0.0,0,0,0,0,"bluesky,hackernews,newsrss,reddit",,0.0,0,0,0,0,"bluesky,hackernews,newsrss,reddit",,0.0,0,0,0,0,"bluesky,hackernews,newsrss,reddit",
30d,0.0,0.0,NYC Conflicts of Interest Board,report,,1997 Annual Report,,https://www.nyc.gov/assets/coib/downloads/pdf2/annual_reports/1997_Annual_Report.pdf,https://www.nyc.gov/assets/coib/downloads/pdf2/annual_reports/1997_Annual_Report.pdf,pdf,no public link pickups found in checked sources,0.0,0,0,0,0,"bluesky,hackernews,newsrss,reddit",,0.0,0,0,0,0,"bluesky,hackernews,newsrss,reddit",,0.0,0,0,0,0,"bluesky,hackernews,newsrss,reddit",
30d,0.0,0.0,NYC Conflicts of Interest Board,report,,1996 Annual Report,,https://www.nyc.gov/assets/coib/downloads/pdf2/annual_reports/1996_Annual_Report.pdf,https://www.nyc.gov/assets/coib/downloads/pdf2/annual_reports/1996_Annual_Report.pdf,pdf,no public link pickups found in checked sources,0.0,0,0,0,0,"bluesky,hackernews,newsrss,reddit",,0.0,0,0,0,0,"bluesky,hackernews,newsrss,reddit",,0.0,0,0,0,0,"bluesky,hackernews,newsrss,reddit",
30d,0.0,0.0,NYC Mayor's Office of Criminal Justice,report,,Supervised Release Annual 2020 Scorecard,,https://criminaljustice.cityofnewyork.us/wp-content/uploads/2021/07/Supervised-Release_Annual-2020-Scorecard.pdf,https://criminaljustice.cityofnewyork.us/wp-content/uploads/2021/07/Supervised-Release_Annual-2020-Scorecard.pdf,pdf,no public link pickups found in checked sources,0.0,0,0,0,0,"bluesky,hackernews,newsrss,reddit",,0.0,0,0,0,0,"bluesky,hackernews,newsrss,reddit",,0.0,0,0,0,0,"bluesky,hackernews,newsrss,reddit",
30d,0.0,0.0,NYC Mayor's Office of Criminal Justice,report,,Cannabis Fact Sheet 2021,,https://criminaljustice.cityofnewyork.us/wp-content/uploads/2021/06/Cannabis-fact-sheet__2021.pdf,https://criminaljustice.cityofnewyork.us/wp-content/uploads/2021/06/Cannabis-fact-sheet__2021.pdf,pdf,no public link pickups found in checked sources,0.0,0,0,0,0,"bluesky,hackernews,newsrss,reddit",,0.0,0,0,0,0,"bluesky,hackernews,newsrss,reddit",,0.0,0,0,0,0,"bluesky,hackernews,newsrss,reddit",
30d,0.0,0.0,NYC Mayor's Office of Criminal Justice,report,,2020 Shootings And Murder Factsheet January 2021,,https://criminaljustice.cityofnewyork.us/wp-content/uploads/2021/01/2020-Shootings-and-Murder-factsheet_January-2021.pdf,https://criminaljustice.cityofnewyork.us/wp-content/uploads/2021/01/2020-Shootings-and-Murder-factsheet_January-2021.pdf,pdf,no public link pickups found in checked sources,0.0,0,0,0,0,"bluesky,hackernews,newsrss,reddit",,0.0,0,0,0,0,"bluesky,hackernews,newsrss,reddit",,0.0,0,0,0,0,"bluesky,hackernews,newsrss,reddit",
30d,0.0,0.0,NYC Mayor's Office of Criminal Justice,report,,Sr 2020 Benchcard Citywide Non Covid,,https://criminaljustice.cityofnewyork.us/wp-content/uploads/2020/11/SR-2020_Benchcard_Citywide_Non_COVID.pdf,https://criminaljustice.cityofnewyork.us/wp-content/uploads/2020/11/SR-2020_Benchcard_Citywide_Non_COVID.pdf,pdf,no public link pickups found in checked sources,0.0,0,0,0,0,"bluesky,hackernews,newsrss,reddit",,0.0,0,0,0,0,"bluesky,hackernews,newsrss,reddit",,0.0,0,0,0,0,"bluesky,hackernews,newsrss,reddit",
30d,0.0,0.0,NYC Mayor's Office of Criminal Justice,report,,City Sentenced Factsheet October 2020,,https://criminaljustice.cityofnewyork.us/wp-content/uploads/2020/10/City-Sentenced-Factsheet_October-2020.pdf,https://criminaljustice.cityofnewyork.us/wp-content/uploads/2020/10/City-Sentenced-Factsheet_October-2020.pdf,pdf,no public link pickups found in checked sources,0.0,0,0,0,0,"bluesky,hackernews,newsrss,reddit",,0.0,0,0,0,0,"bluesky,hackernews,newsrss,reddit",,0.0,0,0,0,0,"bluesky,hackernews,newsrss,reddit",
30d,0.0,0.0,NYC Mayor's Office of Criminal Justice,report,,Supervised Release Scorecard January June 2020,,https://criminaljustice.cityofnewyork.us/wp-content/uploads/2020/09/Supervised-Release-Scorecard_January-June-2020.pdf,https://criminaljustice.cityofnewyork.us/wp-content/uploads/2020/09/Supervised-Release-Scorecard_January-June-2020.pdf,pdf,no public link pickups found in checked sources,0.0,0,0,0,0,"bluesky,hackernews,newsrss,reddit",,0.0,0,0,0,0,"bluesky,hackernews,newsrss,reddit",,0.0,0,0,0,0,"bluesky,hackernews,newsrss,reddit",
30d,0.0,0.0,NYC Mayor's Office of Criminal Justice,report,,Supervised Release Annual Scorecard 2019 September 2020,,https://criminaljustice.cityofnewyork.us/wp-content/uploads/2020/09/Supervised-Release-Annual-Scorecard-2019_September-2020.pdf,https://criminaljustice.cityofnewyork.us/wp-content/uploads/2020/09/Supervised-Release-Annual-Scorecard-2019_September-2020.pdf,pdf,no public link pickups found in checked sources,0.0,0,0,0,0,"bluesky,hackernews,newsrss,reddit",,0.0,0,0,0,0,"bluesky,hackernews,newsrss,reddit",,0.0,0,0,0,0,"bluesky,hackernews,newsrss,reddit",
30d,0.0,0.0,NYC Mayor's Office of Criminal Justice,report,,Jail State Parolees Fact Sheet August 13 2020,,https://criminaljustice.cityofnewyork.us/wp-content/uploads/2020/08/Jail-State-Parolees-Fact-Sheet_August-13-2020.pdf,https://criminaljustice.cityofnewyork.us/wp-content/uploads/2020/08/Jail-State-Parolees-Fact-Sheet_August-13-2020.pdf,pdf,no public link pickups found in checked sources,0.0,0,0,0,0,"bluesky,hackernews,newsrss,reddit",,0.0,0,0,0,0,"bluesky,hackernews,newsrss,reddit",,0.0,0,0,0,0,"bluesky,hackernews,newsrss,reddit",
30d,0.0,0.0,NYC Mayor's Office of Criminal Justice,report,,Cms And Map Days Without Shootings July 27 2020,,https://criminaljustice.cityofnewyork.us/wp-content/uploads/2020/07/CMS-and-MAP-days-without-shootings-July-27-2020.pdf,https://criminaljustice.cityofnewyork.us/wp-content/uploads/2020/07/CMS-and-MAP-days-without-shootings-July-27-2020.pdf,pdf,no public link pickups found in checked sources,0.0,0,0,0,0,"bluesky,hackernews,newsrss,reddit",,0.0,0,0,0,0,"bluesky,hackernews,newsrss,reddit",,0.0,0,0,0,0,"bluesky,hackernews,newsrss,reddit",
30d,0.0,0.0,NYC Mayor's Office of Criminal Justice,report,,Covid Factsheet May 25 2020,,https://criminaljustice.cityofnewyork.us/wp-content/uploads/2020/05/COVID-factsheet-MAY-25-2020.pdf,https://criminaljustice.cityofnewyork.us/wp-content/uploads/2020/05/COVID-factsheet-MAY-25-2020.pdf,pdf,no public link pickups found in checked sources,0.0,0,0,0,0,"bluesky,hackernews,newsrss,reddit",,0.0,0,0,0,0,"bluesky,hackernews,newsrss,reddit",,0.0,0,0,0,0,"bluesky,hackernews,newsrss,reddit",
30d,0.0,0.0,NYC Mayor's Office of Criminal Justice,report,,Covid Factsheet May 14 2020,,https://criminaljustice.cityofnewyork.us/wp-content/uploads/2020/05/COVID-factsheet-MAY-14-2020.pdf,https://criminaljustice.cityofnewyork.us/wp-content/uploads/2020/05/COVID-factsheet-MAY-14-2020.pdf,pdf,no public link pickups found in checked sources,0.0,0,0,0,0,"bluesky,hackernews,newsrss,reddit",,0.0,0,0,0,0,"bluesky,hackernews,newsrss,reddit",,0.0,0,0,0,0,"bluesky,hackernews,newsrss,reddit",
30d,0.0,0.0,NYC Mayor's Office of Criminal Justice,report,,Returning From Rikers Supports And Services Available May 2020,,https://criminaljustice.cityofnewyork.us/wp-content/uploads/2020/05/Returning-from-Rikers-Supports-and-Services-Available_May-2020.pdf,https://criminaljustice.cityofnewyork.us/wp-content/uploads/2020/05/Returning-from-Rikers-Supports-and-Services-Available_May-2020.pdf,pdf,no public link pickups found in checked sources,0.0,0,0,0,0,"bluesky,hackernews,newsrss,reddit",,0.0,0,0,0,0,"bluesky,hackernews,newsrss,reddit",,0.0,0,0,0,0,"bluesky,hackernews,newsrss,reddit",
30d,0.0,0.0,NYC Mayor's Office of Criminal Justice,report,,Covid Factsheet May 7 2020,,https://criminaljustice.cityofnewyork.us/wp-content/uploads/2020/05/COVID-factsheet_MAY-7-2020.pdf,https://criminaljustice.cityofnewyork.us/wp-content/uploads/2020/05/COVID-factsheet_MAY-7-2020.pdf,pdf,no public link pickups found in checked sources,0.0,0,0,0,0,"bluesky,hackernews,newsrss,reddit",,0.0,0,0,0,0,"bluesky,hackernews,newsrss,reddit",,0.0,0,0,0,0,"bluesky,hackernews,newsrss,reddit",
30d,0.0,0.0,NYC Mayor's Office of Criminal Justice,report,,Cms Days Without Shooting May 13,,https://criminaljustice.cityofnewyork.us/wp-content/uploads/2020/05/CMS-Days-Without-Shooting_May-13.pdf,https://criminaljustice.cityofnewyork.us/wp-content/uploads/2020/05/CMS-Days-Without-Shooting_May-13.pdf,pdf,no public link pickups found in checked sources,0.0,0,0,0,0,"bluesky,hackernews,newsrss,reddit",,0.0,0,0,0,0,"bluesky,hackernews,newsrss,reddit",,0.0,0,0,0,0,"bluesky,hackernews,newsrss,reddit",
30d,0.0,0.0,NYC Mayor's Office of Criminal Justice,report,,Covid Factsheet April 30 2020,,https://criminaljustice.cityofnewyork.us/wp-content/uploads/2020/05/COVID-factsheet_APRIL-30-2020.pdf,https://criminaljustice.cityofnewyork.us/wp-content/uploads/2020/05/COVID-factsheet_APRIL-30-2020.pdf,pdf,no public link pickups found in checked sources,0.0,0,0,0,0,"bluesky,hackernews,newsrss,reddit",,0.0,0,0,0,0,"bluesky,hackernews,newsrss,reddit",,0.0,0,0,0,0,"bluesky,hackernews,newsrss,reddit",
30d,0.0,0.0,NYC Mayor's Office of Criminal Justice,report,,Covid Factsheet April 23 2020,,https://criminaljustice.cityofnewyork.us/wp-content/uploads/2020/04/COVID-factsheet_APRIL-23-2020.pdf,https://criminaljustice.cityofnewyork.us/wp-content/uploads/2020/04/COVID-factsheet_APRIL-23-2020.pdf,pdf,no public link pickups found in checked sources,0.0,0,0,0,0,"bluesky,hackernews,newsrss,reddit",,0.0,0,0,0,0,"bluesky,hackernews,newsrss,reddit",,0.0,0,0,0,0,"bluesky,hackernews,newsrss,reddit",
30d,0.0,0.0,NYC Mayor's Office of Criminal Justice,report,,Covid Factsheet April 16 2020,,https://criminaljustice.cityofnewyork.us/wp-content/uploads/2020/04/COVID-factsheet_APRIL-16-2020.pdf,https://criminaljustice.cityofnewyork.us/wp-content/uploads/2020/04/COVID-factsheet_APRIL-16-2020.pdf,pdf,no public link pickups found in checked sources,0.0,0,0,0,0,"bluesky,hackernews,newsrss,reddit",,0.0,0,0,0,0,"bluesky,hackernews,newsrss,reddit",,0.0,0,0,0,0,"bluesky,hackernews,newsrss,reddit",
30d,0.0,0.0,NYC Mayor's Office of Criminal Justice,report,,Mocj Covid 19 Jail Reduction,,https://criminaljustice.cityofnewyork.us/wp-content/uploads/2020/04/MOCJ-COVID-19-Jail-Reduction.pdf,https://criminaljustice.cityofnewyork.us/wp-content/uploads/2020/04/MOCJ-COVID-19-Jail-Reduction.pdf,pdf,no public link pickups found in checked sources,0.0,0,0,0,0,"bluesky,hackernews,newsrss,reddit",,0.0,0,0,0,0,"bluesky,hackernews,newsrss,reddit",,0.0,0,0,0,0,"bluesky,hackernews,newsrss,reddit",
30d,0.0,0.0,NYC Mayor's Office of Criminal Justice,report,,Rikers Scorecard Jan Feb 2020,,https://criminaljustice.cityofnewyork.us/wp-content/uploads/2020/04/Rikers-scorecard__Jan-Feb-2020.pdf,https://criminaljustice.cityofnewyork.us/wp-content/uploads/2020/04/Rikers-scorecard__Jan-Feb-2020.pdf,pdf,no public link pickups found in checked sources,0.0,0,0,0,0,"bluesky,hackernews,newsrss,reddit",,0.0,0,0,0,0,"bluesky,hackernews,newsrss,reddit",,0.0,0,0,0,0,"bluesky,hackernews,newsrss,reddit",
30d,0.0,0.0,NYC Mayor's Office of Criminal Justice,report,,Rikers Scorecard Novemberdecember 2019,,https://criminaljustice.cityofnewyork.us/wp-content/uploads/2020/01/Rikers-scorecard__NovemberDecember-2019.pdf,https://criminaljustice.cityofnewyork.us/wp-content/uploads/2020/01/Rikers-scorecard__NovemberDecember-2019.pdf,pdf,no public link pickups found in checked sources,0.0,0,0,0,0,"bluesky,hackernews,newsrss,reddit",,0.0,0,0,0,0,"bluesky,hackernews,newsrss,reddit",,0.0,0,0,0,0,"bluesky,hackernews,newsrss,reddit",
30d,0.0,0.0,NYC Mayor's Office of Criminal Justice,report,,Rikers Scorecard September October 2019,,https://criminaljustice.cityofnewyork.us/wp-content/uploads/2019/11/Rikers-scorecard__September-October-2019.pdf,https://criminaljustice.cityofnewyork.us/wp-content/uploads/2019/11/Rikers-scorecard__September-October-2019.pdf,pdf,no public link pickups found in checked sources,0.0,0,0,0,0,"bluesky,hackernews,newsrss,reddit",,0.0,0,0,0,0,"bluesky,hackernews,newsrss,reddit",,0.0,0,0,0,0,"bluesky,hackernews,newsrss,reddit",
30d,0.0,0.0,NYC Mayor's Office of Criminal Justice,report,,Historic Decarceration Plan,,https://criminaljustice.cityofnewyork.us/wp-content/uploads/2019/10/Historic-Decarceration-Plan.pdf,https://criminaljustice.cityofnewyork.us/wp-content/uploads/2019/10/Historic-Decarceration-Plan.pdf,pdf,no public link pickups found in checked sources,0.0,0,0,0,0,"bluesky,hackernews,newsrss,reddit",,0.0,0,0,0,0,"bluesky,hackernews,newsrss,reddit",,0.0,0,0,0,0,"bluesky,hackernews,newsrss,reddit",
30d,0.0,0.0,NYC Mayor's Office of Criminal Justice,report,,Rikers July August Scorecard Final,,https://criminaljustice.cityofnewyork.us/wp-content/uploads/2019/09/Rikers-July-August-Scorecard-FINAL.pdf,https://criminaljustice.cityofnewyork.us/wp-content/uploads/2019/09/Rikers-July-August-Scorecard-FINAL.pdf,pdf,no public link pickups found in checked sources,0.0,0,0,0,0,"bluesky,hackernews,newsrss,reddit",,0.0,0,0,0,0,"bluesky,hackernews,newsrss,reddit",,0.0,0,0,0,0,"bluesky,hackernews,newsrss,reddit",
30d,0.0,0.0,NYC Mayor's Office of Criminal Justice,report,,Rikers Scorecard 6.28 V7,,https://criminaljustice.cityofnewyork.us/wp-content/uploads/2019/06/Rikers-Scorecard_6.28_v7.pdf,https://criminaljustice.cityofnewyork.us/wp-content/uploads/2019/06/Rikers-Scorecard_6.28_v7.pdf,pdf,no public link pickups found in checked sources,0.0,0,0,0,0,"bluesky,hackernews,newsrss,reddit",,0.0,0,0,0,0,"bluesky,hackernews,newsrss,reddit",,0.0,0,0,0,0,"bluesky,hackernews,newsrss,reddit",
30d,0.0,0.0,NYC Mayor's Office of Criminal Justice,report,,Scorecard Jan To Mar 2019 Tj06072019 2 Pgs,,https://criminaljustice.cityofnewyork.us/wp-content/uploads/2019/06/Scorecard-Jan-to-Mar-2019-TJ06072019-2-pgs.pdf,https://criminaljustice.cityofnewyork.us/wp-content/uploads/2019/06/Scorecard-Jan-to-Mar-2019-TJ06072019-2-pgs.pdf,pdf,no public link pickups found in checked sources,0.0,0,0,0,0,"bluesky,hackernews,newsrss,reddit",,0.0,0,0,0,0,"bluesky,hackernews,newsrss,reddit",,0.0,0,0,0,0,"bluesky,hackernews,newsrss,reddit",
30d,0.0,0.0,NYC Mayor's Office of Criminal Justice,report,,Bail 2019 May Draft 23,,https://criminaljustice.cityofnewyork.us/wp-content/uploads/2019/05/Bail_2019_May_draft-23.pdf,https://criminaljustice.cityofnewyork.us/wp-content/uploads/2019/05/Bail_2019_May_draft-23.pdf,pdf,no public link pickups found in checked sources,0.0,0,0,0,0,"bluesky,hackernews,newsrss,reddit",,0.0,0,0,0,0,"bluesky,hackernews,newsrss,reddit",,0.0,0,0,0,0,"bluesky,hackernews,newsrss,reddit",
30d,0.0,0.0,NYC Mayor's Office of Criminal Justice,report,,Population Reduction Sheet 2019 Final,,https://criminaljustice.cityofnewyork.us/wp-content/uploads/2019/01/Population-reduction-sheet_2019_Final.pdf,https://criminaljustice.cityofnewyork.us/wp-content/uploads/2019/01/Population-reduction-sheet_2019_Final.pdf,pdf,no public link pickups found in checked sources,0.0,0,0,0,0,"bluesky,hackernews,newsrss,reddit",,0.0,0,0,0,0,"bluesky,hackernews,newsrss,reddit",,0.0,0,0,0,0,"bluesky,hackernews,newsrss,reddit",
30d,0.0,0.0,NYC Mayor's Office of Criminal Justice,report,,Sr Oct Dec 2018,,https://criminaljustice.cityofnewyork.us/wp-content/uploads/2019/02/SR_oct-dec_2018.pdf,https://criminaljustice.cityofnewyork.us/wp-content/uploads/2019/02/SR_oct-dec_2018.pdf,pdf,no public link pickups found in checked sources,0.0,0,0,0,0,"bluesky,hackernews,newsrss,reddit",,0.0,0,0,0,0,"bluesky,hackernews,newsrss,reddit",,0.0,0,0,0,0,"bluesky,hackernews,newsrss,reddit",
30d,0.0,0.0,NYC Mayor's Office of Criminal Justice,report,,Marijuana Fact Sheet Jan 2019,,https://criminaljustice.cityofnewyork.us/wp-content/uploads/2019/01/Marijuana-fact-sheet_jan-2019.pdf,https://criminaljustice.cityofnewyork.us/wp-content/uploads/2019/01/Marijuana-fact-sheet_jan-2019.pdf,pdf,no public link pickups found in checked sources,0.0,0,0,0,0,"bluesky,hackernews,newsrss,reddit",,0.0,0,0,0,0,"bluesky,hackernews,newsrss,reddit",,0.0,0,0,0,0,"bluesky,hackernews,newsrss,reddit",
30d,0.0,0.0,NYC Mayor's Office of Criminal Justice,report,,Rikers Scorecard 11.6.Final,,https://criminaljustice.cityofnewyork.us/wp-content/uploads/2018/11/Rikers-Scorecard_11.6.Final_.pdf,https://criminaljustice.cityofnewyork.us/wp-content/uploads/2018/11/Rikers-Scorecard_11.6.Final_.pdf,pdf,no public link pickups found in checked sources,0.0,0,0,0,0,"bluesky,hackernews,newsrss,reddit",,0.0,0,0,0,0,"bluesky,hackernews,newsrss,reddit",,0.0,0,0,0,0,"bluesky,hackernews,newsrss,reddit",
30d,0.0,0.0,NYC Mayor's Office of Criminal Justice,report,,Bail Factsheet October 2018,,https://criminaljustice.cityofnewyork.us/wp-content/uploads/2018/10/Bail_factsheet_October-2018.pdf,https://criminaljustice.cityofnewyork.us/wp-content/uploads/2018/10/Bail_factsheet_October-2018.pdf,pdf,no public link pickups found in checked sources,0.0,0,0,0,0,"bluesky,hackernews,newsrss,reddit",,0.0,0,0,0,0,"bluesky,hackernews,newsrss,reddit",,0.0,0,0,0,0,"bluesky,hackernews,newsrss,reddit",
30d,0.0,0.0,NYC Mayor's Office of Criminal Justice,report,,Sr 11.14.18,,https://criminaljustice.cityofnewyork.us/wp-content/uploads/2018/11/SR_11.14.18.pdf,https://criminaljustice.cityofnewyork.us/wp-content/uploads/2018/11/SR_11.14.18.pdf,pdf,no public link pickups found in checked sources,0.0,0,0,0,0,"bluesky,hackernews,newsrss,reddit",,0.0,0,0,0,0,"bluesky,hackernews,newsrss,reddit",,0.0,0,0,0,0,"bluesky,hackernews,newsrss,reddit",
30d,0.0,0.0,NYC Mayor's Office of Criminal Justice,report,,Summons Ref Factsheet V3,,https://criminaljustice.cityofnewyork.us/wp-content/uploads/2018/09/summons_ref_factsheet_v3.pdf,https://criminaljustice.cityofnewyork.us/wp-content/uploads/2018/09/summons_ref_factsheet_v3.pdf,pdf,no public link pickups found in checked sources,0.0,0,0,0,0,"bluesky,hackernews,newsrss,reddit",,0.0,0,0,0,0,"bluesky,hackernews,newsrss,reddit",,0.0,0,0,0,0,"bluesky,hackernews,newsrss,reddit",
30d,0.0,0.0,NYC Mayor's Office of Criminal Justice,report,,Rikers Scorecard Aug2018,,https://criminaljustice.cityofnewyork.us/wp-content/uploads/2018/09/rikers-scorecard_aug2018.pdf,https://criminaljustice.cityofnewyork.us/wp-content/uploads/2018/09/rikers-scorecard_aug2018.pdf,pdf,no public link pickups found in checked sources,0.0,0,0,0,0,"bluesky,hackernews,newsrss,reddit",,0.0,0,0,0,0,"bluesky,hackernews,newsrss,reddit",,0.0,0,0,0,0,"bluesky,hackernews,newsrss,reddit",
30d,0.0,0.0,NYC Mayor's Office of Criminal Justice,report,,Parole Violators Fact Sheet 2 18,,https://criminaljustice.cityofnewyork.us/wp-content/uploads/2018/04/Parole_Violators_Fact_sheet_2_18.pdf,https://criminaljustice.cityofnewyork.us/wp-content/uploads/2018/04/Parole_Violators_Fact_sheet_2_18.pdf,pdf,no public link pickups found in checked sources,0.0,0,0,0,0,"bluesky,hackernews,newsrss,reddit",,0.0,0,0,0,0,"bluesky,hackernews,newsrss,reddit",,0.0,0,0,0,0,"bluesky,hackernews,newsrss,reddit",
30d,0.0,0.0,NYC Mayor's Office of Criminal Justice,report,,June July Progress Report Final,,https://criminaljustice.cityofnewyork.us/wp-content/uploads/2018/09/June_July_Progress_Report_FINAL.pdf,https://criminaljustice.cityofnewyork.us/wp-content/uploads/2018/09/June_July_Progress_Report_FINAL.pdf,pdf,no public link pickups found in checked sources,0.0,0,0,0,0,"bluesky,hackernews,newsrss,reddit",,0.0,0,0,0,0,"bluesky,hackernews,newsrss,reddit",,0.0,0,0,0,0,"bluesky,hackernews,newsrss,reddit",
30d,0.0,0.0,NYC Law Department,report,,2024 Year In Review,,https://www.nyc.gov/assets/law/downloads/pdf/Annual-Report-2024.pdf,https://www.nyc.gov/assets/law/downloads/pdf/Annual-Report-2024.pdf,pdf,no public link pickups found in checked sources,0.0,0,0,0,0,"bluesky,hackernews,newsrss,reddit",,0.0,0,0,0,0,"bluesky,hackernews,newsrss,reddit",,0.0,0,0,0,0,"bluesky,hackernews,newsrss,reddit",
30d,0.0,0.0,NYC Law Department,report,,2015 Year In Review,,https://www.nyc.gov/assets/law/downloads/pdf/Year in Review 2015.pdf,https://www.nyc.gov/assets/law/downloads/pdf/Year in Review 2015.pdf,pdf,no public link pickups found in checked sources,0.0,0,0,0,0,"bluesky,hackernews,newsrss,reddit",,0.0,0,0,0,0,"bluesky,hackernews,newsrss,reddit",,0.0,0,0,0,0,"bluesky,hackernews,newsrss,reddit",
30d,0.0,0.0,NYC Law Department,report,,2014 Year In Review,,https://www.nyc.gov/assets/law/downloads/pdf/FINAL_YIR 2014.pdf,https://www.nyc.gov/assets/law/downloads/pdf/FINAL_YIR 2014.pdf,pdf,no public link pickups found in checked sources,0.0,0,0,0,0,"bluesky,hackernews,newsrss,reddit",,0.0,0,0,0,0,"bluesky,hackernews,newsrss,reddit",,0.0,0,0,0,0,"bluesky,hackernews,newsrss,reddit",
30d,0.0,0.0,NYC Law Department,report,,2013 Year In Review,,https://www.nyc.gov/assets/law/downloads/pdf/YIR2013.pdf,https://www.nyc.gov/assets/law/downloads/pdf/YIR2013.pdf,pdf,no public link pickups found in checked sources,0.0,0,0,0,0,"bluesky,hackernews,newsrss,reddit",,0.0,0,0,0,0,"bluesky,hackernews,newsrss,reddit",,0.0,0,0,0,0,"bluesky,hackernews,newsrss,reddit",
30d,0.0,0.0,NYC Law Department,report,,2012 Annual Report,,https://www.nyc.gov/assets/law/downloads/pdf/2012-annual-report.pdf,https://www.nyc.gov/assets/law/downloads/pdf/2012-annual-report.pdf,pdf,no public link pickups found in checked sources,0.0,0,0,0,0,"bluesky,hackernews,newsrss,reddit",,0.0,0,0,0,0,"bluesky,hackernews,newsrss,reddit",,0.0,0,0,0,0,"bluesky,hackernews,newsrss,reddit",
30d,0.0,0.0,NYC Law Department,report,,2011 Annual Report,,https://www.nyc.gov/assets/law/downloads/pdf/2011-annual-report.pdf,https://www.nyc.gov/assets/law/downloads/pdf/2011-annual-report.pdf,pdf,no public link pickups found in checked sources,0.0,0,0,0,0,"bluesky,hackernews,newsrss,reddit",,0.0,0,0,0,0,"bluesky,hackernews,newsrss,reddit",,0.0,0,0,0,0,"bluesky,hackernews,newsrss,reddit",
30d,0.0,0.0,NYC Law Department,report,,2010 Annual Report,,https://www.nyc.gov/assets/law/downloads/pdf/2010-annual-report.pdf,https://www.nyc.gov/assets/law/downloads/pdf/2010-annual-report.pdf,pdf,no public link pickups found in checked sources,0.0,0,0,0,0,"bluesky,hackernews,newsrss,reddit",,0.0,0,0,0,0,"bluesky,hackernews,newsrss,reddit",,0.0,0,0,0,0,"bluesky,hackernews,newsrss,reddit",
30d,0.0,0.0,NYC Law Department,report,,2009 Annual Report,,https://www.nyc.gov/assets/law/downloads/pdf/2009-annual-report.pdf,https://www.nyc.gov/assets/law/downloads/pdf/2009-annual-report.pdf,pdf,no public link pickups found in checked sources,0.0,0,0,0,0,"bluesky,hackernews,newsrss,reddit",,0.0,0,0,0,0,"bluesky,hackernews,newsrss,reddit",,0.0,0,0,0,0,"bluesky,hackernews,newsrss,reddit",
30d,0.0,0.0,NYC Law Department,report,,2008 Annual Report,,https://www.nyc.gov/assets/law/downloads/pdf/2008-annual-report.pdf,https://www.nyc.gov/assets/law/downloads/pdf/2008-annual-report.pdf,pdf,no public link pickups found in checked sources,0.0,0,0,0,0,"bluesky,hackernews,newsrss,reddit",,0.0,0,0,0,0,"bluesky,hackernews,newsrss,reddit",,0.0,0,0,0,0,"bluesky,hackernews,newsrss,reddit",
30d,0.0,0.0,NYC Law Department,report,,2007 Annual Report,,https://www.nyc.gov/assets/law/downloads/pdf/2007-annual-report.pdf,https://www.nyc.gov/assets/law/downloads/pdf/2007-annual-report.pdf,pdf,no public link pickups found in checked sources,0.0,0,0,0,0,"bluesky,hackernews,newsrss,reddit",,0.0,0,0,0,0,"bluesky,hackernews,newsrss,reddit",,0.0,0,0,0,0,"bluesky,hackernews,newsrss,reddit",
30d,0.0,0.0,NYC Law Department,report,,2006 Annual Report,,https://www.nyc.gov/assets/law/downloads/pdf/2006-annual-report.pdf,https://www.nyc.gov/assets/law/downloads/pdf/2006-annual-report.pdf,pdf,no public link pickups found in checked sources,0.0,0,0,0,0,"bluesky,hackernews,newsrss,reddit",,0.0,0,0,0,0,"bluesky,hackernews,newsrss,reddit",,0.0,0,0,0,0,"bluesky,hackernews,newsrss,reddit",
30d,0.0,0.0,NYC Law Department,report,,2004-2005 Annual Report,,https://www.nyc.gov/assets/law/downloads/pdf/2004-2005-annual-report.pdf,https://www.nyc.gov/assets/law/downloads/pdf/2004-2005-annual-report.pdf,pdf,no public link pickups found in checked sources,0.0,0,0,0,0,"bluesky,hackernews,newsrss,reddit",,0.0,0,0,0,0,"bluesky,hackernews,newsrss,reddit",,0.0,0,0,0,0,"bluesky,hackernews,newsrss,reddit",
30d,0.0,0.0,NYC Housing Preservation & Development,report,,2023 All units (CSV),,https://www.nyc.gov/assets/hpd/data/allunits_puf_23.csv,,unknown,no public link pickups found in checked sources,0.0,0,0,0,0,"bluesky,hackernews,newsrss,reddit",,0.0,0,0,0,0,"bluesky,hackernews,newsrss,reddit",,0.0,0,0,0,0,"bluesky,hackernews,newsrss,reddit",
30d,0.0,0.0,NYC Housing Preservation & Development,report,,2023 Occupied units (CSV),,https://www.nyc.gov/assets/hpd/data/occupied_puf_23.csv,,unknown,no public link pickups found in checked sources,0.0,0,0,0,0,"bluesky,hackernews,newsrss,reddit",,0.0,0,0,0,0,"bluesky,hackernews,newsrss,reddit",,0.0,0,0,0,0,"bluesky,hackernews,newsrss,reddit",
30d,0.0,0.0,NYC Housing Preservation & Development,report,,2023 Person (CSV),,https://www.nyc.gov/assets/hpd/data/person_puf_23.csv,,unknown,no public link pickups found in checked sources,0.0,0,0,0,0,"bluesky,hackernews,newsrss,reddit",,0.0,0,0,0,0,"bluesky,hackernews,newsrss,reddit",,0.0,0,0,0,0,"bluesky,hackernews,newsrss,reddit",
30d,0.0,0.0,NYC Housing Preservation & Development,report,,2023 Vacant units (CSV),,https://www.nyc.gov/assets/hpd/data/vacant_puf_23.csv,,unknown,no public link pickups found in checked sources,0.0,0,0,0,0,"bluesky,hackernews,newsrss,reddit",,0.0,0,0,0,0,"bluesky,hackernews,newsrss,reddit",,0.0,0,0,0,0,"bluesky,hackernews,newsrss,reddit",
30d,0.0,0.0,NYC Housing Preservation & Development,report,,2023 NYCHVS Core Questionnaire,,https://www.nyc.gov/assets/hpd/downloads/pdfs/about/2023-nychvs-core-questionnaire.pdf,https://www.nyc.gov/assets/hpd/downloads/pdfs/about/2023-nychvs-core-questionnaire.pdf,pdf,no public link pickups found in checked sources,0.0,0,0,0,0,"bluesky,hackernews,newsrss,reddit",,0.0,0,0,0,0,"bluesky,hackernews,newsrss,reddit",,0.0,0,0,0,0,"bluesky,hackernews,newsrss,reddit",
30d,0.0,0.0,NYC Housing Preservation & Development,report,,2023 NYCHVS PUF User Guide & Codebook,,https://www.nyc.gov/assets/hpd/downloads/pdfs/about/2023-nychvs-puf-user-guide-codebook.pdf,https://www.nyc.gov/assets/hpd/downloads/pdfs/about/2023-nychvs-puf-user-guide-codebook.pdf,pdf,no public link pickups found in checked sources,0.0,0,0,0,0,"bluesky,hackernews,newsrss,reddit",,0.0,0,0,0,0,"bluesky,hackernews,newsrss,reddit",,0.0,0,0,0,0,"bluesky,hackernews,newsrss,reddit",
30d,0.0,0.0,NYC Housing Preservation & Development,report,,2023 NYCHVS Record Layout,,https://www.nyc.gov/assets/hpd/downloads/excel/2023-nychvs-record-layout.xlsx,https://www.nyc.gov/assets/hpd/downloads/excel/2023-nychvs-record-layout.xlsx,xlsx,no public link pickups found in checked sources,0.0,0,0,0,0,"bluesky,hackernews,newsrss,reddit",,0.0,0,0,0,0,"bluesky,hackernews,newsrss,reddit",,0.0,0,0,0,0,"bluesky,hackernews,newsrss,reddit",
30d,0.0,0.0,NYC Housing Preservation & Development,report,,"2023 NYCHVS Sample Design, Weighting and Error Estimation",,https://www.nyc.gov/assets/hpd/downloads/pdfs/about/2023-nychvs-sample-design-weighting-error-estimation.pdf,https://www.nyc.gov/assets/hpd/downloads/pdfs/about/2023-nychvs-sample-design-weighting-error-estimation.pdf,pdf,no public link pickups found in checked sources,0.0,0,0,0,0,"bluesky,hackernews,newsrss,reddit",,0.0,0,0,0,0,"bluesky,hackernews,newsrss,reddit",,0.0,0,0,0,0,"bluesky,hackernews,newsrss,reddit",
30d,0.0,0.0,NYC Housing Preservation & Development,report,,2023 NYCHVS Guide to Estimating Variances,,https://www.nyc.gov/assets/hpd/downloads/pdfs/about/2023-nychvs-guide-to-estimating-variances.pdf,https://www.nyc.gov/assets/hpd/downloads/pdfs/about/2023-nychvs-guide-to-estimating-variances.pdf,pdf,no public link pickups found in checked sources,0.0,0,0,0,0,"bluesky,hackernews,newsrss,reddit",,0.0,0,0,0,0,"bluesky,hackernews,newsrss,reddit",,0.0,0,0,0,0,"bluesky,hackernews,newsrss,reddit",
30d,0.0,0.0,NYC Housing Preservation & Development,report,,2021 All units (CSV),,https://www.nyc.gov/assets/hpd/data/allunits_puf_21.csv,,unknown,no public link pickups found in checked sources,0.0,0,0,0,0,"bluesky,hackernews,newsrss,reddit",,0.0,0,0,0,0,"bluesky,hackernews,newsrss,reddit",,0.0,0,0,0,0,"bluesky,hackernews,newsrss,reddit",
30d,0.0,0.0,NYC Housing Preservation & Development,report,,2021 Occupied units (CSV),,https://www.nyc.gov/assets/hpd/data/occupied_puf_21.csv,,unknown,no public link pickups found in checked sources,0.0,0,0,0,0,"bluesky,hackernews,newsrss,reddit",,0.0,0,0,0,0,"bluesky,hackernews,newsrss,reddit",,0.0,0,0,0,0,"bluesky,hackernews,newsrss,reddit",
30d,0.0,0.0,NYC Housing Preservation & Development,report,,2021 Person (CSV),,https://www.nyc.gov/assets/hpd/data/person_puf_21.csv,,unknown,no public link pickups found in checked sources,0.0,0,0,0,0,"bluesky,hackernews,newsrss,reddit",,0.0,0,0,0,0,"bluesky,hackernews,newsrss,reddit",,0.0,0,0,0,0,"bluesky,hackernews,newsrss,reddit",
30d,0.0,0.0,NYC Housing Preservation & Development,report,,2021 Vacant units (CSV),,https://www.nyc.gov/assets/hpd/data/vacant_puf_21.csv,,unknown,no public link pickups found in checked sources,0.0,0,0,0,0,"bluesky,hackernews,newsrss,reddit",,0.0,0,0,0,0,"bluesky,hackernews,newsrss,reddit",,0.0,0,0,0,0,"bluesky,hackernews,newsrss,reddit",
30d,0.0,0.0,NYC Housing Preservation & Development,report,,2021 NYCHVS Core Questionnaire,,https://www.nyc.gov/assets/hpd/downloads/pdfs/about/2021-nychav-core-questionnaire.pdf,https://www.nyc.gov/assets/hpd/downloads/pdfs/about/2021-nychav-core-questionnaire.pdf,pdf,no public link pickups found in checked sources,0.0,0,0,0,0,"bluesky,hackernews,newsrss,reddit",,0.0,0,0,0,0,"bluesky,hackernews,newsrss,reddit",,0.0,0,0,0,0,"bluesky,hackernews,newsrss,reddit",
30d,0.0,0.0,NYC Housing Preservation & Development,report,,2021 NYCHVS PUF User Guide & Codebook,,https://www.nyc.gov/assets/hpd/downloads/pdfs/about/2021-nychvs-puf-user-guide-codebook-v2.1.pdf,https://www.nyc.gov/assets/hpd/downloads/pdfs/about/2021-nychvs-puf-user-guide-codebook-v2.1.pdf,pdf,no public link pickups found in checked sources,0.0,0,0,0,0,"bluesky,hackernews,newsrss,reddit",,0.0,0,0,0,0,"bluesky,hackernews,newsrss,reddit",,0.0,0,0,0,0,"bluesky,hackernews,newsrss,reddit",
30d,0.0,0.0,NYC Housing Preservation & Development,report,,2021 NYCHVS Record Layout,,https://www.nyc.gov/assets/hpd/downloads/excel/2021-nychvs-record-layout.xlsx,https://www.nyc.gov/assets/hpd/downloads/excel/2021-nychvs-record-layout.xlsx,xlsx,no public link pickups found in checked sources,0.0,0,0,0,0,"bluesky,hackernews,newsrss,reddit",,0.0,0,0,0,0,"bluesky,hackernews,newsrss,reddit",,0.0,0,0,0,0,"bluesky,hackernews,newsrss,reddit",
30d,0.0,0.0,NYC Housing Preservation & Development,report,,"2021 NYCHVS Sample Design, Weighting, and Error Estimation",,https://www.nyc.gov/assets/hpd/downloads/pdfs/about/research/sampledesign.pdf,https://www.nyc.gov/assets/hpd/downloads/pdfs/about/research/sampledesign.pdf,pdf,no public link pickups found in checked sources,0.0,0,0,0,0,"bluesky,hackernews,newsrss,reddit",,0.0,0,0,0,0,"bluesky,hackernews,newsrss,reddit",,0.0,0,0,0,0,"bluesky,hackernews,newsrss,reddit",
30d,0.0,0.0,NYC Housing Preservation & Development,report,,2017 Record layout (all datasets),,https://www.nyc.gov/assets/hpd/downloads/misc/research/recordlayout_puf_2017.pdf,https://www.nyc.gov/assets/hpd/downloads/misc/research/recordlayout_puf_2017.pdf,pdf,no public link pickups found in checked sources,0.0,0,0,0,0,"bluesky,hackernews,newsrss,reddit",,0.0,0,0,0,0,"bluesky,hackernews,newsrss,reddit",,0.0,0,0,0,0,"bluesky,hackernews,newsrss,reddit",
30d,0.0,0.0,NYC Housing Preservation & Development,report,,2017 Occupied units,,https://www.nyc.gov/assets/hpd/downloads/misc/research/occupied_puf_17.txt,,unknown,no public link pickups found in checked sources,0.0,0,0,0,0,"bluesky,hackernews,newsrss,reddit",,0.0,0,0,0,0,"bluesky,hackernews,newsrss,reddit",,0.0,0,0,0,0,"bluesky,hackernews,newsrss,reddit",
30d,0.0,0.0,NYC Housing Preservation & Development,report,,2017 Person,,https://www.nyc.gov/assets/hpd/downloads/misc/research/person_puf_17.txt,,unknown,no public link pickups found in checked sources,0.0,0,0,0,0,"bluesky,hackernews,newsrss,reddit",,0.0,0,0,0,0,"bluesky,hackernews,newsrss,reddit",,0.0,0,0,0,0,"bluesky,hackernews,newsrss,reddit",
30d,0.0,0.0,NYC Housing Preservation & Development,report,,2017 Vacant Units,,https://www.nyc.gov/assets/hpd/downloads/misc/research/vacant_puf_17.txt,,unknown,no public link pickups found in checked sources,0.0,0,0,0,0,"bluesky,hackernews,newsrss,reddit",,0.0,0,0,0,0,"bluesky,hackernews,newsrss,reddit",,0.0,0,0,0,0,"bluesky,hackernews,newsrss,reddit",
30d,0.0,0.0,NYC Housing Preservation & Development,report,,2014 Record layout (all datasets),,https://www.nyc.gov/assets/hpd/downloads/pdfs/about/recordlayout_puf_14.pdf,https://www.nyc.gov/assets/hpd/downloads/pdfs/about/recordlayout_puf_14.pdf,pdf,no public link pickups found in checked sources,0.0,0,0,0,0,"bluesky,hackernews,newsrss,reddit",,0.0,0,0,0,0,"bluesky,hackernews,newsrss,reddit",,0.0,0,0,0,0,"bluesky,hackernews,newsrss,reddit",
30d,0.0,0.0,NYC Housing Preservation & Development,report,,2014 Occupied units,,https://www.nyc.gov/assets/hpd/downloads/misc/research/occupied_puf_14.txt,,unknown,no public link pickups found in checked sources,0.0,0,0,0,0,"bluesky,hackernews,newsrss,reddit",,0.0,0,0,0,0,"bluesky,hackernews,newsrss,reddit",,0.0,0,0,0,0,"bluesky,hackernews,newsrss,reddit",
30d,0.0,0.0,NYC Housing Preservation & Development,report,,2014 Person,,https://www.nyc.gov/assets/hpd/downloads/misc/research/person_puf_14.txt,,unknown,no public link pickups found in checked sources,0.0,0,0,0,0,"bluesky,hackernews,newsrss,reddit",,0.0,0,0,0,0,"bluesky,hackernews,newsrss,reddit",,0.0,0,0,0,0,"bluesky,hackernews,newsrss,reddit",
30d,0.0,0.0,NYC Housing Preservation & Development,report,,2014 Vacant Units,,https://www.nyc.gov/assets/hpd/downloads/misc/research/vacant_puf_14.txt,,unknown,no public link pickups found in checked sources,0.0,0,0,0,0,"bluesky,hackernews,newsrss,reddit",,0.0,0,0,0,0,"bluesky,hackernews,newsrss,reddit",,0.0,0,0,0,0,"bluesky,hackernews,newsrss,reddit",
30d,0.0,0.0,NYC Housing Preservation & Development,report,,2011 Record layout (all datasets),,https://www.nyc.gov/assets/hpd/downloads/pdfs/about/recordlayout_puf_11.pdf,https://www.nyc.gov/assets/hpd/downloads/pdfs/about/recordlayout_puf_11.pdf,pdf,no public link pickups found in checked sources,0.0,0,0,0,0,"bluesky,hackernews,newsrss,reddit",,0.0,0,0,0,0,"bluesky,hackernews,newsrss,reddit",,0.0,0,0,0,0,"bluesky,hackernews,newsrss,reddit",
30d,0.0,0.0,NYC Housing Preservation & Development,report,,2011 Occupied units,,https://www.nyc.gov/assets/hpd/downloads/misc/research/occupied_puf_11.txt,,unknown,no public link pickups found in checked sources,0.0,0,0,0,0,"bluesky,hackernews,newsrss,reddit",,0.0,0,0,0,0,"bluesky,hackernews,newsrss,reddit",,0.0,0,0,0,0,"bluesky,hackernews,newsrss,reddit",
30d,0.0,0.0,NYC Housing Preservation & Development,report,,2011 Person,,https://www.nyc.gov/assets/hpd/downloads/misc/research/person_puf_11.txt,,unknown,no public link pickups found in checked sources,0.0,0,0,0,0,"bluesky,hackernews,newsrss,reddit",,0.0,0,0,0,0,"bluesky,hackernews,newsrss,reddit",,0.0,0,0,0,0,"bluesky,hackernews,newsrss,reddit",
30d,0.0,0.0,NYC Housing Preservation & Development,report,,2011 Vacant Units,,https://www.nyc.gov/assets/hpd/downloads/misc/research/vacant_puf_11.txt,,unknown,no public link pickups found in checked sources,0.0,0,0,0,0,"bluesky,hackernews,newsrss,reddit",,0.0,0,0,0,0,"bluesky,hackernews,newsrss,reddit",,0.0,0,0,0,0,"bluesky,hackernews,newsrss,reddit",
30d,0.0,0.0,NYC Housing Preservation & Development,report,,2008 Record layout (all datasets),,https://www.nyc.gov/assets/hpd/downloads/pdfs/about/recordlayout_puf_08.pdf,https://www.nyc.gov/assets/hpd/downloads/pdfs/about/recordlayout_puf_08.pdf,pdf,no public link pickups found in checked sources,0.0,0,0,0,0,"bluesky,hackernews,newsrss,reddit",,0.0,0,0,0,0,"bluesky,hackernews,newsrss,reddit",,0.0,0,0,0,0,"bluesky,hackernews,newsrss,reddit",
30d,0.0,0.0,NYC Housing Preservation & Development,report,,2008 Occupied units,,https://www.nyc.gov/assets/hpd/downloads/misc/research/occupied_puf_08.dat,,unknown,no public link pickups found in checked sources,0.0,0,0,0,0,"bluesky,hackernews,newsrss,reddit",,0.0,0,0,0,0,"bluesky,hackernews,newsrss,reddit",,0.0,0,0,0,0,"bluesky,hackernews,newsrss,reddit",
30d,0.0,0.0,NYC Housing Preservation & Development,report,,2008 Person,,https://www.nyc.gov/assets/hpd/downloads/misc/research/person_puf_08.dat,,unknown,no public link pickups found in checked sources,0.0,0,0,0,0,"bluesky,hackernews,newsrss,reddit",,0.0,0,0,0,0,"bluesky,hackernews,newsrss,reddit",,0.0,0,0,0,0,"bluesky,hackernews,newsrss,reddit",
30d,0.0,0.0,NYC Housing Preservation & Development,report,,2008 Vacant Units,,https://www.nyc.gov/assets/hpd/downloads/misc/research/vacant_puf_08.dat,,unknown,no public link pickups found in checked sources,0.0,0,0,0,0,"bluesky,hackernews,newsrss,reddit",,0.0,0,0,0,0,"bluesky,hackernews,newsrss,reddit",,0.0,0,0,0,0,"bluesky,hackernews,newsrss,reddit",
30d,0.0,0.0,NYC Housing Preservation & Development,report,,2008 Non-interview,,https://www.nyc.gov/assets/hpd/downloads/misc/research/nonint_puf_08.dat,,unknown,no public link pickups found in checked sources,0.0,0,0,0,0,"bluesky,hackernews,newsrss,reddit",,0.0,0,0,0,0,"bluesky,hackernews,newsrss,reddit",,0.0,0,0,0,0,"bluesky,hackernews,newsrss,reddit",
30d,0.0,0.0,NYC Housing Preservation & Development,report,,2005 Record layout (all datasets),,https://www.nyc.gov/assets/hpd/downloads/pdfs/about/recordlayout_puf_05.pdf,https://www.nyc.gov/assets/hpd/downloads/pdfs/about/recordlayout_puf_05.pdf,pdf,no public link pickups found in checked sources,0.0,0,0,0,0,"bluesky,hackernews,newsrss,reddit",,0.0,0,0,0,0,"bluesky,hackernews,newsrss,reddit",,0.0,0,0,0,0,"bluesky,hackernews,newsrss,reddit",
30d,0.0,0.0,NYC Housing Preservation & Development,report,,2005 Occupied units,,https://www.nyc.gov/assets/hpd/downloads/misc/research/occupied_puf_05.dat,,unknown,no public link pickups found in checked sources,0.0,0,0,0,0,"bluesky,hackernews,newsrss,reddit",,0.0,0,0,0,0,"bluesky,hackernews,newsrss,reddit",,0.0,0,0,0,0,"bluesky,hackernews,newsrss,reddit",
30d,0.0,0.0,NYC Housing Preservation & Development,report,,2005 Person,,https://www.nyc.gov/assets/hpd/downloads/misc/research/person_puf_05.dat,,unknown,no public link pickups found in checked sources,0.0,0,0,0,0,"bluesky,hackernews,newsrss,reddit",,0.0,0,0,0,0,"bluesky,hackernews,newsrss,reddit",,0.0,0,0,0,0,"bluesky,hackernews,newsrss,reddit",
30d,0.0,0.0,NYC Housing Preservation & Development,report,,2005 Vacant Units,,https://www.nyc.gov/assets/hpd/downloads/misc/research/vacant_puf_05.dat,,unknown,no public link pickups found in checked sources,0.0,0,0,0,0,"bluesky,hackernews,newsrss,reddit",,0.0,0,0,0,0,"bluesky,hackernews,newsrss,reddit",,0.0,0,0,0,0,"bluesky,hackernews,newsrss,reddit",
30d,0.0,0.0,NYC Housing Preservation & Development,report,,2005 Non-interview,,https://www.nyc.gov/assets/hpd/downloads/misc/research/nonint_puf_05.dat,,unknown,no public link pickups found in checked sources,0.0,0,0,0,0,"bluesky,hackernews,newsrss,reddit",,0.0,0,0,0,0,"bluesky,hackernews,newsrss,reddit",,0.0,0,0,0,0,"bluesky,hackernews,newsrss,reddit",
30d,0.0,0.0,NYC Housing Preservation & Development,report,,2002 Record layout (all datasets),,https://www.nyc.gov/assets/hpd/downloads/pdfs/about/recordlayout_puf_02.pdf,https://www.nyc.gov/assets/hpd/downloads/pdfs/about/recordlayout_puf_02.pdf,pdf,no public link pickups found in checked sources,0.0,0,0,0,0,"bluesky,hackernews,newsrss,reddit",,0.0,0,0,0,0,"bluesky,hackernews,newsrss,reddit",,0.0,0,0,0,0,"bluesky,hackernews,newsrss,reddit",
30d,0.0,0.0,NYC Housing Preservation & Development,report,,2002 Occupied units,,https://www.nyc.gov/assets/hpd/downloads/misc/research/occupied_puf_02.dat,,unknown,no public link pickups found in checked sources,0.0,0,0,0,0,"bluesky,hackernews,newsrss,reddit",,0.0,0,0,0,0,"bluesky,hackernews,newsrss,reddit",,0.0,0,0,0,0,"bluesky,hackernews,newsrss,reddit",
30d,0.0,0.0,NYC Housing Preservation & Development,report,,2002 Person,,https://www.nyc.gov/assets/hpd/downloads/misc/research/person_puf_02.dat,,unknown,no public link pickups found in checked sources,0.0,0,0,0,0,"bluesky,hackernews,newsrss,reddit",,0.0,0,0,0,0,"bluesky,hackernews,newsrss,reddit",,0.0,0,0,0,0,"bluesky,hackernews,newsrss,reddit",
30d,0.0,0.0,NYC Housing Preservation & Development,report,,2002 Vacant Units,,https://www.nyc.gov/assets/hpd/downloads/misc/research/vacant_puf_02.dat,,unknown,no public link pickups found in checked sources,0.0,0,0,0,0,"bluesky,hackernews,newsrss,reddit",,0.0,0,0,0,0,"bluesky,hackernews,newsrss,reddit",,0.0,0,0,0,0,"bluesky,hackernews,newsrss,reddit",
30d,0.0,0.0,NYC Housing Preservation & Development,report,,2002 Non-interview,,https://www.nyc.gov/assets/hpd/downloads/misc/research/nonint_puf_02.dat,,unknown,no public link pickups found in checked sources,0.0,0,0,0,0,"bluesky,hackernews,newsrss,reddit",,0.0,0,0,0,0,"bluesky,hackernews,newsrss,reddit",,0.0,0,0,0,0,"bluesky,hackernews,newsrss,reddit",
30d,0.0,0.0,NYC Housing Preservation & Development,report,,1996 Record layout (all datasets),,https://www.nyc.gov/assets/hpd/downloads/pdfs/about/recordlayout_puf_96.pdf,https://www.nyc.gov/assets/hpd/downloads/pdfs/about/recordlayout_puf_96.pdf,pdf,no public link pickups found in checked sources,0.0,0,0,0,0,"bluesky,hackernews,newsrss,reddit",,0.0,0,0,0,0,"bluesky,hackernews,newsrss,reddit",,0.0,0,0,0,0,"bluesky,hackernews,newsrss,reddit",
30d,0.0,0.0,NYC Housing Preservation & Development,report,,1996 Occupied units,,https://www.nyc.gov/assets/hpd/downloads/misc/research/occupied_puf_96.dat,,unknown,no public link pickups found in checked sources,0.0,0,0,0,0,"bluesky,hackernews,newsrss,reddit",,0.0,0,0,0,0,"bluesky,hackernews,newsrss,reddit",,0.0,0,0,0,0,"bluesky,hackernews,newsrss,reddit",
30d,0.0,0.0,NYC Housing Preservation & Development,report,,1996 Person,,https://www.nyc.gov/assets/hpd/downloads/misc/research/person_puf_96.dat,,unknown,no public link pickups found in checked sources,0.0,0,0,0,0,"bluesky,hackernews,newsrss,reddit",,0.0,0,0,0,0,"bluesky,hackernews,newsrss,reddit",,0.0,0,0,0,0,"bluesky,hackernews,newsrss,reddit",
30d,0.0,0.0,NYC Housing Preservation & Development,report,,1996 Vacant Units,,https://www.nyc.gov/assets/hpd/downloads/misc/research/vacant_puf_96.dat,,unknown,no public link pickups found in checked sources,0.0,0,0,0,0,"bluesky,hackernews,newsrss,reddit",,0.0,0,0,0,0,"bluesky,hackernews,newsrss,reddit",,0.0,0,0,0,0,"bluesky,hackernews,newsrss,reddit",
30d,0.0,0.0,NYC Housing Preservation & Development,report,,1996 Non-interview,,https://www.nyc.gov/assets/hpd/downloads/misc/research/nonint_puf_96.dat,,unknown,no public link pickups found in checked sources,0.0,0,0,0,0,"bluesky,hackernews,newsrss,reddit",,0.0,0,0,0,0,"bluesky,hackernews,newsrss,reddit",,0.0,0,0,0,0,"bluesky,hackernews,newsrss,reddit",
30d,0.0,0.0,NYC Housing Preservation & Development,report,,1993 Record layout (all datasets),,https://www.nyc.gov/assets/hpd/downloads/pdfs/about/recordlayout_puf_93.pdf,https://www.nyc.gov/assets/hpd/downloads/pdfs/about/recordlayout_puf_93.pdf,pdf,no public link pickups found in checked sources,0.0,0,0,0,0,"bluesky,hackernews,newsrss,reddit",,0.0,0,0,0,0,"bluesky,hackernews,newsrss,reddit",,0.0,0,0,0,0,"bluesky,hackernews,newsrss,reddit",
30d,0.0,0.0,NYC Housing Authority,report,,NYCHA Transparency Review (PDF),,https://www.nyc.gov/assets/nycha/downloads/pdf/nycha-transparency-review.pdf,https://www.nyc.gov/assets/nycha/downloads/pdf/nycha-transparency-review.pdf,pdf,no public link pickups found in checked sources,0.0,0,0,0,0,"bluesky,hackernews,newsrss,reddit",,0.0,0,0,0,0,"bluesky,hackernews,newsrss,reddit",,0.0,0,0,0,0,"bluesky,hackernews,newsrss,reddit",
30d,0.0,0.0,NYC Housing Authority,report,,NYCHA Fact Sheet (PDF),,https://www.nyc.gov/assets/nycha/downloads/pdf/NYCHA_Fact_Sheet.pdf,https://www.nyc.gov/assets/nycha/downloads/pdf/NYCHA_Fact_Sheet.pdf,pdf,no public link pickups found in checked sources,0.0,0,0,0,0,"bluesky,hackernews,newsrss,reddit",,0.0,0,0,0,0,"bluesky,hackernews,newsrss,reddit",,0.0,0,0,0,0,"bluesky,hackernews,newsrss,reddit",
30d,0.0,0.0,NYC Housing Authority,report,,Resident Data Summary (PDF),,https://www.nyc.gov/assets/nycha/downloads/pdf/Resident-Data-Book-Summary.pdf,https://www.nyc.gov/assets/nycha/downloads/pdf/Resident-Data-Book-Summary.pdf,pdf,no public link pickups found in checked sources,0.0,0,0,0,0,"bluesky,hackernews,newsrss,reddit",,0.0,0,0,0,0,"bluesky,hackernews,newsrss,reddit",,0.0,0,0,0,0,"bluesky,hackernews,newsrss,reddit",
30d,0.0,0.0,NYC Housing Authority,report,,2026 Physical Needs Assessment (PNA) Data File (Excel),,https://www.nyc.gov/assets/nycha/downloads/excel/pna-development-results-20260316.xlsx,https://www.nyc.gov/assets/nycha/downloads/excel/pna-development-results-20260316.xlsx,xlsx,no public link pickups found in checked sources,0.0,0,0,0,0,"bluesky,hackernews,newsrss,reddit",,0.0,0,0,0,0,"bluesky,hackernews,newsrss,reddit",,0.0,0,0,0,0,"bluesky,hackernews,newsrss,reddit",
30d,0.0,0.0,NYC Housing Authority,report,,2023 Physical Needs Assessment (PNA) Technical Report (PDF) (opens in new tab),,https://www.nyc.gov/assets/nycha/downloads/pdf/2023-PNA-Report-Physical-Needs-Assessment-NYCHA.pdf,https://www.nyc.gov/assets/nycha/downloads/pdf/2023-PNA-Report-Physical-Needs-Assessment-NYCHA.pdf,pdf,no public link pickups found in checked sources,0.0,0,0,0,0,"bluesky,hackernews,newsrss,reddit",,0.0,0,0,0,0,"bluesky,hackernews,newsrss,reddit",,0.0,0,0,0,0,"bluesky,hackernews,newsrss,reddit",
30d,0.0,0.0,NYC Housing Authority,report,,2017 Physical Needs Assessment (PDF),,https://www.nyc.gov/assets/nycha/downloads/pdf/PNA%202017.pdf,https://www.nyc.gov/assets/nycha/downloads/pdf/PNA%202017.pdf,pdf,no public link pickups found in checked sources,0.0,0,0,0,0,"bluesky,hackernews,newsrss,reddit",,0.0,0,0,0,0,"bluesky,hackernews,newsrss,reddit",,0.0,0,0,0,0,"bluesky,hackernews,newsrss,reddit",
30d,0.0,0.0,NYC Housing Authority,report,,2011 Physical Needs Assessment (PDF),,https://www.nyc.gov/assets/nycha/downloads/pdf/transparency-pna-2011.pdf,https://www.nyc.gov/assets/nycha/downloads/pdf/transparency-pna-2011.pdf,pdf,no public link pickups found in checked sources,0.0,0,0,0,0,"bluesky,hackernews,newsrss,reddit",,0.0,0,0,0,0,"bluesky,hackernews,newsrss,reddit",,0.0,0,0,0,0,"bluesky,hackernews,newsrss,reddit",
30d,0.0,0.0,NYC Housing Authority,report,,NYCHA’s Monitoring Agreement (PDF),,https://www.nyc.gov/assets/nycha/downloads/pdf/nycha-monitoring-agreement.pdf,https://www.nyc.gov/assets/nycha/downloads/pdf/nycha-monitoring-agreement.pdf,pdf,no public link pickups found in checked sources,0.0,0,0,0,0,"bluesky,hackernews,newsrss,reddit",,0.0,0,0,0,0,"bluesky,hackernews,newsrss,reddit",,0.0,0,0,0,0,"bluesky,hackernews,newsrss,reddit",
30d,0.0,0.0,NYC Housing Authority,report,,Concurrence in Agreement Modifications Regarding Elevators (PDF),,https://www.nyc.gov/assets/nycha/downloads/pdf/Modification-Elevator-Requirements-Final-Executed.pdf,https://www.nyc.gov/assets/nycha/downloads/pdf/Modification-Elevator-Requirements-Final-Executed.pdf,pdf,no public link pickups found in checked sources,0.0,0,0,0,0,"bluesky,hackernews,newsrss,reddit",,0.0,0,0,0,0,"bluesky,hackernews,newsrss,reddit",,0.0,0,0,0,0,"bluesky,hackernews,newsrss,reddit",
30d,0.0,0.0,NYC Housing Authority,report,,Concurrence in Organizational Plan Provisions (PDF),,https://www.nyc.gov/assets/nycha/downloads/pdf/2023.02.08-Concurrence-Letter-Org-Plan-Chair-Provisions.pdf,https://www.nyc.gov/assets/nycha/downloads/pdf/2023.02.08-Concurrence-Letter-Org-Plan-Chair-Provisions.pdf,pdf,no public link pickups found in checked sources,0.0,0,0,0,0,"bluesky,hackernews,newsrss,reddit",,0.0,0,0,0,0,"bluesky,hackernews,newsrss,reddit",,0.0,0,0,0,0,"bluesky,hackernews,newsrss,reddit",
30d,0.0,0.0,NYC Housing Authority,report,,First NYCHA Current Monitor Quarterly Report (PDF) (opens in new tab),,https://www.nyc.gov/assets/nycha/downloads/pdf/NYCHA-Monitorship-Report-08.21.2024.pdf,https://www.nyc.gov/assets/nycha/downloads/pdf/NYCHA-Monitorship-Report-08.21.2024.pdf,pdf,no public link pickups found in checked sources,0.0,0,0,0,0,"bluesky,hackernews,newsrss,reddit",,0.0,0,0,0,0,"bluesky,hackernews,newsrss,reddit",,0.0,0,0,0,0,"bluesky,hackernews,newsrss,reddit",
30d,0.0,0.0,NYC Housing Authority,report,,Second NYCHA Current Monitor Quarterly Report (PDF) (opens in new tab),,https://www.nyc.gov/assets/nycha/downloads/pdf/NYCHA-Monitorship-Report-12.19.2024.pdf,https://www.nyc.gov/assets/nycha/downloads/pdf/NYCHA-Monitorship-Report-12.19.2024.pdf,pdf,no public link pickups found in checked sources,0.0,0,0,0,0,"bluesky,hackernews,newsrss,reddit",,0.0,0,0,0,0,"bluesky,hackernews,newsrss,reddit",,0.0,0,0,0,0,"bluesky,hackernews,newsrss,reddit",
30d,0.0,0.0,NYC Housing Authority,report,,Fourth NYCHA Current Monitor Quarterly Report (PDF) (opens in new tab),2025-07-03,https://www.nyc.gov/assets/nycha/downloads/pdf/NYCHA-Monitorship-Fourth-Report-7-03-2025.pdf,https://www.nyc.gov/assets/nycha/downloads/pdf/NYCHA-Monitorship-Fourth-Report-7-03-2025.pdf,pdf,no public link pickups found in checked sources,0.0,0,0,0,0,"bluesky,hackernews,newsrss,reddit",,0.0,0,0,0,0,"bluesky,hackernews,newsrss,reddit",,0.0,0,0,0,0,"bluesky,hackernews,newsrss,reddit",
30d,0.0,0.0,NYC Housing Authority,report,,Fifth NYCHA Current Monitor Quarterly Report (PDF) (opens in new tab),2025-09-30,https://www.nyc.gov/assets/nycha/downloads/pdf/NYCHA-Monitorship-Fifth-Report-09-30-2025.pdf,https://www.nyc.gov/assets/nycha/downloads/pdf/NYCHA-Monitorship-Fifth-Report-09-30-2025.pdf,pdf,no public link pickups found in checked sources,0.0,0,0,0,0,"bluesky,hackernews,newsrss,reddit",,0.0,0,0,0,0,"bluesky,hackernews,newsrss,reddit",,0.0,0,0,0,0,"bluesky,hackernews,newsrss,reddit",
30d,0.0,0.0,NYC Housing Authority,report,,Sixth NYCHA Current Monitor Quarterly Report (PDF),2026-01-06,https://www.nyc.gov/assets/nycha/downloads/pdf/NYCHA-Monitorship-Sixth-Report-01-06-2026.pdf,https://www.nyc.gov/assets/nycha/downloads/pdf/NYCHA-Monitorship-Sixth-Report-01-06-2026.pdf,pdf,no public link pickups found in checked sources,0.0,0,0,0,0,"bluesky,hackernews,newsrss,reddit",,0.0,0,0,0,0,"bluesky,hackernews,newsrss,reddit",,0.0,0,0,0,0,"bluesky,hackernews,newsrss,reddit",
30d,0.0,0.0,NYC Housing Authority,report,,Seventh NYCHA Current Monitor Quarterly Report (PDF),,https://www.nyc.gov/assets/nycha/downloads/pdf/nycha-monitorship-seventh-report.pdf,https://www.nyc.gov/assets/nycha/downloads/pdf/nycha-monitorship-seventh-report.pdf,pdf,no public link pickups found in checked sources,0.0,0,0,0,0,"bluesky,hackernews,newsrss,reddit",,0.0,0,0,0,0,"bluesky,hackernews,newsrss,reddit",,0.0,0,0,0,0,"bluesky,hackernews,newsrss,reddit",
30d,0.0,0.0,NYC Housing Authority,report,,First NYCHA Quarterly Report (PDF) (opens in new tab),,https://www.nyc.gov/assets/nycha/downloads/pdf/NYCHA-Monitor-First-Quarterly-Report-7.22.19.pdf,https://www.nyc.gov/assets/nycha/downloads/pdf/NYCHA-Monitor-First-Quarterly-Report-7.22.19.pdf,pdf,no public link pickups found in checked sources,0.0,0,0,0,0,"bluesky,hackernews,newsrss,reddit",,0.0,0,0,0,0,"bluesky,hackernews,newsrss,reddit",,0.0,0,0,0,0,"bluesky,hackernews,newsrss,reddit",
30d,0.0,0.0,NYC Housing Authority,report,,Second NYCHA Quarterly Report (PDF),,https://www.nyc.gov/assets/nycha/downloads/pdf/NYCHA-Monitor-Second-Quarterly-Report-11.1.19-FINAL.pdf,https://www.nyc.gov/assets/nycha/downloads/pdf/NYCHA-Monitor-Second-Quarterly-Report-11.1.19-FINAL.pdf,pdf,no public link pickups found in checked sources,0.0,0,0,0,0,"bluesky,hackernews,newsrss,reddit",,0.0,0,0,0,0,"bluesky,hackernews,newsrss,reddit",,0.0,0,0,0,0,"bluesky,hackernews,newsrss,reddit",
30d,0.0,0.0,NYC Housing Authority,report,,Third NYCHA Quarterly Report (PDF),,https://www.nyc.gov/assets/nycha/downloads/pdf/NYCHA-Monitor-Third-Quarterly-Report-2.4.20.pdf,https://www.nyc.gov/assets/nycha/downloads/pdf/NYCHA-Monitor-Third-Quarterly-Report-2.4.20.pdf,pdf,no public link pickups found in checked sources,0.0,0,0,0,0,"bluesky,hackernews,newsrss,reddit",,0.0,0,0,0,0,"bluesky,hackernews,newsrss,reddit",,0.0,0,0,0,0,"bluesky,hackernews,newsrss,reddit",
30d,0.0,0.0,NYC Housing Authority,report,,Fourth NYCHA Quarterly Report (PDF),,https://www.nyc.gov/assets/nycha/downloads/pdf/NYCHA-Monitor-Fourth-Quarterly-Report-5.18.20.pdf,https://www.nyc.gov/assets/nycha/downloads/pdf/NYCHA-Monitor-Fourth-Quarterly-Report-5.18.20.pdf,pdf,no public link pickups found in checked sources,0.0,0,0,0,0,"bluesky,hackernews,newsrss,reddit",,0.0,0,0,0,0,"bluesky,hackernews,newsrss,reddit",,0.0,0,0,0,0,"bluesky,hackernews,newsrss,reddit",
30d,0.0,0.0,NYC Housing Authority,report,,Fifth NYCHA Quarterly Report (PDF),,https://www.nyc.gov/assets/nycha/downloads/pdf/NYCHA-Monitor-Fifth-Quarterly-Report-Letter-Final-8.13.20.pdf,https://www.nyc.gov/assets/nycha/downloads/pdf/NYCHA-Monitor-Fifth-Quarterly-Report-Letter-Final-8.13.20.pdf,pdf,no public link pickups found in checked sources,0.0,0,0,0,0,"bluesky,hackernews,newsrss,reddit",,0.0,0,0,0,0,"bluesky,hackernews,newsrss,reddit",,0.0,0,0,0,0,"bluesky,hackernews,newsrss,reddit",
30d,0.0,0.0,NYC Housing Authority,report,,Sixth NYCHA Quarterly Report (PDF),,https://www.nyc.gov/assets/nycha/downloads/pdf/NYCHA-Monitor-Sixth-Quarterly-Report-Letter-Final-11.18.20.pdf,https://www.nyc.gov/assets/nycha/downloads/pdf/NYCHA-Monitor-Sixth-Quarterly-Report-Letter-Final-11.18.20.pdf,pdf,no public link pickups found in checked sources,0.0,0,0,0,0,"bluesky,hackernews,newsrss,reddit",,0.0,0,0,0,0,"bluesky,hackernews,newsrss,reddit",,0.0,0,0,0,0,"bluesky,hackernews,newsrss,reddit",
30d,0.0,0.0,NYC Housing Authority,report,,Seventh NYCHA Quarterly Report (PDF),,https://www.nyc.gov/assets/nycha/downloads/pdf/NYCHA-Monitor-Seventh-Quarterly-Report-Letter-Final-3.17.21.pdf,https://www.nyc.gov/assets/nycha/downloads/pdf/NYCHA-Monitor-Seventh-Quarterly-Report-Letter-Final-3.17.21.pdf,pdf,no public link pickups found in checked sources,0.0,0,0,0,0,"bluesky,hackernews,newsrss,reddit",,0.0,0,0,0,0,"bluesky,hackernews,newsrss,reddit",,0.0,0,0,0,0,"bluesky,hackernews,newsrss,reddit",
30d,0.0,0.0,NYC Housing Authority,report,,Eighth NYCHA Quarterly Report (PDF),,https://www.nyc.gov/assets/nycha/downloads/pdf/NYCHA-Monitor-Eighth-Quarterly-Report-Letter-Final-6.25.21.pdf,https://www.nyc.gov/assets/nycha/downloads/pdf/NYCHA-Monitor-Eighth-Quarterly-Report-Letter-Final-6.25.21.pdf,pdf,no public link pickups found in checked sources,0.0,0,0,0,0,"bluesky,hackernews,newsrss,reddit",,0.0,0,0,0,0,"bluesky,hackernews,newsrss,reddit",,0.0,0,0,0,0,"bluesky,hackernews,newsrss,reddit",
30d,0.0,0.0,NYC Housing Authority,report,,Ninth NYCHA Quarterly Report (PDF),,https://www.nyc.gov/assets/nycha/downloads/pdf/NYCHA-Monitor-Ninth-Quarterly-Report-Letter-Final-10.12.21.pdf,https://www.nyc.gov/assets/nycha/downloads/pdf/NYCHA-Monitor-Ninth-Quarterly-Report-Letter-Final-10.12.21.pdf,pdf,no public link pickups found in checked sources,0.0,0,0,0,0,"bluesky,hackernews,newsrss,reddit",,0.0,0,0,0,0,"bluesky,hackernews,newsrss,reddit",,0.0,0,0,0,0,"bluesky,hackernews,newsrss,reddit",
30d,0.0,0.0,NYC Housing Authority,report,,Tenth NYCHA Quarterly Report (PDF),,https://www.nyc.gov/assets/nycha/downloads/pdf/NYCHA-Monitor-Tenth-Quarterly-Report-Letter-Final-2.15.22.pdf,https://www.nyc.gov/assets/nycha/downloads/pdf/NYCHA-Monitor-Tenth-Quarterly-Report-Letter-Final-2.15.22.pdf,pdf,no public link pickups found in checked sources,0.0,0,0,0,0,"bluesky,hackernews,newsrss,reddit",,0.0,0,0,0,0,"bluesky,hackernews,newsrss,reddit",,0.0,0,0,0,0,"bluesky,hackernews,newsrss,reddit",
30d,0.0,0.0,NYC Housing Authority,report,,Eleventh NYCHA Quarterly Report (PDF),,https://www.nyc.gov/assets/nycha/downloads/pdf/NYCHA-Monitor-Eleventh-Quarterly-Report-Final-4.25.22.pdf,https://www.nyc.gov/assets/nycha/downloads/pdf/NYCHA-Monitor-Eleventh-Quarterly-Report-Final-4.25.22.pdf,pdf,no public link pickups found in checked sources,0.0,0,0,0,0,"bluesky,hackernews,newsrss,reddit",,0.0,0,0,0,0,"bluesky,hackernews,newsrss,reddit",,0.0,0,0,0,0,"bluesky,hackernews,newsrss,reddit",
30d,0.0,0.0,NYC Housing Authority,report,,Twelfth NYCHA Quarterly Report (PDF),,https://www.nyc.gov/assets/nycha/downloads/pdf/NYCHA-Monitor-Twelfth-Quarterly-Report-Final-9.7.22.pdf,https://www.nyc.gov/assets/nycha/downloads/pdf/NYCHA-Monitor-Twelfth-Quarterly-Report-Final-9.7.22.pdf,pdf,no public link pickups found in checked sources,0.0,0,0,0,0,"bluesky,hackernews,newsrss,reddit",,0.0,0,0,0,0,"bluesky,hackernews,newsrss,reddit",,0.0,0,0,0,0,"bluesky,hackernews,newsrss,reddit",
30d,0.0,0.0,NYC Housing Authority,report,,Thirteenth NYCHA Quarterly Report (PDF),,https://www.nyc.gov/assets/nycha/downloads/pdf/NYCHA-Monitor-Thirteenth-Quarterly-Report-3.8.23.pdf,https://www.nyc.gov/assets/nycha/downloads/pdf/NYCHA-Monitor-Thirteenth-Quarterly-Report-3.8.23.pdf,pdf,no public link pickups found in checked sources,0.0,0,0,0,0,"bluesky,hackernews,newsrss,reddit",,0.0,0,0,0,0,"bluesky,hackernews,newsrss,reddit",,0.0,0,0,0,0,"bluesky,hackernews,newsrss,reddit",
30d,0.0,0.0,NYC Housing Authority,report,,NYCHA Pest Control and Waste Management Report (PDF),,https://www.nyc.gov/assets/nycha/downloads/pdf/Pest-Control-&-Waste-Management-Report-June.pdf,https://www.nyc.gov/assets/nycha/downloads/pdf/Pest-Control-&-Waste-Management-Report-June.pdf,pdf,no public link pickups found in checked sources,0.0,0,0,0,0,"bluesky,hackernews,newsrss,reddit",,0.0,0,0,0,0,"bluesky,hackernews,newsrss,reddit",,0.0,0,0,0,0,"bluesky,hackernews,newsrss,reddit",
30d,0.0,0.0,NYC Housing Authority,report,,NYCHA Mold and Lead Report (PDF),,https://www.nyc.gov/assets/nycha/downloads/pdf/Mold-&-Lead-Report-August-2023.pdf,https://www.nyc.gov/assets/nycha/downloads/pdf/Mold-&-Lead-Report-August-2023.pdf,pdf,no public link pickups found in checked sources,0.0,0,0,0,0,"bluesky,hackernews,newsrss,reddit",,0.0,0,0,0,0,"bluesky,hackernews,newsrss,reddit",,0.0,0,0,0,0,"bluesky,hackernews,newsrss,reddit",
30d,0.0,0.0,NYC Housing Authority,report,,NYCHA Heat Report (PDF),,https://www.nyc.gov/assets/nycha/downloads/pdf/Heat-Report-Assessment-Nov-2023.pdf,https://www.nyc.gov/assets/nycha/downloads/pdf/Heat-Report-Assessment-Nov-2023.pdf,pdf,no public link pickups found in checked sources,0.0,0,0,0,0,"bluesky,hackernews,newsrss,reddit",,0.0,0,0,0,0,"bluesky,hackernews,newsrss,reddit",,0.0,0,0,0,0,"bluesky,hackernews,newsrss,reddit",
30d,0.0,0.0,NYC Housing Authority,report,,NYCHA First Monitor Final Report (PDF),,https://www.nyc.gov/assets/nycha/downloads/pdf/NYCHA-Monitor-Letter-and-Final-Report-3.19.2024.pdf,https://www.nyc.gov/assets/nycha/downloads/pdf/NYCHA-Monitor-Letter-and-Final-Report-3.19.2024.pdf,pdf,no public link pickups found in checked sources,0.0,0,0,0,0,"bluesky,hackernews,newsrss,reddit",,0.0,0,0,0,0,"bluesky,hackernews,newsrss,reddit",,0.0,0,0,0,0,"bluesky,hackernews,newsrss,reddit",
30d,0.0,0.0,NYC Housing Authority,report,,City Capital Action Plan Amendment (PDF),,https://www.nyc.gov/assets/nycha/downloads/pdf/City_Capital_Action_Plan_Amendment_9_15_2023.pdf,https://www.nyc.gov/assets/nycha/downloads/pdf/City_Capital_Action_Plan_Amendment_9_15_2023.pdf,pdf,no public link pickups found in checked sources,0.0,0,0,0,0,"bluesky,hackernews,newsrss,reddit",,0.0,0,0,0,0,"bluesky,hackernews,newsrss,reddit",,0.0,0,0,0,0,"bluesky,hackernews,newsrss,reddit",
30d,0.0,0.0,NYC Housing Authority,report,,City Capital Action Plan (PDF),,https://www.nyc.gov/assets/nycha/downloads/pdf/NYCHA_Capital_Action_Plan_May_8_2021.pdf,https://www.nyc.gov/assets/nycha/downloads/pdf/NYCHA_Capital_Action_Plan_May_8_2021.pdf,pdf,no public link pickups found in checked sources,0.0,0,0,0,0,"bluesky,hackernews,newsrss,reddit",,0.0,0,0,0,0,"bluesky,hackernews,newsrss,reddit",,0.0,0,0,0,0,"bluesky,hackernews,newsrss,reddit",
30d,0.0,0.0,NYC Housing Authority,report,,PHAS Inspections Action Plan (PDF),,https://www.nyc.gov/assets/nycha/downloads/pdf/NYCHA-Action-Plan-PHAS-Inspections.pdf,https://www.nyc.gov/assets/nycha/downloads/pdf/NYCHA-Action-Plan-PHAS-Inspections.pdf,pdf,no public link pickups found in checked sources,0.0,0,0,0,0,"bluesky,hackernews,newsrss,reddit",,0.0,0,0,0,0,"bluesky,hackernews,newsrss,reddit",,0.0,0,0,0,0,"bluesky,hackernews,newsrss,reddit",
30d,0.0,0.0,NYC Housing Authority,report,,Elevator Action Plan (PDF),,https://www.nyc.gov/assets/nycha/downloads/pdf/Elevator-Action-Plan-FINAL-20200130.pdf,https://www.nyc.gov/assets/nycha/downloads/pdf/Elevator-Action-Plan-FINAL-20200130.pdf,pdf,no public link pickups found in checked sources,0.0,0,0,0,0,"bluesky,hackernews,newsrss,reddit",,0.0,0,0,0,0,"bluesky,hackernews,newsrss,reddit",,0.0,0,0,0,0,"bluesky,hackernews,newsrss,reddit",
30d,0.0,0.0,NYC Housing Authority,report,,Agreement Modifications Regarding Elevators (PDF),,https://www.nyc.gov/assets/nycha/downloads/pdf/Elevator-Agreement-Modifications-20220729.pdf,https://www.nyc.gov/assets/nycha/downloads/pdf/Elevator-Agreement-Modifications-20220729.pdf,pdf,no public link pickups found in checked sources,0.0,0,0,0,0,"bluesky,hackernews,newsrss,reddit",,0.0,0,0,0,0,"bluesky,hackernews,newsrss,reddit",,0.0,0,0,0,0,"bluesky,hackernews,newsrss,reddit",
30d,0.0,0.0,NYC Housing Authority,report,,Mold Action Plan (PDF),,https://www.nyc.gov/assets/nycha/downloads/pdf/Mold-Action-Plan-Final-3.9.2020.pdf,https://www.nyc.gov/assets/nycha/downloads/pdf/Mold-Action-Plan-Final-3.9.2020.pdf,pdf,no public link pickups found in checked sources,0.0,0,0,0,0,"bluesky,hackernews,newsrss,reddit",,0.0,0,0,0,0,"bluesky,hackernews,newsrss,reddit",,0.0,0,0,0,0,"bluesky,hackernews,newsrss,reddit",
30d,0.0,0.0,NYC Housing Authority,report,,Pest and Waste Management Action Plan (PDF),,https://www.nyc.gov/assets/nycha/downloads/pdf/NYCHA-Pest-and-Waste-Management-Action-Plan-1.26.21.pdf,https://www.nyc.gov/assets/nycha/downloads/pdf/NYCHA-Pest-and-Waste-Management-Action-Plan-1.26.21.pdf,pdf,no public link pickups found in checked sources,0.0,0,0,0,0,"bluesky,hackernews,newsrss,reddit",,0.0,0,0,0,0,"bluesky,hackernews,newsrss,reddit",,0.0,0,0,0,0,"bluesky,hackernews,newsrss,reddit",
30d,0.0,0.0,NYC Housing Authority,report,,Annual Inspections Action Plan (PDF),,https://www.nyc.gov/assets/nycha/downloads/pdf/Annual_Inspection_Action_Plan_Final_12.9.2020.pdf,https://www.nyc.gov/assets/nycha/downloads/pdf/Annual_Inspection_Action_Plan_Final_12.9.2020.pdf,pdf,no public link pickups found in checked sources,0.0,0,0,0,0,"bluesky,hackernews,newsrss,reddit",,0.0,0,0,0,0,"bluesky,hackernews,newsrss,reddit",,0.0,0,0,0,0,"bluesky,hackernews,newsrss,reddit",
30d,0.0,0.0,NYC Housing Authority,report,,Lead Action Plan (PDF),,https://www.nyc.gov/assets/nycha/downloads/pdf/NYCHA-Initial-Lead-Action-Plan-1.19.21-FINAL-(TC-1.26).pdf,https://www.nyc.gov/assets/nycha/downloads/pdf/NYCHA-Initial-Lead-Action-Plan-1.19.21-FINAL-(TC-1.26).pdf,pdf,no public link pickups found in checked sources,0.0,0,0,0,0,"bluesky,hackernews,newsrss,reddit",,0.0,0,0,0,0,"bluesky,hackernews,newsrss,reddit",,0.0,0,0,0,0,"bluesky,hackernews,newsrss,reddit",
30d,0.0,0.0,NYC Housing Authority,report,,Heating Action Plan (PDF),,https://www.nyc.gov/assets/nycha/downloads/pdf/Heating-Action-Plan-12.4.19.pdf,https://www.nyc.gov/assets/nycha/downloads/pdf/Heating-Action-Plan-12.4.19.pdf,pdf,no public link pickups found in checked sources,0.0,0,0,0,0,"bluesky,hackernews,newsrss,reddit",,0.0,0,0,0,0,"bluesky,hackernews,newsrss,reddit",,0.0,0,0,0,0,"bluesky,hackernews,newsrss,reddit",
30d,0.0,0.0,NYC Housing Authority,report,,Heating Action Plan Appendix (PDF),,https://www.nyc.gov/assets/nycha/downloads/pdf/Heating-Action-Plan-Appendix.pdf,https://www.nyc.gov/assets/nycha/downloads/pdf/Heating-Action-Plan-Appendix.pdf,pdf,no public link pickups found in checked sources,0.0,0,0,0,0,"bluesky,hackernews,newsrss,reddit",,0.0,0,0,0,0,"bluesky,hackernews,newsrss,reddit",,0.0,0,0,0,0,"bluesky,hackernews,newsrss,reddit",
30d,0.0,0.0,NYC Housing Authority,report,,Bi-Annual Compliance Report July 2019 (PDF),,https://www.nyc.gov/assets/nycha/downloads/pdf/1B_%20Bi-Annual%20Certification%2007-31-2019.pdf,https://www.nyc.gov/assets/nycha/downloads/pdf/1B_%20Bi-Annual%20Certification%2007-31-2019.pdf,pdf,no public link pickups found in checked sources,0.0,0,0,0,0,"bluesky,hackernews,newsrss,reddit",,0.0,0,0,0,0,"bluesky,hackernews,newsrss,reddit",,0.0,0,0,0,0,"bluesky,hackernews,newsrss,reddit",
30d,0.0,0.0,NYC Housing Authority,report,,EHS Lead Compliance Inspection Report Oct–Dec 2019 (PDF),,https://www.nyc.gov/assets/nycha/downloads/pdf/2A_EHS%20RRP%20Inspection%20Report%20Oct-Dec2019.pdf,https://www.nyc.gov/assets/nycha/downloads/pdf/2A_EHS%20RRP%20Inspection%20Report%20Oct-Dec2019.pdf,pdf,no public link pickups found in checked sources,0.0,0,0,0,0,"bluesky,hackernews,newsrss,reddit",,0.0,0,0,0,0,"bluesky,hackernews,newsrss,reddit",,0.0,0,0,0,0,"bluesky,hackernews,newsrss,reddit",
30d,0.0,0.0,NYC Housing Authority,report,,Bi-Annual Compliance Report January 2020 (PDF),,https://www.nyc.gov/assets/nycha/downloads/pdf/2B_Bi-Annual%20Certification%2001-31-2020.pdf,https://www.nyc.gov/assets/nycha/downloads/pdf/2B_Bi-Annual%20Certification%2001-31-2020.pdf,pdf,no public link pickups found in checked sources,0.0,0,0,0,0,"bluesky,hackernews,newsrss,reddit",,0.0,0,0,0,0,"bluesky,hackernews,newsrss,reddit",,0.0,0,0,0,0,"bluesky,hackernews,newsrss,reddit",
30d,0.0,0.0,NYC Housing Authority,report,,EHS Lead Compliance Inspection Report Jan–Mar 2020 (PDF),,https://www.nyc.gov/assets/nycha/downloads/pdf/3A_%20EHS%20Lead%20Compliance%20Assurance%20Report%20Jan-Mar2020.pdf,https://www.nyc.gov/assets/nycha/downloads/pdf/3A_%20EHS%20Lead%20Compliance%20Assurance%20Report%20Jan-Mar2020.pdf,pdf,no public link pickups found in checked sources,0.0,0,0,0,0,"bluesky,hackernews,newsrss,reddit",,0.0,0,0,0,0,"bluesky,hackernews,newsrss,reddit",,0.0,0,0,0,0,"bluesky,hackernews,newsrss,reddit",
30d,0.0,0.0,NYC Housing Authority,report,,Bi-Annual Compliance Report July 2020 (PDF),,https://www.nyc.gov/assets/nycha/downloads/pdf/3B_%20Bi-Annual%20Certification%2007-31-2020.pdf,https://www.nyc.gov/assets/nycha/downloads/pdf/3B_%20Bi-Annual%20Certification%2007-31-2020.pdf,pdf,no public link pickups found in checked sources,0.0,0,0,0,0,"bluesky,hackernews,newsrss,reddit",,0.0,0,0,0,0,"bluesky,hackernews,newsrss,reddit",,0.0,0,0,0,0,"bluesky,hackernews,newsrss,reddit",
30d,0.0,0.0,NYC Housing Authority,report,,EHS Lead Compliance Inspection Report Aug–Dec 2020 (PDF),,https://www.nyc.gov/assets/nycha/downloads/pdf/4A_EHS%20Lead%20Compliance%20Assurance%20Report%20Aug-Dec2020%20_Edited.pdf,https://www.nyc.gov/assets/nycha/downloads/pdf/4A_EHS%20Lead%20Compliance%20Assurance%20Report%20Aug-Dec2020%20_Edited.pdf,pdf,no public link pickups found in checked sources,0.0,0,0,0,0,"bluesky,hackernews,newsrss,reddit",,0.0,0,0,0,0,"bluesky,hackernews,newsrss,reddit",,0.0,0,0,0,0,"bluesky,hackernews,newsrss,reddit",
30d,0.0,0.0,NYC Department of Buildings,report,,After Hours Variance Map,,https://www.nyc.gov/assets/buildings/html/active-after-hour-variance.html,,html,no public link pickups found in checked sources,0.0,0,0,0,0,"bluesky,hackernews,newsrss,reddit",,0.0,0,0,0,0,"bluesky,hackernews,newsrss,reddit",,0.0,0,0,0,0,"bluesky,hackernews,newsrss,reddit",
30d,0.0,0.0,NYC Department of Buildings,report,,Active Major Construction,,https://www.nyc.gov/assets/buildings/html/active-major-construction.html,,html,no public link pickups found in checked sources,0.0,0,0,0,0,"bluesky,hackernews,newsrss,reddit",,0.0,0,0,0,0,"bluesky,hackernews,newsrss,reddit",,0.0,0,0,0,0,"bluesky,hackernews,newsrss,reddit",
30d,0.0,0.0,NYC Department of Buildings,report,,Elevator Report,,https://www.nyc.gov/assets/buildings/html/elevator_report_2017.html,,html,no public link pickups found in checked sources,0.0,0,0,0,0,"bluesky,hackernews,newsrss,reddit",,0.0,0,0,0,0,"bluesky,hackernews,newsrss,reddit",,0.0,0,0,0,0,"bluesky,hackernews,newsrss,reddit",
30d,0.0,0.0,NYC Department of Buildings,report,,Local Law 104 Map,,https://www.nyc.gov/assets/buildings/html/local-law-104-map.html,,html,no public link pickups found in checked sources,0.0,0,0,0,0,"bluesky,hackernews,newsrss,reddit",,0.0,0,0,0,0,"bluesky,hackernews,newsrss,reddit",,0.0,0,0,0,0,"bluesky,hackernews,newsrss,reddit",
30d,0.0,0.0,NYC Department of Buildings,report,,Local Law 11 Map,,https://www.nyc.gov/assets/buildings/html/Facade_Filings_Cycle.html,,html,no public link pickups found in checked sources,0.0,0,0,0,0,"bluesky,hackernews,newsrss,reddit",,0.0,0,0,0,0,"bluesky,hackernews,newsrss,reddit",,0.0,0,0,0,0,"bluesky,hackernews,newsrss,reddit",
30d,0.0,0.0,NYC Department of Buildings,report,,Parking Structure Inspections Map,,https://www.nyc.gov/assets/buildings/html/parking-structure-insp-map.html,,html,no public link pickups found in checked sources,0.0,0,0,0,0,"bluesky,hackernews,newsrss,reddit",,0.0,0,0,0,0,"bluesky,hackernews,newsrss,reddit",,0.0,0,0,0,0,"bluesky,hackernews,newsrss,reddit",
30d,0.0,0.0,NYC Department of Buildings,report,,Retaining Wall Inspections Map,,https://www.nyc.gov/assets/buildings/html/RetainingWalls_cycles3.html,,html,no public link pickups found in checked sources,0.0,0,0,0,0,"bluesky,hackernews,newsrss,reddit",,0.0,0,0,0,0,"bluesky,hackernews,newsrss,reddit",,0.0,0,0,0,0,"bluesky,hackernews,newsrss,reddit",
30d,0.0,0.0,NYC Department of Buildings,report,,Sidewalk Shed Report,,https://www.nyc.gov/assets/buildings/html/sidewalk-shed-map.html,,html,no public link pickups found in checked sources,0.0,0,0,0,0,"bluesky,hackernews,newsrss,reddit",,0.0,0,0,0,0,"bluesky,hackernews,newsrss,reddit",,0.0,0,0,0,0,"bluesky,hackernews,newsrss,reddit",
30d,0.0,0.0,NYC Department of Buildings,report,,Site Safety Construction Map,,https://www.nyc.gov/assets/buildings/html/site-safety-construction-map.html,,html,no public link pickups found in checked sources,0.0,0,0,0,0,"bluesky,hackernews,newsrss,reddit",,0.0,0,0,0,0,"bluesky,hackernews,newsrss,reddit",,0.0,0,0,0,0,"bluesky,hackernews,newsrss,reddit",
30d,0.0,0.0,NYC Department of Buildings,report,,Stop Work Order Map,,https://www.nyc.gov/assets/buildings/html/swo-map.html,,html,no public link pickups found in checked sources,0.0,0,0,0,0,"bluesky,hackernews,newsrss,reddit",,0.0,0,0,0,0,"bluesky,hackernews,newsrss,reddit",,0.0,0,0,0,0,"bluesky,hackernews,newsrss,reddit",
30d,0.0,0.0,NYC Department of Buildings,report,,Unpaid Violations Search,,https://www.nyc.gov/assets/buildings/html/Unpaid_Violations_Search.html,,html,no public link pickups found in checked sources,0.0,0,0,0,0,"bluesky,hackernews,newsrss,reddit",,0.0,0,0,0,0,"bluesky,hackernews,newsrss,reddit",,0.0,0,0,0,0,"bluesky,hackernews,newsrss,reddit",
30d,0.0,0.0,NYC Department of Environmental Protection,report,,Download the 2025 Drinking Water Supply & Quality Report,,https://www.nyc.gov/assets/dep/downloads/pdf/water/drinking-water/drinking-water-supply-quality-report/2025-drinking-water-supply-quality-report.pdf,https://www.nyc.gov/assets/dep/downloads/pdf/water/drinking-water/drinking-water-supply-quality-report/2025-drinking-water-supply-quality-report.pdf,pdf,no public link pickups found in checked sources,0.0,0,0,0,0,"bluesky,hackernews,newsrss,reddit",,0.0,0,0,0,0,"bluesky,hackernews,newsrss,reddit",,0.0,0,0,0,0,"bluesky,hackernews,newsrss,reddit",
30d,0.0,0.0,NYC Department of Environmental Protection,report,,Watershed Water Quality Annual Report,,https://www.nyc.gov/assets/dep/downloads/pdf/about/filtration-avoidance-determination/fad_5.1_watershed_wq_annual_report_07-25.pdf,https://www.nyc.gov/assets/dep/downloads/pdf/about/filtration-avoidance-determination/fad_5.1_watershed_wq_annual_report_07-25.pdf,pdf,no public link pickups found in checked sources,0.0,0,0,0,0,"bluesky,hackernews,newsrss,reddit",,0.0,0,0,0,0,"bluesky,hackernews,newsrss,reddit",,0.0,0,0,0,0,"bluesky,hackernews,newsrss,reddit",
30d,0.0,0.0,NYC Department of Environmental Protection,report,,Download a Map of Pumpout Stations,,https://www.nyc.gov/assets/dep/downloads/pdf/water/nyc-waterways/boat-sewage-disposal/map-of-pumpout-stations.pdf,https://www.nyc.gov/assets/dep/downloads/pdf/water/nyc-waterways/boat-sewage-disposal/map-of-pumpout-stations.pdf,pdf,no public link pickups found in checked sources,0.0,0,0,0,0,"bluesky,hackernews,newsrss,reddit",,0.0,0,0,0,0,"bluesky,hackernews,newsrss,reddit",,0.0,0,0,0,0,"bluesky,hackernews,newsrss,reddit",
30d,0.0,0.0,NYC Department of Environmental Protection,report,,Download Clean Marinas Practices,,https://www.nyc.gov/assets/dep/downloads/pdf/water/nyc-waterways/boat-sewage-disposal/clean-marinas-practices.pdf,https://www.nyc.gov/assets/dep/downloads/pdf/water/nyc-waterways/boat-sewage-disposal/clean-marinas-practices.pdf,pdf,no public link pickups found in checked sources,0.0,0,0,0,0,"bluesky,hackernews,newsrss,reddit",,0.0,0,0,0,0,"bluesky,hackernews,newsrss,reddit",,0.0,0,0,0,0,"bluesky,hackernews,newsrss,reddit",
30d,0.0,0.0,NYC Department of Environmental Protection,report,,2024 Integrated Sentinel Monitoring Report,,https://www.nyc.gov/assets/dep/downloads/pdf/water/nyc-waterways/sentinel-monitoring-program/2024-sentinel-monitoring-report.pdf,https://www.nyc.gov/assets/dep/downloads/pdf/water/nyc-waterways/sentinel-monitoring-program/2024-sentinel-monitoring-report.pdf,pdf,no public link pickups found in checked sources,0.0,0,0,0,0,"bluesky,hackernews,newsrss,reddit",,0.0,0,0,0,0,"bluesky,hackernews,newsrss,reddit",,0.0,0,0,0,0,"bluesky,hackernews,newsrss,reddit",
30d,0.0,0.0,NYC Department of Sanitation,report,,Local Law 49 Report,,https://www.nyc.gov/assets/dsny/downloads/resources/reports/recycling-reports/local-law-49-nycha-recycling-incentives.pdf,https://www.nyc.gov/assets/dsny/downloads/resources/reports/recycling-reports/local-law-49-nycha-recycling-incentives.pdf,pdf,no public link pickups found in checked sources,0.0,0,0,0,0,"bluesky,hackernews,newsrss,reddit",,0.0,0,0,0,0,"bluesky,hackernews,newsrss,reddit",,0.0,0,0,0,0,"bluesky,hackernews,newsrss,reddit",
30d,0.0,0.0,NYC Department of Sanitation,report,,"Reuse Sector Report, 2019",,https://www.nyc.gov/assets/dsny/downloads/resources/reports/recycling-reports/2019-reuse-sector-report.pdf,https://www.nyc.gov/assets/dsny/downloads/resources/reports/recycling-reports/2019-reuse-sector-report.pdf,pdf,no public link pickups found in checked sources,0.0,0,0,0,0,"bluesky,hackernews,newsrss,reddit",,0.0,0,0,0,0,"bluesky,hackernews,newsrss,reddit",,0.0,0,0,0,0,"bluesky,hackernews,newsrss,reddit",
30d,0.0,0.0,NYC Department of Sanitation,report,,"Reuse Sector Report, 2017",,https://www.nyc.gov/assets/dsny/downloads/resources/reports/recycling-reports/2017-reuse-sector-report.pdf,https://www.nyc.gov/assets/dsny/downloads/resources/reports/recycling-reports/2017-reuse-sector-report.pdf,pdf,no public link pickups found in checked sources,0.0,0,0,0,0,"bluesky,hackernews,newsrss,reddit",,0.0,0,0,0,0,"bluesky,hackernews,newsrss,reddit",,0.0,0,0,0,0,"bluesky,hackernews,newsrss,reddit",
30d,0.0,0.0,NYC Department of Sanitation,report,,"Processing and Marketing Recyclables in New York City, 2004",,https://www.nyc.gov/assets/dsny/downloads/resources/reports/recycling-reports/2004-processing-and-marketing-recyclables.pdf,https://www.nyc.gov/assets/dsny/downloads/resources/reports/recycling-reports/2004-processing-and-marketing-recyclables.pdf,pdf,no public link pickups found in checked sources,0.0,0,0,0,0,"bluesky,hackernews,newsrss,reddit",,0.0,0,0,0,0,"bluesky,hackernews,newsrss,reddit",,0.0,0,0,0,0,"bluesky,hackernews,newsrss,reddit",
30d,0.0,0.0,NYC Department of Sanitation,report,,2013-2014 Organics Collection Diversion Report,,https://www.nyc.gov/assets/dsny/downloads/resources/reports/organics-reports/organics-collection-pilot-reports/2013-2014-organics-collection-diversion-report.pdf,https://www.nyc.gov/assets/dsny/downloads/resources/reports/organics-reports/organics-collection-pilot-reports/2013-2014-organics-collection-diversion-report.pdf,pdf,no public link pickups found in checked sources,0.0,0,0,0,0,"bluesky,hackernews,newsrss,reddit",,0.0,0,0,0,0,"bluesky,hackernews,newsrss,reddit",,0.0,0,0,0,0,"bluesky,hackernews,newsrss,reddit",
30d,0.0,0.0,NYC Department of Sanitation,report,,2014 Organics Collection Diversion Report,,https://www.nyc.gov/assets/dsny/downloads/resources/reports/organics-reports/organics-collection-pilot-reports/2014-organics-collection-diversion-report.pdf,https://www.nyc.gov/assets/dsny/downloads/resources/reports/organics-reports/organics-collection-pilot-reports/2014-organics-collection-diversion-report.pdf,pdf,no public link pickups found in checked sources,0.0,0,0,0,0,"bluesky,hackernews,newsrss,reddit",,0.0,0,0,0,0,"bluesky,hackernews,newsrss,reddit",,0.0,0,0,0,0,"bluesky,hackernews,newsrss,reddit",
30d,0.0,0.0,NYC Department of Sanitation,report,,2014-2015 Organics Collection Diversion Report,,https://www.nyc.gov/assets/dsny/downloads/resources/reports/organics-reports/organics-collection-pilot-reports/2014-2015-organics-collection-diversion-report.pdf,https://www.nyc.gov/assets/dsny/downloads/resources/reports/organics-reports/organics-collection-pilot-reports/2014-2015-organics-collection-diversion-report.pdf,pdf,no public link pickups found in checked sources,0.0,0,0,0,0,"bluesky,hackernews,newsrss,reddit",,0.0,0,0,0,0,"bluesky,hackernews,newsrss,reddit",,0.0,0,0,0,0,"bluesky,hackernews,newsrss,reddit",
30d,0.0,0.0,NYC Department of Sanitation,report,,2015 Organics Collection Report,,https://www.nyc.gov/assets/dsny/downloads/resources/reports/organics-reports/organics-collection-pilot-reports/2015-organics-collection-report.pdf,https://www.nyc.gov/assets/dsny/downloads/resources/reports/organics-reports/organics-collection-pilot-reports/2015-organics-collection-report.pdf,pdf,no public link pickups found in checked sources,0.0,0,0,0,0,"bluesky,hackernews,newsrss,reddit",,0.0,0,0,0,0,"bluesky,hackernews,newsrss,reddit",,0.0,0,0,0,0,"bluesky,hackernews,newsrss,reddit",
30d,0.0,0.0,NYC Department of Sanitation,report,,2015 Organics Collection Report Appendices,,https://www.nyc.gov/assets/dsny/downloads/resources/reports/organics-reports/organics-collection-pilot-reports/2015-organics-collection-report-appendices.pdf,https://www.nyc.gov/assets/dsny/downloads/resources/reports/organics-reports/organics-collection-pilot-reports/2015-organics-collection-report-appendices.pdf,pdf,no public link pickups found in checked sources,0.0,0,0,0,0,"bluesky,hackernews,newsrss,reddit",,0.0,0,0,0,0,"bluesky,hackernews,newsrss,reddit",,0.0,0,0,0,0,"bluesky,hackernews,newsrss,reddit",
30d,0.0,0.0,NYC Department of Sanitation,report,,"Community Composting Report, 2014",,https://www.nyc.gov/assets/dsny/downloads/resources/reports/organics-reports/2014-community-composting-report.pdf,https://www.nyc.gov/assets/dsny/downloads/resources/reports/organics-reports/2014-community-composting-report.pdf,pdf,no public link pickups found in checked sources,0.0,0,0,0,0,"bluesky,hackernews,newsrss,reddit",,0.0,0,0,0,0,"bluesky,hackernews,newsrss,reddit",,0.0,0,0,0,0,"bluesky,hackernews,newsrss,reddit",
30d,0.0,0.0,NYC Department of Sanitation,report,,"Composting Opportunities, 2012",,https://www.nyc.gov/assets/dsny/downloads/resources/reports/organics-reports/2012-composting-opportunities.pdf,https://www.nyc.gov/assets/dsny/downloads/resources/reports/organics-reports/2012-composting-opportunities.pdf,pdf,no public link pickups found in checked sources,0.0,0,0,0,0,"bluesky,hackernews,newsrss,reddit",,0.0,0,0,0,0,"bluesky,hackernews,newsrss,reddit",,0.0,0,0,0,0,"bluesky,hackernews,newsrss,reddit",
30d,0.0,0.0,NYC Department of Sanitation,report,,"Commercial Solid Waste Study and Analysis, 2012",,https://www.nyc.gov/assets/dsny/downloads/resources/reports/waste-characterization-studies/cswsa-2012.pdf,https://www.nyc.gov/assets/dsny/downloads/resources/reports/waste-characterization-studies/cswsa-2012.pdf,pdf,no public link pickups found in checked sources,0.0,0,0,0,0,"bluesky,hackernews,newsrss,reddit",,0.0,0,0,0,0,"bluesky,hackernews,newsrss,reddit",,0.0,0,0,0,0,"bluesky,hackernews,newsrss,reddit",
30d,0.0,0.0,NYC Department of Sanitation,report,,"Mixed Waste Processing, 1999",,https://www.nyc.gov/assets/dsny/downloads/resources/reports/waste-characterization-studies/mwp-1999.pdf,https://www.nyc.gov/assets/dsny/downloads/resources/reports/waste-characterization-studies/mwp-1999.pdf,pdf,no public link pickups found in checked sources,0.0,0,0,0,0,"bluesky,hackernews,newsrss,reddit",,0.0,0,0,0,0,"bluesky,hackernews,newsrss,reddit",,0.0,0,0,0,0,"bluesky,hackernews,newsrss,reddit",
30d,0.0,0.0,NYC Department of Health & Mental Hygiene,report,,Mental Health Inequities among Asian New Yorkers,,https://www.nyc.gov/assets/doh/downloads/pdf/epi/databrief159-mental-health-asian-adults.pdf,https://www.nyc.gov/assets/doh/downloads/pdf/epi/databrief159-mental-health-asian-adults.pdf,pdf,no public link pickups found in checked sources,0.0,0,0,0,0,"bluesky,hackernews,newsrss,reddit",,0.0,0,0,0,0,"bluesky,hackernews,newsrss,reddit",,0.0,0,0,0,0,"bluesky,hackernews,newsrss,reddit",
30d,0.0,0.0,NYC Department of Health & Mental Hygiene,report,,"The Food Retail Environment in the South Bronx, 2019 to 2025",,https://www.nyc.gov/assets/doh/downloads/pdf/epi/databrief158-south-bronx-food-environment.pdf,https://www.nyc.gov/assets/doh/downloads/pdf/epi/databrief158-south-bronx-food-environment.pdf,pdf,no public link pickups found in checked sources,0.0,0,0,0,0,"bluesky,hackernews,newsrss,reddit",,0.0,0,0,0,0,"bluesky,hackernews,newsrss,reddit",,0.0,0,0,0,0,"bluesky,hackernews,newsrss,reddit",
30d,0.0,0.0,NYC Department of Health & Mental Hygiene,report,,"Postpartum Paid Family Leave in New York City, 2016 to 2022",,https://www.nyc.gov/assets/doh/downloads/pdf/epi/databrief157-paid-family-leave-2026.pdf,https://www.nyc.gov/assets/doh/downloads/pdf/epi/databrief157-paid-family-leave-2026.pdf,pdf,no public link pickups found in checked sources,0.0,0,0,0,0,"bluesky,hackernews,newsrss,reddit",,0.0,0,0,0,0,"bluesky,hackernews,newsrss,reddit",,0.0,0,0,0,0,"bluesky,hackernews,newsrss,reddit",
30d,0.0,0.0,NYC Department of Health & Mental Hygiene,report,,Mental Health Outcomes among Immigrant Adults in New York City,,https://www.nyc.gov/assets/doh/downloads/pdf/epi/databrief156-mh-immigrants-2026.pdf,https://www.nyc.gov/assets/doh/downloads/pdf/epi/databrief156-mh-immigrants-2026.pdf,pdf,no public link pickups found in checked sources,0.0,0,0,0,0,"bluesky,hackernews,newsrss,reddit",,0.0,0,0,0,0,"bluesky,hackernews,newsrss,reddit",,0.0,0,0,0,0,"bluesky,hackernews,newsrss,reddit",
30d,0.0,0.0,NYC Department of Health & Mental Hygiene,report,,"Pregnancy, Sexual Activity, and Contraception Use Among New York City Teens, 2000 to 2023",,https://www.nyc.gov/assets/doh/downloads/pdf/epi/databrief155-sexual-activity-teens-2026.pdf,https://www.nyc.gov/assets/doh/downloads/pdf/epi/databrief155-sexual-activity-teens-2026.pdf,pdf,no public link pickups found in checked sources,0.0,0,0,0,0,"bluesky,hackernews,newsrss,reddit",,0.0,0,0,0,0,"bluesky,hackernews,newsrss,reddit",,0.0,0,0,0,0,"bluesky,hackernews,newsrss,reddit",
30d,0.0,0.0,NYC Department of Health & Mental Hygiene,report,,"Psychiatric Hospitalizations Among New York City Adults, 2016 to 2023",,https://www.nyc.gov/assets/doh/downloads/pdf/epi/databrief154-mental-health-hospitalization-2026.pdf,https://www.nyc.gov/assets/doh/downloads/pdf/epi/databrief154-mental-health-hospitalization-2026.pdf,pdf,no public link pickups found in checked sources,0.0,0,0,0,0,"bluesky,hackernews,newsrss,reddit",,0.0,0,0,0,0,"bluesky,hackernews,newsrss,reddit",,0.0,0,0,0,0,"bluesky,hackernews,newsrss,reddit",
30d,0.0,0.0,NYC Department of Health & Mental Hygiene,report,,"Mental Health Treat-and-Release Emergency Department Visits among New York City Adults, 2016 to 2023",,https://www.nyc.gov/assets/doh/downloads/pdf/epi/databrief153-mental-health-emergency-department-2026.pdf,https://www.nyc.gov/assets/doh/downloads/pdf/epi/databrief153-mental-health-emergency-department-2026.pdf,pdf,no public link pickups found in checked sources,0.0,0,0,0,0,"bluesky,hackernews,newsrss,reddit",,0.0,0,0,0,0,"bluesky,hackernews,newsrss,reddit",,0.0,0,0,0,0,"bluesky,hackernews,newsrss,reddit",
30d,0.0,0.0,NYC Department of Health & Mental Hygiene,report,,"Mental Health and Substance Use Behaviors Among New York City Public High School Students, 2023",,https://www.nyc.gov/assets/doh/downloads/pdf/epi/databrief151-youth-mental-health-substance-use-2026.pdf,https://www.nyc.gov/assets/doh/downloads/pdf/epi/databrief151-youth-mental-health-substance-use-2026.pdf,pdf,no public link pickups found in checked sources,0.0,0,0,0,0,"bluesky,hackernews,newsrss,reddit",,0.0,0,0,0,0,"bluesky,hackernews,newsrss,reddit",,0.0,0,0,0,0,"bluesky,hackernews,newsrss,reddit",
30d,0.0,0.0,NYC Department of Health & Mental Hygiene,report,,"Impacts of Incarceration among New York City Adults, 2023",,https://www.nyc.gov/assets/doh/downloads/pdf/epi/databrief152-impacts-incarceration-2026.pdf,https://www.nyc.gov/assets/doh/downloads/pdf/epi/databrief152-impacts-incarceration-2026.pdf,pdf,no public link pickups found in checked sources,0.0,0,0,0,0,"bluesky,hackernews,newsrss,reddit",,0.0,0,0,0,0,"bluesky,hackernews,newsrss,reddit",,0.0,0,0,0,0,"bluesky,hackernews,newsrss,reddit",
30d,0.0,0.0,NYC Department of Health & Mental Hygiene,report,,Data Brief and Tables,,https://www.nyc.gov/assets/doh/downloads/pdf/epi/databrief150-unintentional-drug-death-2025.pdf,https://www.nyc.gov/assets/doh/downloads/pdf/epi/databrief150-unintentional-drug-death-2025.pdf,pdf,no public link pickups found in checked sources,0.0,0,0,0,0,"bluesky,hackernews,newsrss,reddit",,0.0,0,0,0,0,"bluesky,hackernews,newsrss,reddit",,0.0,0,0,0,0,"bluesky,hackernews,newsrss,reddit",
30d,0.0,0.0,NYC Department of Health & Mental Hygiene,report,,Data Brief and Tables,,https://www.nyc.gov/assets/doh/downloads/pdf/epi/databrief149-youth-suicide-behaviors-2025.pdf,https://www.nyc.gov/assets/doh/downloads/pdf/epi/databrief149-youth-suicide-behaviors-2025.pdf,pdf,no public link pickups found in checked sources,0.0,0,0,0,0,"bluesky,hackernews,newsrss,reddit",,0.0,0,0,0,0,"bluesky,hackernews,newsrss,reddit",,0.0,0,0,0,0,"bluesky,hackernews,newsrss,reddit",
30d,0.0,0.0,NYC Department of Health & Mental Hygiene,report,,Data Brief and Tables,,https://www.nyc.gov/assets/doh/downloads/pdf/epi/databrief148-cannabis-2025.pdf,https://www.nyc.gov/assets/doh/downloads/pdf/epi/databrief148-cannabis-2025.pdf,pdf,no public link pickups found in checked sources,0.0,0,0,0,0,"bluesky,hackernews,newsrss,reddit",,0.0,0,0,0,0,"bluesky,hackernews,newsrss,reddit",,0.0,0,0,0,0,"bluesky,hackernews,newsrss,reddit",
30d,0.0,0.0,NYC Department of Health & Mental Hygiene,report,,Data Brief and Tables,,https://www.nyc.gov/assets/doh/downloads/pdf/epi/databrief147-malaria-2025.pdf,https://www.nyc.gov/assets/doh/downloads/pdf/epi/databrief147-malaria-2025.pdf,pdf,no public link pickups found in checked sources,0.0,0,0,0,0,"bluesky,hackernews,newsrss,reddit",,0.0,0,0,0,0,"bluesky,hackernews,newsrss,reddit",,0.0,0,0,0,0,"bluesky,hackernews,newsrss,reddit",
30d,0.0,0.0,NYC Department of Health & Mental Hygiene,report,,Data Brief and Tables,,https://www.nyc.gov/assets/doh/downloads/pdf/epi/databrief146-diabetes-inequities.pdf,https://www.nyc.gov/assets/doh/downloads/pdf/epi/databrief146-diabetes-inequities.pdf,pdf,no public link pickups found in checked sources,0.0,0,0,0,0,"bluesky,hackernews,newsrss,reddit",,0.0,0,0,0,0,"bluesky,hackernews,newsrss,reddit",,0.0,0,0,0,0,"bluesky,hackernews,newsrss,reddit",
30d,0.0,0.0,NYC Department of Health & Mental Hygiene,report,,Data Brief and Tables,,https://www.nyc.gov/assets/doh/downloads/pdf/epi/databrief145.pdf,https://www.nyc.gov/assets/doh/downloads/pdf/epi/databrief145.pdf,pdf,no public link pickups found in checked sources,0.0,0,0,0,0,"bluesky,hackernews,newsrss,reddit",,0.0,0,0,0,0,"bluesky,hackernews,newsrss,reddit",,0.0,0,0,0,0,"bluesky,hackernews,newsrss,reddit",
30d,0.0,0.0,NYC Department of Health & Mental Hygiene,report,,Data Brief and Tables,,https://www.nyc.gov/assets/doh/downloads/pdf/epi/databrief144.pdf,https://www.nyc.gov/assets/doh/downloads/pdf/epi/databrief144.pdf,pdf,no public link pickups found in checked sources,0.0,0,0,0,0,"bluesky,hackernews,newsrss,reddit",,0.0,0,0,0,0,"bluesky,hackernews,newsrss,reddit",,0.0,0,0,0,0,"bluesky,hackernews,newsrss,reddit",
30d,0.0,0.0,NYC Department of Health & Mental Hygiene,report,,Data Brief and Tables,,https://www.nyc.gov/assets/doh/downloads/pdf/epi/databrief143.pdf,https://www.nyc.gov/assets/doh/downloads/pdf/epi/databrief143.pdf,pdf,no public link pickups found in checked sources,0.0,0,0,0,0,"bluesky,hackernews,newsrss,reddit",,0.0,0,0,0,0,"bluesky,hackernews,newsrss,reddit",,0.0,0,0,0,0,"bluesky,hackernews,newsrss,reddit",
30d,0.0,0.0,NYC Department of Health & Mental Hygiene,report,,Data Brief and Tables,,https://www.nyc.gov/assets/doh/downloads/pdf/epi/databrief142.pdf,https://www.nyc.gov/assets/doh/downloads/pdf/epi/databrief142.pdf,pdf,no public link pickups found in checked sources,0.0,0,0,0,0,"bluesky,hackernews,newsrss,reddit",,0.0,0,0,0,0,"bluesky,hackernews,newsrss,reddit",,0.0,0,0,0,0,"bluesky,hackernews,newsrss,reddit",
30d,0.0,0.0,NYC Department of Health & Mental Hygiene,report,,Data Brief and Tables,,https://www.nyc.gov/assets/doh/downloads/pdf/epi/databrief141.pdf,https://www.nyc.gov/assets/doh/downloads/pdf/epi/databrief141.pdf,pdf,no public link pickups found in checked sources,0.0,0,0,0,0,"bluesky,hackernews,newsrss,reddit",,0.0,0,0,0,0,"bluesky,hackernews,newsrss,reddit",,0.0,0,0,0,0,"bluesky,hackernews,newsrss,reddit",
30d,0.0,0.0,NYC Department of Health & Mental Hygiene,report,,Data Brief and Tables,,https://www.nyc.gov/assets/doh/downloads/pdf/epi/databrief140.pdf,https://www.nyc.gov/assets/doh/downloads/pdf/epi/databrief140.pdf,pdf,no public link pickups found in checked sources,0.0,0,0,0,0,"bluesky,hackernews,newsrss,reddit",,0.0,0,0,0,0,"bluesky,hackernews,newsrss,reddit",,0.0,0,0,0,0,"bluesky,hackernews,newsrss,reddit",
30d,0.0,0.0,NYC Department of Health & Mental Hygiene,report,,Data Brief and Tables,,https://www.nyc.gov/assets/doh/downloads/pdf/epi/databrief139.pdf,https://www.nyc.gov/assets/doh/downloads/pdf/epi/databrief139.pdf,pdf,no public link pickups found in checked sources,0.0,0,0,0,0,"bluesky,hackernews,newsrss,reddit",,0.0,0,0,0,0,"bluesky,hackernews,newsrss,reddit",,0.0,0,0,0,0,"bluesky,hackernews,newsrss,reddit",
30d,0.0,0.0,NYC Department of Health & Mental Hygiene,report,,Data Brief and Tables,,https://www.nyc.gov/assets/doh/downloads/pdf/epi/databrief138.pdf,https://www.nyc.gov/assets/doh/downloads/pdf/epi/databrief138.pdf,pdf,no public link pickups found in checked sources,0.0,0,0,0,0,"bluesky,hackernews,newsrss,reddit",,0.0,0,0,0,0,"bluesky,hackernews,newsrss,reddit",,0.0,0,0,0,0,"bluesky,hackernews,newsrss,reddit",
30d,0.0,0.0,NYC Department of Health & Mental Hygiene,report,,Data Brief and Tables,,https://www.nyc.gov/assets/doh/downloads/pdf/epi/databrief137.pdf,https://www.nyc.gov/assets/doh/downloads/pdf/epi/databrief137.pdf,pdf,no public link pickups found in checked sources,0.0,0,0,0,0,"bluesky,hackernews,newsrss,reddit",,0.0,0,0,0,0,"bluesky,hackernews,newsrss,reddit",,0.0,0,0,0,0,"bluesky,hackernews,newsrss,reddit",
30d,0.0,0.0,NYC Department of Health & Mental Hygiene,report,,Data Brief and Tables,,https://www.nyc.gov/assets/doh/downloads/pdf/epi/databrief135.pdf,https://www.nyc.gov/assets/doh/downloads/pdf/epi/databrief135.pdf,pdf,no public link pickups found in checked sources,0.0,0,0,0,0,"bluesky,hackernews,newsrss,reddit",,0.0,0,0,0,0,"bluesky,hackernews,newsrss,reddit",,0.0,0,0,0,0,"bluesky,hackernews,newsrss,reddit",
30d,0.0,0.0,NYC Department of Health & Mental Hygiene,report,,Data Brief and Tables,,https://www.nyc.gov/assets/doh/downloads/pdf/epi/databrief134.pdf,https://www.nyc.gov/assets/doh/downloads/pdf/epi/databrief134.pdf,pdf,no public link pickups found in checked sources,0.0,0,0,0,0,"bluesky,hackernews,newsrss,reddit",,0.0,0,0,0,0,"bluesky,hackernews,newsrss,reddit",,0.0,0,0,0,0,"bluesky,hackernews,newsrss,reddit",
30d,0.0,0.0,NYC Department of Health & Mental Hygiene,report,,Data Brief and Tables,,https://www.nyc.gov/assets/doh/downloads/pdf/epi/databrief133.pdf,https://www.nyc.gov/assets/doh/downloads/pdf/epi/databrief133.pdf,pdf,no public link pickups found in checked sources,0.0,0,0,0,0,"bluesky,hackernews,newsrss,reddit",,0.0,0,0,0,0,"bluesky,hackernews,newsrss,reddit",,0.0,0,0,0,0,"bluesky,hackernews,newsrss,reddit",
30d,0.0,0.0,NYC Department of Health & Mental Hygiene,report,,Data Brief and Tables,,https://www.nyc.gov/assets/doh/downloads/pdf/epi/databrief132.pdf,https://www.nyc.gov/assets/doh/downloads/pdf/epi/databrief132.pdf,pdf,no public link pickups found in checked sources,0.0,0,0,0,0,"bluesky,hackernews,newsrss,reddit",,0.0,0,0,0,0,"bluesky,hackernews,newsrss,reddit",,0.0,0,0,0,0,"bluesky,hackernews,newsrss,reddit",
30d,0.0,0.0,NYC Department of Health & Mental Hygiene,report,,Data Brief and Tables,,https://www.nyc.gov/assets/doh/downloads/pdf/epi/databrief131.pdf,https://www.nyc.gov/assets/doh/downloads/pdf/epi/databrief131.pdf,pdf,no public link pickups found in checked sources,0.0,0,0,0,0,"bluesky,hackernews,newsrss,reddit",,0.0,0,0,0,0,"bluesky,hackernews,newsrss,reddit",,0.0,0,0,0,0,"bluesky,hackernews,newsrss,reddit",
30d,0.0,0.0,NYC Department of Health & Mental Hygiene,report,,Data Brief and Tables,,https://www.nyc.gov/assets/doh/downloads/pdf/epi/databrief130.pdf,https://www.nyc.gov/assets/doh/downloads/pdf/epi/databrief130.pdf,pdf,no public link pickups found in checked sources,0.0,0,0,0,0,"bluesky,hackernews,newsrss,reddit",,0.0,0,0,0,0,"bluesky,hackernews,newsrss,reddit",,0.0,0,0,0,0,"bluesky,hackernews,newsrss,reddit",
30d,0.0,0.0,NYC Department of Health & Mental Hygiene,report,,Data Brief and Tables,,https://www.nyc.gov/assets/doh/downloads/pdf/epi/databrief129.pdf,https://www.nyc.gov/assets/doh/downloads/pdf/epi/databrief129.pdf,pdf,no public link pickups found in checked sources,0.0,0,0,0,0,"bluesky,hackernews,newsrss,reddit",,0.0,0,0,0,0,"bluesky,hackernews,newsrss,reddit",,0.0,0,0,0,0,"bluesky,hackernews,newsrss,reddit",
30d,0.0,0.0,NYC Department of Health & Mental Hygiene,report,,Data Brief and Tables,,https://www.nyc.gov/assets/doh/downloads/pdf/epi/databrief128.pdf,https://www.nyc.gov/assets/doh/downloads/pdf/epi/databrief128.pdf,pdf,no public link pickups found in checked sources,0.0,0,0,0,0,"bluesky,hackernews,newsrss,reddit",,0.0,0,0,0,0,"bluesky,hackernews,newsrss,reddit",,0.0,0,0,0,0,"bluesky,hackernews,newsrss,reddit",
30d,0.0,0.0,NYC Department of Health & Mental Hygiene,report,,Data Brief and Tables,,https://www.nyc.gov/assets/doh/downloads/pdf/epi/databrief127.pdf,https://www.nyc.gov/assets/doh/downloads/pdf/epi/databrief127.pdf,pdf,no public link pickups found in checked sources,0.0,0,0,0,0,"bluesky,hackernews,newsrss,reddit",,0.0,0,0,0,0,"bluesky,hackernews,newsrss,reddit",,0.0,0,0,0,0,"bluesky,hackernews,newsrss,reddit",
30d,0.0,0.0,NYC Department of Health & Mental Hygiene,report,,Data Brief and Tables,,https://www.nyc.gov/assets/doh/downloads/pdf/epi/databrief126.pdf,https://www.nyc.gov/assets/doh/downloads/pdf/epi/databrief126.pdf,pdf,no public link pickups found in checked sources,0.0,0,0,0,0,"bluesky,hackernews,newsrss,reddit",,0.0,0,0,0,0,"bluesky,hackernews,newsrss,reddit",,0.0,0,0,0,0,"bluesky,hackernews,newsrss,reddit",
30d,0.0,0.0,NYC Department of Health & Mental Hygiene,report,,Data Brief and Tables,,https://www.nyc.gov/assets/doh/downloads/pdf/epi/databrief125.pdf,https://www.nyc.gov/assets/doh/downloads/pdf/epi/databrief125.pdf,pdf,no public link pickups found in checked sources,0.0,0,0,0,0,"bluesky,hackernews,newsrss,reddit",,0.0,0,0,0,0,"bluesky,hackernews,newsrss,reddit",,0.0,0,0,0,0,"bluesky,hackernews,newsrss,reddit",
30d,0.0,0.0,NYC Department of Health & Mental Hygiene,report,,Data Brief and Tables,,https://www.nyc.gov/assets/doh/downloads/pdf/epi/databrief124.pdf,https://www.nyc.gov/assets/doh/downloads/pdf/epi/databrief124.pdf,pdf,no public link pickups found in checked sources,0.0,0,0,0,0,"bluesky,hackernews,newsrss,reddit",,0.0,0,0,0,0,"bluesky,hackernews,newsrss,reddit",,0.0,0,0,0,0,"bluesky,hackernews,newsrss,reddit",
30d,0.0,0.0,NYC Department of Health & Mental Hygiene,report,,Data Brief and Tables,,https://www.nyc.gov/assets/doh/downloads/pdf/epi/databrief123.pdf,https://www.nyc.gov/assets/doh/downloads/pdf/epi/databrief123.pdf,pdf,no public link pickups found in checked sources,0.0,0,0,0,0,"bluesky,hackernews,newsrss,reddit",,0.0,0,0,0,0,"bluesky,hackernews,newsrss,reddit",,0.0,0,0,0,0,"bluesky,hackernews,newsrss,reddit",
30d,0.0,0.0,NYC Department of Health & Mental Hygiene,report,,Visual Abstract: COVID-19 Magnified Inequities and Structural Racism,,https://www.nyc.gov/assets/doh/downloads/pdf/covid/covid-19-inequities-racism.pdf,https://www.nyc.gov/assets/doh/downloads/pdf/covid/covid-19-inequities-racism.pdf,pdf,no public link pickups found in checked sources,0.0,0,0,0,0,"bluesky,hackernews,newsrss,reddit",,0.0,0,0,0,0,"bluesky,hackernews,newsrss,reddit",,0.0,0,0,0,0,"bluesky,hackernews,newsrss,reddit",
30d,0.0,0.0,NYC Department of Health & Mental Hygiene,report,,Data Brief and Tables,,https://www.nyc.gov/assets/doh/downloads/pdf/epi/databrief122.pdf,https://www.nyc.gov/assets/doh/downloads/pdf/epi/databrief122.pdf,pdf,no public link pickups found in checked sources,0.0,0,0,0,0,"bluesky,hackernews,newsrss,reddit",,0.0,0,0,0,0,"bluesky,hackernews,newsrss,reddit",,0.0,0,0,0,0,"bluesky,hackernews,newsrss,reddit",
30d,0.0,0.0,NYC Department of Health & Mental Hygiene,report,,Data Brief and Tables,,https://www.nyc.gov/assets/doh/downloads/pdf/epi/databrief121.pdf,https://www.nyc.gov/assets/doh/downloads/pdf/epi/databrief121.pdf,pdf,no public link pickups found in checked sources,0.0,0,0,0,0,"bluesky,hackernews,newsrss,reddit",,0.0,0,0,0,0,"bluesky,hackernews,newsrss,reddit",,0.0,0,0,0,0,"bluesky,hackernews,newsrss,reddit",
30d,0.0,0.0,NYC Department of Health & Mental Hygiene,report,,Data Brief and Tables,,https://www.nyc.gov/assets/doh/downloads/pdf/epi/databrief120.pdf,https://www.nyc.gov/assets/doh/downloads/pdf/epi/databrief120.pdf,pdf,no public link pickups found in checked sources,0.0,0,0,0,0,"bluesky,hackernews,newsrss,reddit",,0.0,0,0,0,0,"bluesky,hackernews,newsrss,reddit",,0.0,0,0,0,0,"bluesky,hackernews,newsrss,reddit",
30d,0.0,0.0,NYC Department of Health & Mental Hygiene,report,,Data Brief and Tables,,https://www.nyc.gov/assets/doh/downloads/pdf/epi/databrief119.pdf,https://www.nyc.gov/assets/doh/downloads/pdf/epi/databrief119.pdf,pdf,no public link pickups found in checked sources,0.0,0,0,0,0,"bluesky,hackernews,newsrss,reddit",,0.0,0,0,0,0,"bluesky,hackernews,newsrss,reddit",,0.0,0,0,0,0,"bluesky,hackernews,newsrss,reddit",
30d,0.0,0.0,NYC Department of Health & Mental Hygiene,report,,Data Brief and Tables,,https://www.nyc.gov/assets/doh/downloads/pdf/epi/databrief118.pdf,https://www.nyc.gov/assets/doh/downloads/pdf/epi/databrief118.pdf,pdf,no public link pickups found in checked sources,0.0,0,0,0,0,"bluesky,hackernews,newsrss,reddit",,0.0,0,0,0,0,"bluesky,hackernews,newsrss,reddit",,0.0,0,0,0,0,"bluesky,hackernews,newsrss,reddit",
30d,0.0,0.0,NYC Department of Health & Mental Hygiene,report,,Data Brief and Tables,,https://www.nyc.gov/assets/doh/downloads/pdf/epi/databrief117.pdf,https://www.nyc.gov/assets/doh/downloads/pdf/epi/databrief117.pdf,pdf,no public link pickups found in checked sources,0.0,0,0,0,0,"bluesky,hackernews,newsrss,reddit",,0.0,0,0,0,0,"bluesky,hackernews,newsrss,reddit",,0.0,0,0,0,0,"bluesky,hackernews,newsrss,reddit",
30d,0.0,0.0,NYC Department of Health & Mental Hygiene,report,,Data Brief and Tables,,https://www.nyc.gov/assets/doh/downloads/pdf/epi/databrief116.pdf,https://www.nyc.gov/assets/doh/downloads/pdf/epi/databrief116.pdf,pdf,no public link pickups found in checked sources,0.0,0,0,0,0,"bluesky,hackernews,newsrss,reddit",,0.0,0,0,0,0,"bluesky,hackernews,newsrss,reddit",,0.0,0,0,0,0,"bluesky,hackernews,newsrss,reddit",
30d,0.0,0.0,NYC Department of Health & Mental Hygiene,report,,Data Brief and Tables,,https://www.nyc.gov/assets/doh/downloads/pdf/epi/databrief115.pdf,https://www.nyc.gov/assets/doh/downloads/pdf/epi/databrief115.pdf,pdf,no public link pickups found in checked sources,0.0,0,0,0,0,"bluesky,hackernews,newsrss,reddit",,0.0,0,0,0,0,"bluesky,hackernews,newsrss,reddit",,0.0,0,0,0,0,"bluesky,hackernews,newsrss,reddit",
30d,0.0,0.0,NYC Department of Health & Mental Hygiene,report,,Data Brief and Tables,,https://www.nyc.gov/assets/doh/downloads/pdf/epi/databrief114.pdf,https://www.nyc.gov/assets/doh/downloads/pdf/epi/databrief114.pdf,pdf,no public link pickups found in checked sources,0.0,0,0,0,0,"bluesky,hackernews,newsrss,reddit",,0.0,0,0,0,0,"bluesky,hackernews,newsrss,reddit",,0.0,0,0,0,0,"bluesky,hackernews,newsrss,reddit",
30d,0.0,0.0,NYC Department of Health & Mental Hygiene,report,,Data Brief and Tables,,https://www.nyc.gov/assets/doh/downloads/pdf/epi/databrief113.pdf,https://www.nyc.gov/assets/doh/downloads/pdf/epi/databrief113.pdf,pdf,no public link pickups found in checked sources,0.0,0,0,0,0,"bluesky,hackernews,newsrss,reddit",,0.0,0,0,0,0,"bluesky,hackernews,newsrss,reddit",,0.0,0,0,0,0,"bluesky,hackernews,newsrss,reddit",
30d,0.0,0.0,NYC Department of Health & Mental Hygiene,report,,Data Brief and Tables,,https://www.nyc.gov/assets/doh/downloads/pdf/epi/databrief112.pdf,https://www.nyc.gov/assets/doh/downloads/pdf/epi/databrief112.pdf,pdf,no public link pickups found in checked sources,0.0,0,0,0,0,"bluesky,hackernews,newsrss,reddit",,0.0,0,0,0,0,"bluesky,hackernews,newsrss,reddit",,0.0,0,0,0,0,"bluesky,hackernews,newsrss,reddit",
30d,0.0,0.0,NYC Department of Health & Mental Hygiene,report,,Data Brief and Tables,,https://www.nyc.gov/assets/doh/downloads/pdf/epi/databrief111.pdf,https://www.nyc.gov/assets/doh/downloads/pdf/epi/databrief111.pdf,pdf,no public link pickups found in checked sources,0.0,0,0,0,0,"bluesky,hackernews,newsrss,reddit",,0.0,0,0,0,0,"bluesky,hackernews,newsrss,reddit",,0.0,0,0,0,0,"bluesky,hackernews,newsrss,reddit",
30d,0.0,0.0,NYC Department of Health & Mental Hygiene,report,,Data Brief and Tables,,https://www.nyc.gov/assets/doh/downloads/pdf/epi/databrief110.pdf,https://www.nyc.gov/assets/doh/downloads/pdf/epi/databrief110.pdf,pdf,no public link pickups found in checked sources,0.0,0,0,0,0,"bluesky,hackernews,newsrss,reddit",,0.0,0,0,0,0,"bluesky,hackernews,newsrss,reddit",,0.0,0,0,0,0,"bluesky,hackernews,newsrss,reddit",
30d,0.0,0.0,NYC Administration for Children's Services,report,,Citycouncilreportcy2024,,https://www.nyc.gov/assets/acs/pdf/data-analysis/2024/CityCouncilReportCY2024.pdf,https://www.nyc.gov/assets/acs/pdf/data-analysis/2024/CityCouncilReportCY2024.pdf,pdf,no public link pickups found in checked sources,0.0,0,0,0,0,"bluesky,hackernews,newsrss,reddit",,0.0,0,0,0,0,"bluesky,hackernews,newsrss,reddit",,0.0,0,0,0,0,"bluesky,hackernews,newsrss,reddit",
30d,0.0,0.0,NYC Administration for Children's Services,report,,Citycouncilreportcy2023,,https://www.nyc.gov/assets/acs/pdf/data-analysis/2023/CityCouncilReportCY2023.pdf,https://www.nyc.gov/assets/acs/pdf/data-analysis/2023/CityCouncilReportCY2023.pdf,pdf,no public link pickups found in checked sources,0.0,0,0,0,0,"bluesky,hackernews,newsrss,reddit",,0.0,0,0,0,0,"bluesky,hackernews,newsrss,reddit",,0.0,0,0,0,0,"bluesky,hackernews,newsrss,reddit",
30d,0.0,0.0,NYC Administration for Children's Services,report,,Citycouncilreportcy2022,,https://www.nyc.gov/assets/acs/pdf/data-analysis/2022/CityCouncilReportCY2022.pdf,https://www.nyc.gov/assets/acs/pdf/data-analysis/2022/CityCouncilReportCY2022.pdf,pdf,no public link pickups found in checked sources,0.0,0,0,0,0,"bluesky,hackernews,newsrss,reddit",,0.0,0,0,0,0,"bluesky,hackernews,newsrss,reddit",,0.0,0,0,0,0,"bluesky,hackernews,newsrss,reddit",
30d,0.0,0.0,NYC Administration for Children's Services,report,,Citycouncilreportcy2021,,https://www.nyc.gov/assets/acs/pdf/data-analysis/2021/CityCouncilReportCY2021.pdf,https://www.nyc.gov/assets/acs/pdf/data-analysis/2021/CityCouncilReportCY2021.pdf,pdf,no public link pickups found in checked sources,0.0,0,0,0,0,"bluesky,hackernews,newsrss,reddit",,0.0,0,0,0,0,"bluesky,hackernews,newsrss,reddit",,0.0,0,0,0,0,"bluesky,hackernews,newsrss,reddit",
30d,0.0,0.0,NYC Administration for Children's Services,report,,Citycouncilreportcy2020,,https://www.nyc.gov/assets/acs/pdf/data-analysis/2020/CityCouncilReportCY2020.pdf,https://www.nyc.gov/assets/acs/pdf/data-analysis/2020/CityCouncilReportCY2020.pdf,pdf,no public link pickups found in checked sources,0.0,0,0,0,0,"bluesky,hackernews,newsrss,reddit",,0.0,0,0,0,0,"bluesky,hackernews,newsrss,reddit",,0.0,0,0,0,0,"bluesky,hackernews,newsrss,reddit",
30d,0.0,0.0,NYC Administration for Children's Services,report,,Cwindicatorsannualcitycouncilreportcy2019,,https://www.nyc.gov/assets/acs/pdf/child_welfare/2020/CWIndicatorsAnnualCityCouncilReportCY2019.pdf,https://www.nyc.gov/assets/acs/pdf/child_welfare/2020/CWIndicatorsAnnualCityCouncilReportCY2019.pdf,pdf,no public link pickups found in checked sources,0.0,0,0,0,0,"bluesky,hackernews,newsrss,reddit",,0.0,0,0,0,0,"bluesky,hackernews,newsrss,reddit",,0.0,0,0,0,0,"bluesky,hackernews,newsrss,reddit",
30d,0.0,0.0,NYC Administration for Children's Services,report,,Citycouncilcwindicatorsreport2018Annual,,https://www.nyc.gov/assets/acs/pdf/child_welfare/2020/CityCouncilCWIndicatorsReport2018Annual.pdf,https://www.nyc.gov/assets/acs/pdf/child_welfare/2020/CityCouncilCWIndicatorsReport2018Annual.pdf,pdf,no public link pickups found in checked sources,0.0,0,0,0,0,"bluesky,hackernews,newsrss,reddit",,0.0,0,0,0,0,"bluesky,hackernews,newsrss,reddit",,0.0,0,0,0,0,"bluesky,hackernews,newsrss,reddit",
30d,0.0,0.0,NYC Administration for Children's Services,report,,Annualreport2017,,https://www.nyc.gov/assets/acs/pdf/data-analysis/2017/AnnualReport2017.pdf,https://www.nyc.gov/assets/acs/pdf/data-analysis/2017/AnnualReport2017.pdf,pdf,no public link pickups found in checked sources,0.0,0,0,0,0,"bluesky,hackernews,newsrss,reddit",,0.0,0,0,0,0,"bluesky,hackernews,newsrss,reddit",,0.0,0,0,0,0,"bluesky,hackernews,newsrss,reddit",
30d,0.0,0.0,NYC Administration for Children's Services,report,,Citycouncilreport2016Annual,,https://www.nyc.gov/assets/acs/pdf/data-analysis/2018/August16/CityCouncilReport2016Annual.pdf,https://www.nyc.gov/assets/acs/pdf/data-analysis/2018/August16/CityCouncilReport2016Annual.pdf,pdf,no public link pickups found in checked sources,0.0,0,0,0,0,"bluesky,hackernews,newsrss,reddit",,0.0,0,0,0,0,"bluesky,hackernews,newsrss,reddit",,0.0,0,0,0,0,"bluesky,hackernews,newsrss,reddit",
30d,0.0,0.0,NYC Administration for Children's Services,report,,Citycouncilreport2015Annual,,https://www.nyc.gov/assets/acs/pdf/data-analysis/2018/August16/CityCouncilReport2015Annual.pdf,https://www.nyc.gov/assets/acs/pdf/data-analysis/2018/August16/CityCouncilReport2015Annual.pdf,pdf,no public link pickups found in checked sources,0.0,0,0,0,0,"bluesky,hackernews,newsrss,reddit",,0.0,0,0,0,0,"bluesky,hackernews,newsrss,reddit",,0.0,0,0,0,0,"bluesky,hackernews,newsrss,reddit",
30d,0.0,0.0,NYC Administration for Children's Services,report,,Citycouncilreport2014Annual,,https://www.nyc.gov/assets/acs/pdf/data-analysis/2018/August16/CityCouncilReport2014Annual.pdf,https://www.nyc.gov/assets/acs/pdf/data-analysis/2018/August16/CityCouncilReport2014Annual.pdf,pdf,no public link pickups found in checked sources,0.0,0,0,0,0,"bluesky,hackernews,newsrss,reddit",,0.0,0,0,0,0,"bluesky,hackernews,newsrss,reddit",,0.0,0,0,0,0,"bluesky,hackernews,newsrss,reddit",
30d,0.0,0.0,NYC Administration for Children's Services,report,,Citycouncilreport2013Annual,,https://www.nyc.gov/assets/acs/pdf/data-analysis/2018/August16/CityCouncilReport2013Annual.pdf,https://www.nyc.gov/assets/acs/pdf/data-analysis/2018/August16/CityCouncilReport2013Annual.pdf,pdf,no public link pickups found in checked sources,0.0,0,0,0,0,"bluesky,hackernews,newsrss,reddit",,0.0,0,0,0,0,"bluesky,hackernews,newsrss,reddit",,0.0,0,0,0,0,"bluesky,hackernews,newsrss,reddit",
30d,0.0,0.0,NYC Administration for Children's Services,report,,Citycouncilreport2012Annual,,https://www.nyc.gov/assets/acs/pdf/data-analysis/2018/August16/CityCouncilReport2012Annual.pdf,https://www.nyc.gov/assets/acs/pdf/data-analysis/2018/August16/CityCouncilReport2012Annual.pdf,pdf,no public link pickups found in checked sources,0.0,0,0,0,0,"bluesky,hackernews,newsrss,reddit",,0.0,0,0,0,0,"bluesky,hackernews,newsrss,reddit",,0.0,0,0,0,0,"bluesky,hackernews,newsrss,reddit",
30d,0.0,0.0,NYC Administration for Children's Services,report,,City Council Report 2011 Annual,,https://www.nyc.gov/assets/acs/pdf/data-analysis/City_Council_Report_2011_Annual.pdf,https://www.nyc.gov/assets/acs/pdf/data-analysis/City_Council_Report_2011_Annual.pdf,pdf,no public link pickups found in checked sources,0.0,0,0,0,0,"bluesky,hackernews,newsrss,reddit",,0.0,0,0,0,0,"bluesky,hackernews,newsrss,reddit",,0.0,0,0,0,0,"bluesky,hackernews,newsrss,reddit",
30d,0.0,0.0,NYC Administration for Children's Services,report,,City Council Report 2010 Annual,,https://www.nyc.gov/assets/acs/pdf/data-analysis/City_Council_Report_2010_Annual.pdf,https://www.nyc.gov/assets/acs/pdf/data-analysis/City_Council_Report_2010_Annual.pdf,pdf,no public link pickups found in checked sources,0.0,0,0,0,0,"bluesky,hackernews,newsrss,reddit",,0.0,0,0,0,0,"bluesky,hackernews,newsrss,reddit",,0.0,0,0,0,0,"bluesky,hackernews,newsrss,reddit",
30d,0.0,0.0,NYC Administration for Children's Services,report,,City Council Report 2009 Annual,,https://www.nyc.gov/assets/acs/pdf/data-analysis/City_Council_Report_2009_Annual.pdf,https://www.nyc.gov/assets/acs/pdf/data-analysis/City_Council_Report_2009_Annual.pdf,pdf,no public link pickups found in checked sources,0.0,0,0,0,0,"bluesky,hackernews,newsrss,reddit",,0.0,0,0,0,0,"bluesky,hackernews,newsrss,reddit",,0.0,0,0,0,0,"bluesky,hackernews,newsrss,reddit",
30d,0.0,0.0,NYC Administration for Children's Services,report,,City Council Report 2008 Annual,,https://www.nyc.gov/assets/acs/pdf/data-analysis/City_Council_Report_2008_Annual.pdf,https://www.nyc.gov/assets/acs/pdf/data-analysis/City_Council_Report_2008_Annual.pdf,pdf,no public link pickups found in checked sources,0.0,0,0,0,0,"bluesky,hackernews,newsrss,reddit",,0.0,0,0,0,0,"bluesky,hackernews,newsrss,reddit",,0.0,0,0,0,0,"bluesky,hackernews,newsrss,reddit",
30d,0.0,0.0,NYC Administration for Children's Services,report,,City Council Report 2007 Annual,,https://www.nyc.gov/assets/acs/pdf/data-analysis/City_Council_Report_2007_Annual.pdf,https://www.nyc.gov/assets/acs/pdf/data-analysis/City_Council_Report_2007_Annual.pdf,pdf,no public link pickups found in checked sources,0.0,0,0,0,0,"bluesky,hackernews,newsrss,reddit",,0.0,0,0,0,0,"bluesky,hackernews,newsrss,reddit",,0.0,0,0,0,0,"bluesky,hackernews,newsrss,reddit",
30d,0.0,0.0,NYC Administration for Children's Services,report,,Childwelfareindicatorsq4,,https://www.nyc.gov/assets/acs/pdf/data-analysis/2025/ChildWelfareIndicatorsQ4.pdf,https://www.nyc.gov/assets/acs/pdf/data-analysis/2025/ChildWelfareIndicatorsQ4.pdf,pdf,no public link pickups found in checked sources,0.0,0,0,0,0,"bluesky,hackernews,newsrss,reddit",,0.0,0,0,0,0,"bluesky,hackernews,newsrss,reddit",,0.0,0,0,0,0,"bluesky,hackernews,newsrss,reddit",
30d,0.0,0.0,NYC Administration for Children's Services,report,,Childwelfareindicatorsq3,,https://www.nyc.gov/assets/acs/pdf/data-analysis/2025/ChildWelfareIndicatorsQ3.pdf,https://www.nyc.gov/assets/acs/pdf/data-analysis/2025/ChildWelfareIndicatorsQ3.pdf,pdf,no public link pickups found in checked sources,0.0,0,0,0,0,"bluesky,hackernews,newsrss,reddit",,0.0,0,0,0,0,"bluesky,hackernews,newsrss,reddit",,0.0,0,0,0,0,"bluesky,hackernews,newsrss,reddit",
30d,0.0,0.0,NYC Administration for Children's Services,report,,Childwelfareindicatorsq2,,https://www.nyc.gov/assets/acs/pdf/data-analysis/2025/ChildWelfareIndicatorsQ2.pdf,https://www.nyc.gov/assets/acs/pdf/data-analysis/2025/ChildWelfareIndicatorsQ2.pdf,pdf,no public link pickups found in checked sources,0.0,0,0,0,0,"bluesky,hackernews,newsrss,reddit",,0.0,0,0,0,0,"bluesky,hackernews,newsrss,reddit",,0.0,0,0,0,0,"bluesky,hackernews,newsrss,reddit",
30d,0.0,0.0,NYC Administration for Children's Services,report,,Childwelfareindicatorsq1,,https://www.nyc.gov/assets/acs/pdf/data-analysis/2025/ChildWelfareIndicatorsQ1.pdf,https://www.nyc.gov/assets/acs/pdf/data-analysis/2025/ChildWelfareIndicatorsQ1.pdf,pdf,no public link pickups found in checked sources,0.0,0,0,0,0,"bluesky,hackernews,newsrss,reddit",,0.0,0,0,0,0,"bluesky,hackernews,newsrss,reddit",,0.0,0,0,0,0,"bluesky,hackernews,newsrss,reddit",
30d,0.0,0.0,NYC Administration for Children's Services,report,,Childwelfareindicatorsq4,,https://www.nyc.gov/assets/acs/pdf/data-analysis/2024/ChildWelfareIndicatorsQ4.pdf,https://www.nyc.gov/assets/acs/pdf/data-analysis/2024/ChildWelfareIndicatorsQ4.pdf,pdf,no public link pickups found in checked sources,0.0,0,0,0,0,"bluesky,hackernews,newsrss,reddit",,0.0,0,0,0,0,"bluesky,hackernews,newsrss,reddit",,0.0,0,0,0,0,"bluesky,hackernews,newsrss,reddit",
30d,0.0,0.0,NYC Administration for Children's Services,report,,Childwelfareindicatorsq3,,https://www.nyc.gov/assets/acs/pdf/data-analysis/2024/ChildWelfareIndicatorsQ3.pdf,https://www.nyc.gov/assets/acs/pdf/data-analysis/2024/ChildWelfareIndicatorsQ3.pdf,pdf,no public link pickups found in checked sources,0.0,0,0,0,0,"bluesky,hackernews,newsrss,reddit",,0.0,0,0,0,0,"bluesky,hackernews,newsrss,reddit",,0.0,0,0,0,0,"bluesky,hackernews,newsrss,reddit",
30d,0.0,0.0,NYC Administration for Children's Services,report,,Childwelfareindicatorsq2,,https://www.nyc.gov/assets/acs/pdf/data-analysis/2024/ChildWelfareIndicatorsQ2.pdf,https://www.nyc.gov/assets/acs/pdf/data-analysis/2024/ChildWelfareIndicatorsQ2.pdf,pdf,no public link pickups found in checked sources,0.0,0,0,0,0,"bluesky,hackernews,newsrss,reddit",,0.0,0,0,0,0,"bluesky,hackernews,newsrss,reddit",,0.0,0,0,0,0,"bluesky,hackernews,newsrss,reddit",
30d,0.0,0.0,NYC Administration for Children's Services,report,,Childwelfareindicatorsq1,,https://www.nyc.gov/assets/acs/pdf/data-analysis/2024/ChildWelfareIndicatorsQ1.pdf,https://www.nyc.gov/assets/acs/pdf/data-analysis/2024/ChildWelfareIndicatorsQ1.pdf,pdf,no public link pickups found in checked sources,0.0,0,0,0,0,"bluesky,hackernews,newsrss,reddit",,0.0,0,0,0,0,"bluesky,hackernews,newsrss,reddit",,0.0,0,0,0,0,"bluesky,hackernews,newsrss,reddit",
30d,0.0,0.0,NYC Administration for Children's Services,report,,Childwelfareindicatorsq4,,https://www.nyc.gov/assets/acs/pdf/data-analysis/2023/ChildWelfareIndicatorsQ4.pdf,https://www.nyc.gov/assets/acs/pdf/data-analysis/2023/ChildWelfareIndicatorsQ4.pdf,pdf,no public link pickups found in checked sources,0.0,0,0,0,0,"bluesky,hackernews,newsrss,reddit",,0.0,0,0,0,0,"bluesky,hackernews,newsrss,reddit",,0.0,0,0,0,0,"bluesky,hackernews,newsrss,reddit",
30d,0.0,0.0,NYC Administration for Children's Services,report,,Childwelfareindicatorsq3,,https://www.nyc.gov/assets/acs/pdf/data-analysis/2023/ChildWelfareIndicatorsQ3.pdf,https://www.nyc.gov/assets/acs/pdf/data-analysis/2023/ChildWelfareIndicatorsQ3.pdf,pdf,no public link pickups found in checked sources,0.0,0,0,0,0,"bluesky,hackernews,newsrss,reddit",,0.0,0,0,0,0,"bluesky,hackernews,newsrss,reddit",,0.0,0,0,0,0,"bluesky,hackernews,newsrss,reddit",
30d,0.0,0.0,NYC Administration for Children's Services,report,,Childwelfareindicatorsq2,,https://www.nyc.gov/assets/acs/pdf/data-analysis/2023/ChildWelfareIndicatorsQ2.pdf,https://www.nyc.gov/assets/acs/pdf/data-analysis/2023/ChildWelfareIndicatorsQ2.pdf,pdf,no public link pickups found in checked sources,0.0,0,0,0,0,"bluesky,hackernews,newsrss,reddit",,0.0,0,0,0,0,"bluesky,hackernews,newsrss,reddit",,0.0,0,0,0,0,"bluesky,hackernews,newsrss,reddit",
30d,0.0,0.0,NYC Administration for Children's Services,report,,Childwelfareindicatorsq1,,https://www.nyc.gov/assets/acs/pdf/data-analysis/2023/ChildWelfareIndicatorsQ1.pdf,https://www.nyc.gov/assets/acs/pdf/data-analysis/2023/ChildWelfareIndicatorsQ1.pdf,pdf,no public link pickups found in checked sources,0.0,0,0,0,0,"bluesky,hackernews,newsrss,reddit",,0.0,0,0,0,0,"bluesky,hackernews,newsrss,reddit",,0.0,0,0,0,0,"bluesky,hackernews,newsrss,reddit",
30d,0.0,0.0,NYC Administration for Children's Services,report,,Childwelfareindicatorsq4,,https://www.nyc.gov/assets/acs/pdf/data-analysis/2022/ChildWelfareIndicatorsQ4.pdf,https://www.nyc.gov/assets/acs/pdf/data-analysis/2022/ChildWelfareIndicatorsQ4.pdf,pdf,no public link pickups found in checked sources,0.0,0,0,0,0,"bluesky,hackernews,newsrss,reddit",,0.0,0,0,0,0,"bluesky,hackernews,newsrss,reddit",,0.0,0,0,0,0,"bluesky,hackernews,newsrss,reddit",
30d,0.0,0.0,NYC Administration for Children's Services,report,,Childwelfareindicatorsq3,,https://www.nyc.gov/assets/acs/pdf/data-analysis/2022/ChildWelfareIndicatorsQ3.pdf,https://www.nyc.gov/assets/acs/pdf/data-analysis/2022/ChildWelfareIndicatorsQ3.pdf,pdf,no public link pickups found in checked sources,0.0,0,0,0,0,"bluesky,hackernews,newsrss,reddit",,0.0,0,0,0,0,"bluesky,hackernews,newsrss,reddit",,0.0,0,0,0,0,"bluesky,hackernews,newsrss,reddit",
30d,0.0,0.0,NYC Administration for Children's Services,report,,Childwelfareindicatorsq2,,https://www.nyc.gov/assets/acs/pdf/data-analysis/2022/ChildWelfareIndicatorsQ2.pdf,https://www.nyc.gov/assets/acs/pdf/data-analysis/2022/ChildWelfareIndicatorsQ2.pdf,pdf,no public link pickups found in checked sources,0.0,0,0,0,0,"bluesky,hackernews,newsrss,reddit",,0.0,0,0,0,0,"bluesky,hackernews,newsrss,reddit",,0.0,0,0,0,0,"bluesky,hackernews,newsrss,reddit",
30d,0.0,0.0,NYC Administration for Children's Services,report,,Childwelfareindicatorsq1,,https://www.nyc.gov/assets/acs/pdf/data-analysis/2022/ChildWelfareIndicatorsQ1.pdf,https://www.nyc.gov/assets/acs/pdf/data-analysis/2022/ChildWelfareIndicatorsQ1.pdf,pdf,no public link pickups found in checked sources,0.0,0,0,0,0,"bluesky,hackernews,newsrss,reddit",,0.0,0,0,0,0,"bluesky,hackernews,newsrss,reddit",,0.0,0,0,0,0,"bluesky,hackernews,newsrss,reddit",
30d,0.0,0.0,NYC Administration for Children's Services,report,,Childwelfareindicatorsq4,,https://www.nyc.gov/assets/acs/pdf/data-analysis/2021/ChildWelfareIndicatorsQ4.pdf,https://www.nyc.gov/assets/acs/pdf/data-analysis/2021/ChildWelfareIndicatorsQ4.pdf,pdf,no public link pickups found in checked sources,0.0,0,0,0,0,"bluesky,hackernews,newsrss,reddit",,0.0,0,0,0,0,"bluesky,hackernews,newsrss,reddit",,0.0,0,0,0,0,"bluesky,hackernews,newsrss,reddit",
30d,0.0,0.0,NYC Administration for Children's Services,report,,Childwelfareindicatorsq3,,https://www.nyc.gov/assets/acs/pdf/data-analysis/2021/ChildWelfareIndicatorsQ3.pdf,https://www.nyc.gov/assets/acs/pdf/data-analysis/2021/ChildWelfareIndicatorsQ3.pdf,pdf,no public link pickups found in checked sources,0.0,0,0,0,0,"bluesky,hackernews,newsrss,reddit",,0.0,0,0,0,0,"bluesky,hackernews,newsrss,reddit",,0.0,0,0,0,0,"bluesky,hackernews,newsrss,reddit",
30d,0.0,0.0,NYC Administration for Children's Services,report,,Childwelfareindicatorsq2,,https://www.nyc.gov/assets/acs/pdf/data-analysis/2021/ChildWelfareIndicatorsQ2.pdf,https://www.nyc.gov/assets/acs/pdf/data-analysis/2021/ChildWelfareIndicatorsQ2.pdf,pdf,no public link pickups found in checked sources,0.0,0,0,0,0,"bluesky,hackernews,newsrss,reddit",,0.0,0,0,0,0,"bluesky,hackernews,newsrss,reddit",,0.0,0,0,0,0,"bluesky,hackernews,newsrss,reddit",
30d,0.0,0.0,NYC Administration for Children's Services,report,,Childwelfareindicatorsq1,,https://www.nyc.gov/assets/acs/pdf/data-analysis/2021/ChildWelfareIndicatorsQ1.pdf,https://www.nyc.gov/assets/acs/pdf/data-analysis/2021/ChildWelfareIndicatorsQ1.pdf,pdf,no public link pickups found in checked sources,0.0,0,0,0,0,"bluesky,hackernews,newsrss,reddit",,0.0,0,0,0,0,"bluesky,hackernews,newsrss,reddit",,0.0,0,0,0,0,"bluesky,hackernews,newsrss,reddit",
30d,0.0,0.0,NYC Administration for Children's Services,report,,Childwelfareindicatorsq4,,https://www.nyc.gov/assets/acs/pdf/data-analysis/2020/ChildWelfareIndicatorsQ4.pdf,https://www.nyc.gov/assets/acs/pdf/data-analysis/2020/ChildWelfareIndicatorsQ4.pdf,pdf,no public link pickups found in checked sources,0.0,0,0,0,0,"bluesky,hackernews,newsrss,reddit",,0.0,0,0,0,0,"bluesky,hackernews,newsrss,reddit",,0.0,0,0,0,0,"bluesky,hackernews,newsrss,reddit",
30d,0.0,0.0,NYC Administration for Children's Services,report,,Childwelfareindicatorsq3,,https://www.nyc.gov/assets/acs/pdf/data-analysis/2020/ChildWelfareIndicatorsQ3.pdf,https://www.nyc.gov/assets/acs/pdf/data-analysis/2020/ChildWelfareIndicatorsQ3.pdf,pdf,no public link pickups found in checked sources,0.0,0,0,0,0,"bluesky,hackernews,newsrss,reddit",,0.0,0,0,0,0,"bluesky,hackernews,newsrss,reddit",,0.0,0,0,0,0,"bluesky,hackernews,newsrss,reddit",
30d,0.0,0.0,NYC Administration for Children's Services,report,,Childwelfareindicatorsreportq2,,https://www.nyc.gov/assets/acs/pdf/data-analysis/2020/ChildWelfareIndicatorsReportQ2.pdf,https://www.nyc.gov/assets/acs/pdf/data-analysis/2020/ChildWelfareIndicatorsReportQ2.pdf,pdf,no public link pickups found in checked sources,0.0,0,0,0,0,"bluesky,hackernews,newsrss,reddit",,0.0,0,0,0,0,"bluesky,hackernews,newsrss,reddit",,0.0,0,0,0,0,"bluesky,hackernews,newsrss,reddit",
30d,0.0,0.0,NYC Administration for Children's Services,report,,Ll20Cwindicatorsq12020,,https://www.nyc.gov/assets/acs/pdf/data-analysis/2020/ll20cwindicatorsq12020.pdf,https://www.nyc.gov/assets/acs/pdf/data-analysis/2020/ll20cwindicatorsq12020.pdf,pdf,no public link pickups found in checked sources,0.0,0,0,0,0,"bluesky,hackernews,newsrss,reddit",,0.0,0,0,0,0,"bluesky,hackernews,newsrss,reddit",,0.0,0,0,0,0,"bluesky,hackernews,newsrss,reddit",
30d,0.0,0.0,NYC Administration for Children's Services,report,,Childwelfareindicatorscitycouncilreportq42019,,https://www.nyc.gov/assets/acs/pdf/data-analysis/2020/ChildWelfareIndicatorsCityCouncilReportQ42019.pdf,https://www.nyc.gov/assets/acs/pdf/data-analysis/2020/ChildWelfareIndicatorsCityCouncilReportQ42019.pdf,pdf,no public link pickups found in checked sources,0.0,0,0,0,0,"bluesky,hackernews,newsrss,reddit",,0.0,0,0,0,0,"bluesky,hackernews,newsrss,reddit",,0.0,0,0,0,0,"bluesky,hackernews,newsrss,reddit",
30d,0.0,0.0,NYC Administration for Children's Services,report,,Childwelfarereportq32019,,https://www.nyc.gov/assets/acs/pdf/data-analysis/2020/childwelfarereportq32019.pdf,https://www.nyc.gov/assets/acs/pdf/data-analysis/2020/childwelfarereportq32019.pdf,pdf,no public link pickups found in checked sources,0.0,0,0,0,0,"bluesky,hackernews,newsrss,reddit",,0.0,0,0,0,0,"bluesky,hackernews,newsrss,reddit",,0.0,0,0,0,0,"bluesky,hackernews,newsrss,reddit",
30d,0.0,0.0,NYC Administration for Children's Services,report,,Cwindicatorscitycouncilreportq22019,,https://www.nyc.gov/assets/acs/pdf/data-analysis/2020/CWIndicatorsCityCouncilReportQ22019.pdf,https://www.nyc.gov/assets/acs/pdf/data-analysis/2020/CWIndicatorsCityCouncilReportQ22019.pdf,pdf,no public link pickups found in checked sources,0.0,0,0,0,0,"bluesky,hackernews,newsrss,reddit",,0.0,0,0,0,0,"bluesky,hackernews,newsrss,reddit",,0.0,0,0,0,0,"bluesky,hackernews,newsrss,reddit",
30d,0.0,0.0,NYC Administration for Children's Services,report,,Cwindicatorscitycouncilreportq12019,,https://www.nyc.gov/assets/acs/pdf/data-analysis/2020/CWIndicatorsCityCouncilReportQ12019.pdf,https://www.nyc.gov/assets/acs/pdf/data-analysis/2020/CWIndicatorsCityCouncilReportQ12019.pdf,pdf,no public link pickups found in checked sources,0.0,0,0,0,0,"bluesky,hackernews,newsrss,reddit",,0.0,0,0,0,0,"bluesky,hackernews,newsrss,reddit",,0.0,0,0,0,0,"bluesky,hackernews,newsrss,reddit",
30d,0.0,0.0,NYC Administration for Children's Services,report,,Citycouncilreportq42018,,https://www.nyc.gov/assets/acs/pdf/data-analysis/2020/CityCouncilReportQ42018.pdf,https://www.nyc.gov/assets/acs/pdf/data-analysis/2020/CityCouncilReportQ42018.pdf,pdf,no public link pickups found in checked sources,0.0,0,0,0,0,"bluesky,hackernews,newsrss,reddit",,0.0,0,0,0,0,"bluesky,hackernews,newsrss,reddit",,0.0,0,0,0,0,"bluesky,hackernews,newsrss,reddit",
30d,0.0,0.0,NYC Administration for Children's Services,report,,Citycouncilreportq318,,https://www.nyc.gov/assets/acs/pdf/data-analysis/2019/Jun16/CityCouncilReportQ318.pdf,https://www.nyc.gov/assets/acs/pdf/data-analysis/2019/Jun16/CityCouncilReportQ318.pdf,pdf,no public link pickups found in checked sources,0.0,0,0,0,0,"bluesky,hackernews,newsrss,reddit",,0.0,0,0,0,0,"bluesky,hackernews,newsrss,reddit",,0.0,0,0,0,0,"bluesky,hackernews,newsrss,reddit",
30d,0.0,0.0,NYC Administration for Children's Services,report,,Citycouncilreportq218,,https://www.nyc.gov/assets/acs/pdf/data-analysis/2019/Jun16/CityCouncilReportQ218.pdf,https://www.nyc.gov/assets/acs/pdf/data-analysis/2019/Jun16/CityCouncilReportQ218.pdf,pdf,no public link pickups found in checked sources,0.0,0,0,0,0,"bluesky,hackernews,newsrss,reddit",,0.0,0,0,0,0,"bluesky,hackernews,newsrss,reddit",,0.0,0,0,0,0,"bluesky,hackernews,newsrss,reddit",
30d,0.0,0.0,NYC Administration for Children's Services,report,,Citycouncilreportq118,,https://www.nyc.gov/assets/acs/pdf/data-analysis/2019/Jun16/CityCouncilReportQ118.pdf,https://www.nyc.gov/assets/acs/pdf/data-analysis/2019/Jun16/CityCouncilReportQ118.pdf,pdf,no public link pickups found in checked sources,0.0,0,0,0,0,"bluesky,hackernews,newsrss,reddit",,0.0,0,0,0,0,"bluesky,hackernews,newsrss,reddit",,0.0,0,0,0,0,"bluesky,hackernews,newsrss,reddit",
30d,0.0,0.0,NYC Department of Homeless Services,report,,DHS Data Dashboard Charts FYTD25 Q4,,https://www.nyc.gov/assets/dhs/downloads/pdf/dashboard/FY25-Q4-DHS-Data-Dashboard-Charts.pdf,https://www.nyc.gov/assets/dhs/downloads/pdf/dashboard/FY25-Q4-DHS-Data-Dashboard-Charts.pdf,pdf,no public link pickups found in checked sources,0.0,0,0,0,0,"bluesky,hackernews,newsrss,reddit",,0.0,0,0,0,0,"bluesky,hackernews,newsrss,reddit",,0.0,0,0,0,0,"bluesky,hackernews,newsrss,reddit",
30d,0.0,0.0,NYC Department of Homeless Services,report,,DHS Data Dashboard Charts FYTD25 Q3,,https://www.nyc.gov/assets/dhs/downloads/pdf/dashboard/FY25-Q3-DHS-Data-Dashboard-Charts.pdf,https://www.nyc.gov/assets/dhs/downloads/pdf/dashboard/FY25-Q3-DHS-Data-Dashboard-Charts.pdf,pdf,no public link pickups found in checked sources,0.0,0,0,0,0,"bluesky,hackernews,newsrss,reddit",,0.0,0,0,0,0,"bluesky,hackernews,newsrss,reddit",,0.0,0,0,0,0,"bluesky,hackernews,newsrss,reddit",
30d,0.0,0.0,NYC Department of Homeless Services,report,,DHS Data Dashboard Charts FYTD25 Q2,,https://www.nyc.gov/assets/dhs/downloads/pdf/dashboard/FY25-DHS-Data-Dashboard-Charts.pdf,https://www.nyc.gov/assets/dhs/downloads/pdf/dashboard/FY25-DHS-Data-Dashboard-Charts.pdf,pdf,no public link pickups found in checked sources,0.0,0,0,0,0,"bluesky,hackernews,newsrss,reddit",,0.0,0,0,0,0,"bluesky,hackernews,newsrss,reddit",,0.0,0,0,0,0,"bluesky,hackernews,newsrss,reddit",
30d,0.0,0.0,NYC Department of Homeless Services,report,,DHS Data Dashboard Charts FY 2024,,https://www.nyc.gov/assets/dhs/downloads/pdf/dashboard/FY24-DHS-Data-Dashboard-Charts.pdf,https://www.nyc.gov/assets/dhs/downloads/pdf/dashboard/FY24-DHS-Data-Dashboard-Charts.pdf,pdf,no public link pickups found in checked sources,0.0,0,0,0,0,"bluesky,hackernews,newsrss,reddit",,0.0,0,0,0,0,"bluesky,hackernews,newsrss,reddit",,0.0,0,0,0,0,"bluesky,hackernews,newsrss,reddit",
30d,0.0,0.0,NYC Department of Homeless Services,report,,DHS Data Dashboard Charts FY 2023,,https://www.nyc.gov/assets/dhs/downloads/pdf/dashboard/FY23-DHS-Data-Dashboard-Charts.pdf,https://www.nyc.gov/assets/dhs/downloads/pdf/dashboard/FY23-DHS-Data-Dashboard-Charts.pdf,pdf,no public link pickups found in checked sources,0.0,0,0,0,0,"bluesky,hackernews,newsrss,reddit",,0.0,0,0,0,0,"bluesky,hackernews,newsrss,reddit",,0.0,0,0,0,0,"bluesky,hackernews,newsrss,reddit",
30d,0.0,0.0,NYC Department of Homeless Services,report,,DHS Data Dashboard Charts FY 2022,,https://www.nyc.gov/assets/dhs/downloads/pdf/dashboard/FY22-DHS-Data-Dashboard-Charts.pdf,https://www.nyc.gov/assets/dhs/downloads/pdf/dashboard/FY22-DHS-Data-Dashboard-Charts.pdf,pdf,no public link pickups found in checked sources,0.0,0,0,0,0,"bluesky,hackernews,newsrss,reddit",,0.0,0,0,0,0,"bluesky,hackernews,newsrss,reddit",,0.0,0,0,0,0,"bluesky,hackernews,newsrss,reddit",
30d,0.0,0.0,NYC Department of Homeless Services,report,,DHS Data Dashboard Charts FY 2021,,https://www.nyc.gov/assets/dhs/downloads/pdf/dashboard/FY21-DHS-Data-Dashboard-Charts.pdf,https://www.nyc.gov/assets/dhs/downloads/pdf/dashboard/FY21-DHS-Data-Dashboard-Charts.pdf,pdf,no public link pickups found in checked sources,0.0,0,0,0,0,"bluesky,hackernews,newsrss,reddit",,0.0,0,0,0,0,"bluesky,hackernews,newsrss,reddit",,0.0,0,0,0,0,"bluesky,hackernews,newsrss,reddit",
30d,0.0,0.0,NYC Department of Homeless Services,report,,DHS Data Dashboard Charts FY 2020,,https://www.nyc.gov/assets/dhs/downloads/pdf/dashboard/FY20-DHS-Data-Dashboard-Charts.pdf,https://www.nyc.gov/assets/dhs/downloads/pdf/dashboard/FY20-DHS-Data-Dashboard-Charts.pdf,pdf,no public link pickups found in checked sources,0.0,0,0,0,0,"bluesky,hackernews,newsrss,reddit",,0.0,0,0,0,0,"bluesky,hackernews,newsrss,reddit",,0.0,0,0,0,0,"bluesky,hackernews,newsrss,reddit",
30d,0.0,0.0,NYC Department of Homeless Services,report,,DHS Data Dashboard Charts FY 2019,,https://www.nyc.gov/assets/dhs/downloads/pdf/dashboard/FY19-DHS-Data-Dashboard-Charts.pdf,https://www.nyc.gov/assets/dhs/downloads/pdf/dashboard/FY19-DHS-Data-Dashboard-Charts.pdf,pdf,no public link pickups found in checked sources,0.0,0,0,0,0,"bluesky,hackernews,newsrss,reddit",,0.0,0,0,0,0,"bluesky,hackernews,newsrss,reddit",,0.0,0,0,0,0,"bluesky,hackernews,newsrss,reddit",
30d,0.0,0.0,NYC Department of Homeless Services,report,,DHS Data Dashboard Charts FY 2018,,https://www.nyc.gov/assets/dhs/downloads/pdf/dashboard/FY2018-DHS-Data-Dashboard-revised-1'30'2019.pdf,https://www.nyc.gov/assets/dhs/downloads/pdf/dashboard/FY2018-DHS-Data-Dashboard-revised-1'30'2019.pdf,pdf,no public link pickups found in checked sources,0.0,0,0,0,0,"bluesky,hackernews,newsrss,reddit",,0.0,0,0,0,0,"bluesky,hackernews,newsrss,reddit",,0.0,0,0,0,0,"bluesky,hackernews,newsrss,reddit",
30d,0.0,0.0,NYC Department of Homeless Services,report,,DHS Data Dashboard Charts FY 2017,,https://www.nyc.gov/assets/dhs/downloads/pdf/dashboard/FY2017-DHS-Data-Dashboard-revised-1'30'2019.pdf,https://www.nyc.gov/assets/dhs/downloads/pdf/dashboard/FY2017-DHS-Data-Dashboard-revised-1'30'2019.pdf,pdf,no public link pickups found in checked sources,0.0,0,0,0,0,"bluesky,hackernews,newsrss,reddit",,0.0,0,0,0,0,"bluesky,hackernews,newsrss,reddit",,0.0,0,0,0,0,"bluesky,hackernews,newsrss,reddit",
30d,0.0,0.0,NYC Department of Homeless Services,report,,DHS Data Dashboard Charts FY 2016,,https://www.nyc.gov/assets/dhs/downloads/pdf/dashboard/FY2016-DHS-Data-Dashboard-revised-1'30'2019.pdf,https://www.nyc.gov/assets/dhs/downloads/pdf/dashboard/FY2016-DHS-Data-Dashboard-revised-1'30'2019.pdf,pdf,no public link pickups found in checked sources,0.0,0,0,0,0,"bluesky,hackernews,newsrss,reddit",,0.0,0,0,0,0,"bluesky,hackernews,newsrss,reddit",,0.0,0,0,0,0,"bluesky,hackernews,newsrss,reddit",
30d,0.0,0.0,NYC Department of Homeless Services,report,,DHS Data Dashboard Charts FY 2015,,https://www.nyc.gov/assets/dhs/downloads/pdf/dashboard/dhs_data_dashboard_charts_FY-2015.pdf,https://www.nyc.gov/assets/dhs/downloads/pdf/dashboard/dhs_data_dashboard_charts_FY-2015.pdf,pdf,no public link pickups found in checked sources,0.0,0,0,0,0,"bluesky,hackernews,newsrss,reddit",,0.0,0,0,0,0,"bluesky,hackernews,newsrss,reddit",,0.0,0,0,0,0,"bluesky,hackernews,newsrss,reddit",
30d,0.0,0.0,NYC Department of Homeless Services,report,,DHS Data Dashboard Charts FY 2014,,https://www.nyc.gov/assets/dhs/downloads/pdf/dashboard/dhs_data_dashboard_charts_fy_2014.pdf,https://www.nyc.gov/assets/dhs/downloads/pdf/dashboard/dhs_data_dashboard_charts_fy_2014.pdf,pdf,no public link pickups found in checked sources,0.0,0,0,0,0,"bluesky,hackernews,newsrss,reddit",,0.0,0,0,0,0,"bluesky,hackernews,newsrss,reddit",,0.0,0,0,0,0,"bluesky,hackernews,newsrss,reddit",
30d,0.0,0.0,NYC Department of Homeless Services,report,,DHS Data Dashboard Charts FY 2013,,https://www.nyc.gov/assets/dhs/downloads/pdf/dashboard/dhs_data_dashboard_charts_fy_2013.pdf,https://www.nyc.gov/assets/dhs/downloads/pdf/dashboard/dhs_data_dashboard_charts_fy_2013.pdf,pdf,no public link pickups found in checked sources,0.0,0,0,0,0,"bluesky,hackernews,newsrss,reddit",,0.0,0,0,0,0,"bluesky,hackernews,newsrss,reddit",,0.0,0,0,0,0,"bluesky,hackernews,newsrss,reddit",
30d,0.0,0.0,NYC Department of Homeless Services,report,,DHS Data Dashboard Charts FY 2012,,https://www.nyc.gov/assets/dhs/downloads/pdf/dashboard/dhs_data_dashboard_charts_fy_2012.pdf,https://www.nyc.gov/assets/dhs/downloads/pdf/dashboard/dhs_data_dashboard_charts_fy_2012.pdf,pdf,no public link pickups found in checked sources,0.0,0,0,0,0,"bluesky,hackernews,newsrss,reddit",,0.0,0,0,0,0,"bluesky,hackernews,newsrss,reddit",,0.0,0,0,0,0,"bluesky,hackernews,newsrss,reddit",
30d,0.0,0.0,NYC Department of Homeless Services,report,,DHS Data Dashboard Tables FYTD25 Q4,,https://www.nyc.gov/assets/dhs/downloads/pdf/dashboard/tables/FY25-Q4-DHS-Data-Dashboard-Data.pdf,https://www.nyc.gov/assets/dhs/downloads/pdf/dashboard/tables/FY25-Q4-DHS-Data-Dashboard-Data.pdf,pdf,no public link pickups found in checked sources,0.0,0,0,0,0,"bluesky,hackernews,newsrss,reddit",,0.0,0,0,0,0,"bluesky,hackernews,newsrss,reddit",,0.0,0,0,0,0,"bluesky,hackernews,newsrss,reddit",
30d,0.0,0.0,NYC Department of Homeless Services,report,,DHS Data Dashboard Tables FYTD25 Q3,,https://www.nyc.gov/assets/dhs/downloads/pdf/dashboard/tables/FY25-Q3-DHS-Data-Dashboard-Data.pdf,https://www.nyc.gov/assets/dhs/downloads/pdf/dashboard/tables/FY25-Q3-DHS-Data-Dashboard-Data.pdf,pdf,no public link pickups found in checked sources,0.0,0,0,0,0,"bluesky,hackernews,newsrss,reddit",,0.0,0,0,0,0,"bluesky,hackernews,newsrss,reddit",,0.0,0,0,0,0,"bluesky,hackernews,newsrss,reddit",
30d,0.0,0.0,NYC Department of Homeless Services,report,,DHS Data Dashboard Tables FYTD25 Q2,,https://www.nyc.gov/assets/dhs/downloads/pdf/dashboard/tables/FY25-DHS-Data-Dashboard-Data.pdf,https://www.nyc.gov/assets/dhs/downloads/pdf/dashboard/tables/FY25-DHS-Data-Dashboard-Data.pdf,pdf,no public link pickups found in checked sources,0.0,0,0,0,0,"bluesky,hackernews,newsrss,reddit",,0.0,0,0,0,0,"bluesky,hackernews,newsrss,reddit",,0.0,0,0,0,0,"bluesky,hackernews,newsrss,reddit",
30d,0.0,0.0,NYC Department of Homeless Services,report,,DHS Data Dashboard Tables FY 2024,,https://www.nyc.gov/assets/dhs/downloads/pdf/dashboard/tables/FY24-DHS-Data-Dashboard-Data.pdf,https://www.nyc.gov/assets/dhs/downloads/pdf/dashboard/tables/FY24-DHS-Data-Dashboard-Data.pdf,pdf,no public link pickups found in checked sources,0.0,0,0,0,0,"bluesky,hackernews,newsrss,reddit",,0.0,0,0,0,0,"bluesky,hackernews,newsrss,reddit",,0.0,0,0,0,0,"bluesky,hackernews,newsrss,reddit",
30d,0.0,0.0,NYC Department of Homeless Services,report,,DHS Data Dashboard Tables FY 2023,,https://www.nyc.gov/assets/dhs/downloads/pdf/dashboard/tables/FY23-DHS-Data-Dashboard-Data.pdf,https://www.nyc.gov/assets/dhs/downloads/pdf/dashboard/tables/FY23-DHS-Data-Dashboard-Data.pdf,pdf,no public link pickups found in checked sources,0.0,0,0,0,0,"bluesky,hackernews,newsrss,reddit",,0.0,0,0,0,0,"bluesky,hackernews,newsrss,reddit",,0.0,0,0,0,0,"bluesky,hackernews,newsrss,reddit",
30d,0.0,0.0,NYC Department of Homeless Services,report,,DHS Data Dashboard Tables FY 2021,,https://www.nyc.gov/assets/dhs/downloads/pdf/dashboard/tables/FY21-DHS-Data-Dashboard-Data.pdf,https://www.nyc.gov/assets/dhs/downloads/pdf/dashboard/tables/FY21-DHS-Data-Dashboard-Data.pdf,pdf,no public link pickups found in checked sources,0.0,0,0,0,0,"bluesky,hackernews,newsrss,reddit",,0.0,0,0,0,0,"bluesky,hackernews,newsrss,reddit",,0.0,0,0,0,0,"bluesky,hackernews,newsrss,reddit",
30d,0.0,0.0,NYC Department of Homeless Services,report,,DHS Data Dashboard Tables FY 2020,,https://www.nyc.gov/assets/dhs/downloads/pdf/dashboard/tables/FY20-DHS-Data-Dashboard-Data.pdf,https://www.nyc.gov/assets/dhs/downloads/pdf/dashboard/tables/FY20-DHS-Data-Dashboard-Data.pdf,pdf,no public link pickups found in checked sources,0.0,0,0,0,0,"bluesky,hackernews,newsrss,reddit",,0.0,0,0,0,0,"bluesky,hackernews,newsrss,reddit",,0.0,0,0,0,0,"bluesky,hackernews,newsrss,reddit",
30d,0.0,0.0,NYC Department of Homeless Services,report,,DHS Data Dashboard Tables FY 2019,,https://www.nyc.gov/assets/dhs/downloads/pdf/dashboard/tables/FY19-DHS-Data-Dashboard-Data.pdf,https://www.nyc.gov/assets/dhs/downloads/pdf/dashboard/tables/FY19-DHS-Data-Dashboard-Data.pdf,pdf,no public link pickups found in checked sources,0.0,0,0,0,0,"bluesky,hackernews,newsrss,reddit",,0.0,0,0,0,0,"bluesky,hackernews,newsrss,reddit",,0.0,0,0,0,0,"bluesky,hackernews,newsrss,reddit",
30d,0.0,0.0,NYC Department of Homeless Services,report,,DHS Data Dashboard Tables FY 2018,,https://www.nyc.gov/assets/dhs/downloads/pdf/dashboard/tables/FY2018-DHS-Data-Tables-Dashboard-revised-1'30'2019.pdf,https://www.nyc.gov/assets/dhs/downloads/pdf/dashboard/tables/FY2018-DHS-Data-Tables-Dashboard-revised-1'30'2019.pdf,pdf,no public link pickups found in checked sources,0.0,0,0,0,0,"bluesky,hackernews,newsrss,reddit",,0.0,0,0,0,0,"bluesky,hackernews,newsrss,reddit",,0.0,0,0,0,0,"bluesky,hackernews,newsrss,reddit",
30d,0.0,0.0,NYC Department of Homeless Services,report,,DHS Data Dashboard Tables FY 2017,,https://www.nyc.gov/assets/dhs/downloads/pdf/dashboard/tables/FY2017-DHS-Data-Tables-Dashboard-revised-1'30'2019.pdf,https://www.nyc.gov/assets/dhs/downloads/pdf/dashboard/tables/FY2017-DHS-Data-Tables-Dashboard-revised-1'30'2019.pdf,pdf,no public link pickups found in checked sources,0.0,0,0,0,0,"bluesky,hackernews,newsrss,reddit",,0.0,0,0,0,0,"bluesky,hackernews,newsrss,reddit",,0.0,0,0,0,0,"bluesky,hackernews,newsrss,reddit",
30d,0.0,0.0,NYC Department of Homeless Services,report,,DHS Data Dashboard Tables FY 2016,,https://www.nyc.gov/assets/dhs/downloads/pdf/dashboard/tables/FY2016-DHS-Data-Tables-Dashboard-revised-1'30'2019.pdf,https://www.nyc.gov/assets/dhs/downloads/pdf/dashboard/tables/FY2016-DHS-Data-Tables-Dashboard-revised-1'30'2019.pdf,pdf,no public link pickups found in checked sources,0.0,0,0,0,0,"bluesky,hackernews,newsrss,reddit",,0.0,0,0,0,0,"bluesky,hackernews,newsrss,reddit",,0.0,0,0,0,0,"bluesky,hackernews,newsrss,reddit",
30d,0.0,0.0,NYC Department of Homeless Services,report,,Local Law 35 of 2023: Annual Report on Mental Health Professionals in FWC Shelters (CY24),,https://www.nyc.gov/assets/dhs/downloads/pdf/LL35-Cover-Email.pdf,https://www.nyc.gov/assets/dhs/downloads/pdf/LL35-Cover-Email.pdf,pdf,no public link pickups found in checked sources,0.0,0,0,0,0,"bluesky,hackernews,newsrss,reddit",,0.0,0,0,0,0,"bluesky,hackernews,newsrss,reddit",,0.0,0,0,0,0,"bluesky,hackernews,newsrss,reddit",
30d,0.0,0.0,NYC Department of Homeless Services,report,,2024 Report,,https://www.nyc.gov/assets/dhs/downloads/pdf/LL35-of-2023-Report-CY2024.pdf,https://www.nyc.gov/assets/dhs/downloads/pdf/LL35-of-2023-Report-CY2024.pdf,pdf,no public link pickups found in checked sources,0.0,0,0,0,0,"bluesky,hackernews,newsrss,reddit",,0.0,0,0,0,0,"bluesky,hackernews,newsrss,reddit",,0.0,0,0,0,0,"bluesky,hackernews,newsrss,reddit",
30d,0.0,0.0,NYC Department of Homeless Services,report,,FY24Q1,,https://www.nyc.gov/assets/dhs/downloads/pdf/LL-26-of-2023-FY24Q1.pdf,https://www.nyc.gov/assets/dhs/downloads/pdf/LL-26-of-2023-FY24Q1.pdf,pdf,no public link pickups found in checked sources,0.0,0,0,0,0,"bluesky,hackernews,newsrss,reddit",,0.0,0,0,0,0,"bluesky,hackernews,newsrss,reddit",,0.0,0,0,0,0,"bluesky,hackernews,newsrss,reddit",
30d,0.0,0.0,NYC Department of Homeless Services,report,,FY24Q2,,https://www.nyc.gov/assets/dhs/downloads/pdf/LL-26-of-2023-FY24Q2.pdf,https://www.nyc.gov/assets/dhs/downloads/pdf/LL-26-of-2023-FY24Q2.pdf,pdf,no public link pickups found in checked sources,0.0,0,0,0,0,"bluesky,hackernews,newsrss,reddit",,0.0,0,0,0,0,"bluesky,hackernews,newsrss,reddit",,0.0,0,0,0,0,"bluesky,hackernews,newsrss,reddit",
30d,0.0,0.0,NYC Department of Homeless Services,report,,FY24Q3,,https://www.nyc.gov/assets/dhs/downloads/pdf/LL-26-of-2023-FY24Q3.pdf,https://www.nyc.gov/assets/dhs/downloads/pdf/LL-26-of-2023-FY24Q3.pdf,pdf,no public link pickups found in checked sources,0.0,0,0,0,0,"bluesky,hackernews,newsrss,reddit",,0.0,0,0,0,0,"bluesky,hackernews,newsrss,reddit",,0.0,0,0,0,0,"bluesky,hackernews,newsrss,reddit",
30d,0.0,0.0,NYC Department of Homeless Services,report,,FY24Q4,,https://www.nyc.gov/assets/dhs/downloads/pdf/LL-26-of-2023-FY24Q4.pdf,https://www.nyc.gov/assets/dhs/downloads/pdf/LL-26-of-2023-FY24Q4.pdf,pdf,no public link pickups found in checked sources,0.0,0,0,0,0,"bluesky,hackernews,newsrss,reddit",,0.0,0,0,0,0,"bluesky,hackernews,newsrss,reddit",,0.0,0,0,0,0,"bluesky,hackernews,newsrss,reddit",
30d,0.0,0.0,NYC Department of Homeless Services,report,,FY25Q1,,https://www.nyc.gov/assets/dhs/downloads/pdf/LL-26-of-2023-FY25Q1.pdf,https://www.nyc.gov/assets/dhs/downloads/pdf/LL-26-of-2023-FY25Q1.pdf,pdf,no public link pickups found in checked sources,0.0,0,0,0,0,"bluesky,hackernews,newsrss,reddit",,0.0,0,0,0,0,"bluesky,hackernews,newsrss,reddit",,0.0,0,0,0,0,"bluesky,hackernews,newsrss,reddit",
30d,0.0,0.0,NYC Department of Homeless Services,report,,FY25Q2,,https://www.nyc.gov/assets/dhs/downloads/pdf/LL-26-of-2025-FY25Q2.pdf,https://www.nyc.gov/assets/dhs/downloads/pdf/LL-26-of-2025-FY25Q2.pdf,pdf,no public link pickups found in checked sources,0.0,0,0,0,0,"bluesky,hackernews,newsrss,reddit",,0.0,0,0,0,0,"bluesky,hackernews,newsrss,reddit",,0.0,0,0,0,0,"bluesky,hackernews,newsrss,reddit",
30d,0.0,0.0,NYC Department of Homeless Services,report,,FY25Q3,,https://www.nyc.gov/assets/dhs/downloads/pdf/LL-26-of-2025-FY25Q3.pdf,https://www.nyc.gov/assets/dhs/downloads/pdf/LL-26-of-2025-FY25Q3.pdf,pdf,no public link pickups found in checked sources,0.0,0,0,0,0,"bluesky,hackernews,newsrss,reddit",,0.0,0,0,0,0,"bluesky,hackernews,newsrss,reddit",,0.0,0,0,0,0,"bluesky,hackernews,newsrss,reddit",
30d,0.0,0.0,NYC Department of Homeless Services,report,,FY25Q4,,https://www.nyc.gov/assets/dhs/downloads/pdf/LL-26-of-2025-FY25Q4.pdf,https://www.nyc.gov/assets/dhs/downloads/pdf/LL-26-of-2025-FY25Q4.pdf,pdf,no public link pickups found in checked sources,0.0,0,0,0,0,"bluesky,hackernews,newsrss,reddit",,0.0,0,0,0,0,"bluesky,hackernews,newsrss,reddit",,0.0,0,0,0,0,"bluesky,hackernews,newsrss,reddit",
30d,0.0,0.0,NYC Department of Homeless Services,report,,FY24Q4,,https://www.nyc.gov/assets/dhs/downloads/pdf/LL-95-of-2023-FY24Q4.pdf,https://www.nyc.gov/assets/dhs/downloads/pdf/LL-95-of-2023-FY24Q4.pdf,pdf,no public link pickups found in checked sources,0.0,0,0,0,0,"bluesky,hackernews,newsrss,reddit",,0.0,0,0,0,0,"bluesky,hackernews,newsrss,reddit",,0.0,0,0,0,0,"bluesky,hackernews,newsrss,reddit",
30d,0.0,0.0,NYC Department of Homeless Services,report,,FY25Q1,,https://www.nyc.gov/assets/dhs/downloads/pdf/LL-95-of-2023-FY25Q1.pdf,https://www.nyc.gov/assets/dhs/downloads/pdf/LL-95-of-2023-FY25Q1.pdf,pdf,no public link pickups found in checked sources,0.0,0,0,0,0,"bluesky,hackernews,newsrss,reddit",,0.0,0,0,0,0,"bluesky,hackernews,newsrss,reddit",,0.0,0,0,0,0,"bluesky,hackernews,newsrss,reddit",
30d,0.0,0.0,NYC Human Resources Administration,report,,Ineligible Referral,,https://www.nyc.gov/assets/hra/downloads/pdf/facts/aps/CityCouncil_Report_Ineligible_Referral_Breakdown.pdf,https://www.nyc.gov/assets/hra/downloads/pdf/facts/aps/CityCouncil_Report_Ineligible_Referral_Breakdown.pdf,pdf,no public link pickups found in checked sources,0.0,0,0,0,0,"bluesky,hackernews,newsrss,reddit",,0.0,0,0,0,0,"bluesky,hackernews,newsrss,reddit",,0.0,0,0,0,0,"bluesky,hackernews,newsrss,reddit",
30d,0.0,0.0,NYC Human Resources Administration,report,,Refer to Close,,https://www.nyc.gov/assets/hra/downloads/pdf/facts/aps/CityCouncil_Report_Refer_To_Close.pdf,https://www.nyc.gov/assets/hra/downloads/pdf/facts/aps/CityCouncil_Report_Refer_To_Close.pdf,pdf,no public link pickups found in checked sources,0.0,0,0,0,0,"bluesky,hackernews,newsrss,reddit",,0.0,0,0,0,0,"bluesky,hackernews,newsrss,reddit",,0.0,0,0,0,0,"bluesky,hackernews,newsrss,reddit",
30d,0.0,0.0,NYC Human Resources Administration,report,,Cash Assistance Caseload Engagement Status,,https://www.nyc.gov/assets/hra/downloads/pdf/ca_caseload.pdf,https://www.nyc.gov/assets/hra/downloads/pdf/ca_caseload.pdf,pdf,no public link pickups found in checked sources,0.0,0,0,0,0,"bluesky,hackernews,newsrss,reddit",,0.0,0,0,0,0,"bluesky,hackernews,newsrss,reddit",,0.0,0,0,0,0,"bluesky,hackernews,newsrss,reddit",
30d,0.0,0.0,NYC Human Resources Administration,report,,Family Assistance Caseload Engagement Status,,https://www.nyc.gov/assets/hra/downloads/pdf/fa_caseload.pdf,https://www.nyc.gov/assets/hra/downloads/pdf/fa_caseload.pdf,pdf,no public link pickups found in checked sources,0.0,0,0,0,0,"bluesky,hackernews,newsrss,reddit",,0.0,0,0,0,0,"bluesky,hackernews,newsrss,reddit",,0.0,0,0,0,0,"bluesky,hackernews,newsrss,reddit",
30d,0.0,0.0,NYC Human Resources Administration,report,,Cash Assistance Youth Caseload Engagement Status,,https://www.nyc.gov/assets/hra/downloads/pdf/facts/cash/ca_youth_caseload.pdf,https://www.nyc.gov/assets/hra/downloads/pdf/facts/cash/ca_youth_caseload.pdf,pdf,no public link pickups found in checked sources,0.0,0,0,0,0,"bluesky,hackernews,newsrss,reddit",,0.0,0,0,0,0,"bluesky,hackernews,newsrss,reddit",,0.0,0,0,0,0,"bluesky,hackernews,newsrss,reddit",
30d,0.0,0.0,NYC Human Resources Administration,report,,Cash Assistance Applications for Heads of Household,,https://www.nyc.gov/assets/hra/downloads/pdf/facts/cash/Cash_Assistance_Applications_HeadofHousehold.pdf,https://www.nyc.gov/assets/hra/downloads/pdf/facts/cash/Cash_Assistance_Applications_HeadofHousehold.pdf,pdf,no public link pickups found in checked sources,0.0,0,0,0,0,"bluesky,hackernews,newsrss,reddit",,0.0,0,0,0,0,"bluesky,hackernews,newsrss,reddit",,0.0,0,0,0,0,"bluesky,hackernews,newsrss,reddit",
30d,0.0,0.0,NYC Human Resources Administration,report,,Assisted Entries to Employment,,https://www.nyc.gov/assets/hra/downloads/pdf/ca_employment.pdf,https://www.nyc.gov/assets/hra/downloads/pdf/ca_employment.pdf,pdf,no public link pickups found in checked sources,0.0,0,0,0,0,"bluesky,hackernews,newsrss,reddit",,0.0,0,0,0,0,"bluesky,hackernews,newsrss,reddit",,0.0,0,0,0,0,"bluesky,hackernews,newsrss,reddit",
30d,0.0,0.0,NYC Human Resources Administration,report,,60 Month Converted Recipients,,https://www.nyc.gov/assets/hra/downloads/pdf/ca_60_mth.pdf,https://www.nyc.gov/assets/hra/downloads/pdf/ca_60_mth.pdf,pdf,no public link pickups found in checked sources,0.0,0,0,0,0,"bluesky,hackernews,newsrss,reddit",,0.0,0,0,0,0,"bluesky,hackernews,newsrss,reddit",,0.0,0,0,0,0,"bluesky,hackernews,newsrss,reddit",
30d,0.0,0.0,NYC Human Resources Administration,report,,Cash Assistance Recipients,,https://www.nyc.gov/assets/hra/downloads/pdf/ca_recipients.pdf,https://www.nyc.gov/assets/hra/downloads/pdf/ca_recipients.pdf,pdf,no public link pickups found in checked sources,0.0,0,0,0,0,"bluesky,hackernews,newsrss,reddit",,0.0,0,0,0,0,"bluesky,hackernews,newsrss,reddit",,0.0,0,0,0,0,"bluesky,hackernews,newsrss,reddit",
30d,0.0,0.0,NYC Human Resources Administration,report,,Cash Assistance Unduplicated Recipients (12 Months) 2022-2026,,https://www.nyc.gov/assets/hra/downloads/pdf/ca_unduplicated_12mo.pdf,https://www.nyc.gov/assets/hra/downloads/pdf/ca_unduplicated_12mo.pdf,pdf,no public link pickups found in checked sources,0.0,0,0,0,0,"bluesky,hackernews,newsrss,reddit",,0.0,0,0,0,0,"bluesky,hackernews,newsrss,reddit",,0.0,0,0,0,0,"bluesky,hackernews,newsrss,reddit",
30d,0.0,0.0,NYC Human Resources Administration,report,,Cash Assistance Unduplicated Recipients (12 Months) 2022-2026 Recurring Benefits,,https://www.nyc.gov/assets/hra/downloads/pdf/ca_recurring_12mo.pdf,https://www.nyc.gov/assets/hra/downloads/pdf/ca_recurring_12mo.pdf,pdf,no public link pickups found in checked sources,0.0,0,0,0,0,"bluesky,hackernews,newsrss,reddit",,0.0,0,0,0,0,"bluesky,hackernews,newsrss,reddit",,0.0,0,0,0,0,"bluesky,hackernews,newsrss,reddit",
30d,0.0,0.0,NYC Human Resources Administration,report,,Cash Assistance Unduplicated Recipients (12 Months) 2022-2026 Emergency Benefits,,https://www.nyc.gov/assets/hra/downloads/pdf/ca_emergency_12mo.pdf,https://www.nyc.gov/assets/hra/downloads/pdf/ca_emergency_12mo.pdf,pdf,no public link pickups found in checked sources,0.0,0,0,0,0,"bluesky,hackernews,newsrss,reddit",,0.0,0,0,0,0,"bluesky,hackernews,newsrss,reddit",,0.0,0,0,0,0,"bluesky,hackernews,newsrss,reddit",
30d,0.0,0.0,NYC Human Resources Administration,report,,HASA Cases,,https://www.nyc.gov/assets/hra/downloads/pdf/hasa_cases.pdf,https://www.nyc.gov/assets/hra/downloads/pdf/hasa_cases.pdf,pdf,no public link pickups found in checked sources,0.0,0,0,0,0,"bluesky,hackernews,newsrss,reddit",,0.0,0,0,0,0,"bluesky,hackernews,newsrss,reddit",,0.0,0,0,0,0,"bluesky,hackernews,newsrss,reddit",
30d,0.0,0.0,NYC Human Resources Administration,report,,HRA Administered Medicaid Enrollees,,https://www.nyc.gov/assets/hra/downloads/pdf/hra_admin_med_enrollee.pdf,https://www.nyc.gov/assets/hra/downloads/pdf/hra_admin_med_enrollee.pdf,pdf,no public link pickups found in checked sources,0.0,0,0,0,0,"bluesky,hackernews,newsrss,reddit",,0.0,0,0,0,0,"bluesky,hackernews,newsrss,reddit",,0.0,0,0,0,0,"bluesky,hackernews,newsrss,reddit",
30d,0.0,0.0,NYC Human Resources Administration,report,,SN Cash Assistance Recipients,,https://www.nyc.gov/assets/hra/downloads/pdf/sna_recipients.pdf,https://www.nyc.gov/assets/hra/downloads/pdf/sna_recipients.pdf,pdf,no public link pickups found in checked sources,0.0,0,0,0,0,"bluesky,hackernews,newsrss,reddit",,0.0,0,0,0,0,"bluesky,hackernews,newsrss,reddit",,0.0,0,0,0,0,"bluesky,hackernews,newsrss,reddit",
30d,0.0,0.0,NYC Human Resources Administration,report,,SNAP Recipients,,https://www.nyc.gov/assets/hra/downloads/pdf/snap_recipients.pdf,https://www.nyc.gov/assets/hra/downloads/pdf/snap_recipients.pdf,pdf,no public link pickups found in checked sources,0.0,0,0,0,0,"bluesky,hackernews,newsrss,reddit",,0.0,0,0,0,0,"bluesky,hackernews,newsrss,reddit",,0.0,0,0,0,0,"bluesky,hackernews,newsrss,reddit",
30d,0.0,0.0,NYC Human Resources Administration,report,,TANF Cash Assistance Recipients,,https://www.nyc.gov/assets/hra/downloads/pdf/tanf_recipients.pdf,https://www.nyc.gov/assets/hra/downloads/pdf/tanf_recipients.pdf,pdf,no public link pickups found in checked sources,0.0,0,0,0,0,"bluesky,hackernews,newsrss,reddit",,0.0,0,0,0,0,"bluesky,hackernews,newsrss,reddit",,0.0,0,0,0,0,"bluesky,hackernews,newsrss,reddit",
30d,0.0,0.0,NYC Human Resources Administration,report,,2025 01 Ocss Summary,,https://www.nyc.gov/assets/hra/downloads/pdf/facts/ocse/2025/2025-01-OCSS-Summary.pdf,https://www.nyc.gov/assets/hra/downloads/pdf/facts/ocse/2025/2025-01-OCSS-Summary.pdf,pdf,no public link pickups found in checked sources,0.0,0,0,0,0,"bluesky,hackernews,newsrss,reddit",,0.0,0,0,0,0,"bluesky,hackernews,newsrss,reddit",,0.0,0,0,0,0,"bluesky,hackernews,newsrss,reddit",
30d,0.0,0.0,NYC Human Resources Administration,report,,2025 02 Ocss Summary,,https://www.nyc.gov/assets/hra/downloads/pdf/facts/ocse/2025/2025-02-OCSS-Summary.pdf,https://www.nyc.gov/assets/hra/downloads/pdf/facts/ocse/2025/2025-02-OCSS-Summary.pdf,pdf,no public link pickups found in checked sources,0.0,0,0,0,0,"bluesky,hackernews,newsrss,reddit",,0.0,0,0,0,0,"bluesky,hackernews,newsrss,reddit",,0.0,0,0,0,0,"bluesky,hackernews,newsrss,reddit",
30d,0.0,0.0,NYC Human Resources Administration,report,,2025 03 Ocss Summary,,https://www.nyc.gov/assets/hra/downloads/pdf/facts/ocse/2025/2025-03-OCSS-Summary.pdf,https://www.nyc.gov/assets/hra/downloads/pdf/facts/ocse/2025/2025-03-OCSS-Summary.pdf,pdf,no public link pickups found in checked sources,0.0,0,0,0,0,"bluesky,hackernews,newsrss,reddit",,0.0,0,0,0,0,"bluesky,hackernews,newsrss,reddit",,0.0,0,0,0,0,"bluesky,hackernews,newsrss,reddit",
30d,0.0,0.0,NYC Human Resources Administration,report,,2025 04 Ocss Summary,,https://www.nyc.gov/assets/hra/downloads/pdf/facts/ocse/2025/2025-04-OCSS-Summary.pdf,https://www.nyc.gov/assets/hra/downloads/pdf/facts/ocse/2025/2025-04-OCSS-Summary.pdf,pdf,no public link pickups found in checked sources,0.0,0,0,0,0,"bluesky,hackernews,newsrss,reddit",,0.0,0,0,0,0,"bluesky,hackernews,newsrss,reddit",,0.0,0,0,0,0,"bluesky,hackernews,newsrss,reddit",
30d,0.0,0.0,NYC Human Resources Administration,report,,2025 05 Ocss Summary,,https://www.nyc.gov/assets/hra/downloads/pdf/facts/ocse/2025/2025-05-OCSS-Summary.pdf,https://www.nyc.gov/assets/hra/downloads/pdf/facts/ocse/2025/2025-05-OCSS-Summary.pdf,pdf,no public link pickups found in checked sources,0.0,0,0,0,0,"bluesky,hackernews,newsrss,reddit",,0.0,0,0,0,0,"bluesky,hackernews,newsrss,reddit",,0.0,0,0,0,0,"bluesky,hackernews,newsrss,reddit",
30d,0.0,0.0,NYC Human Resources Administration,report,,2025 06 Ocss Summary,,https://www.nyc.gov/assets/hra/downloads/pdf/facts/ocse/2025/2025-06-OCSS-Summary.pdf,https://www.nyc.gov/assets/hra/downloads/pdf/facts/ocse/2025/2025-06-OCSS-Summary.pdf,pdf,no public link pickups found in checked sources,0.0,0,0,0,0,"bluesky,hackernews,newsrss,reddit",,0.0,0,0,0,0,"bluesky,hackernews,newsrss,reddit",,0.0,0,0,0,0,"bluesky,hackernews,newsrss,reddit",
30d,0.0,0.0,NYC Human Resources Administration,report,,2025 07 Ocss Summary,,https://www.nyc.gov/assets/hra/downloads/pdf/facts/ocse/2025/2025-07-OCSS-Summary.pdf,https://www.nyc.gov/assets/hra/downloads/pdf/facts/ocse/2025/2025-07-OCSS-Summary.pdf,pdf,no public link pickups found in checked sources,0.0,0,0,0,0,"bluesky,hackernews,newsrss,reddit",,0.0,0,0,0,0,"bluesky,hackernews,newsrss,reddit",,0.0,0,0,0,0,"bluesky,hackernews,newsrss,reddit",
30d,0.0,0.0,NYC Human Resources Administration,report,,2025 08 Ocss Summary,,https://www.nyc.gov/assets/hra/downloads/pdf/facts/ocse/2025/2025-08-OCSS-Summary.pdf,https://www.nyc.gov/assets/hra/downloads/pdf/facts/ocse/2025/2025-08-OCSS-Summary.pdf,pdf,no public link pickups found in checked sources,0.0,0,0,0,0,"bluesky,hackernews,newsrss,reddit",,0.0,0,0,0,0,"bluesky,hackernews,newsrss,reddit",,0.0,0,0,0,0,"bluesky,hackernews,newsrss,reddit",
30d,0.0,0.0,NYC Human Resources Administration,report,,2025 09 Ocss Summary,,https://www.nyc.gov/assets/hra/downloads/pdf/facts/ocse/2025/2025-09-OCSS-Summary.pdf,https://www.nyc.gov/assets/hra/downloads/pdf/facts/ocse/2025/2025-09-OCSS-Summary.pdf,pdf,no public link pickups found in checked sources,0.0,0,0,0,0,"bluesky,hackernews,newsrss,reddit",,0.0,0,0,0,0,"bluesky,hackernews,newsrss,reddit",,0.0,0,0,0,0,"bluesky,hackernews,newsrss,reddit",
30d,0.0,0.0,NYC Human Resources Administration,report,,2025 10 Ocss Summary,,https://www.nyc.gov/assets/hra/downloads/pdf/facts/ocse/2025/2025-10-OCSS-Summary.pdf,https://www.nyc.gov/assets/hra/downloads/pdf/facts/ocse/2025/2025-10-OCSS-Summary.pdf,pdf,no public link pickups found in checked sources,0.0,0,0,0,0,"bluesky,hackernews,newsrss,reddit",,0.0,0,0,0,0,"bluesky,hackernews,newsrss,reddit",,0.0,0,0,0,0,"bluesky,hackernews,newsrss,reddit",
30d,0.0,0.0,NYC Human Resources Administration,report,,2024 01 Ocss Summary,,https://www.nyc.gov/assets/hra/downloads/pdf/facts/ocse/2024/2024-01-OCSS-Summary.pdf,https://www.nyc.gov/assets/hra/downloads/pdf/facts/ocse/2024/2024-01-OCSS-Summary.pdf,pdf,no public link pickups found in checked sources,0.0,0,0,0,0,"bluesky,hackernews,newsrss,reddit",,0.0,0,0,0,0,"bluesky,hackernews,newsrss,reddit",,0.0,0,0,0,0,"bluesky,hackernews,newsrss,reddit",
30d,0.0,0.0,NYC Human Resources Administration,report,,2024 02 Ocss Summary,,https://www.nyc.gov/assets/hra/downloads/pdf/facts/ocse/2024/2024-02-OCSS-Summary.pdf,https://www.nyc.gov/assets/hra/downloads/pdf/facts/ocse/2024/2024-02-OCSS-Summary.pdf,pdf,no public link pickups found in checked sources,0.0,0,0,0,0,"bluesky,hackernews,newsrss,reddit",,0.0,0,0,0,0,"bluesky,hackernews,newsrss,reddit",,0.0,0,0,0,0,"bluesky,hackernews,newsrss,reddit",
30d,0.0,0.0,NYC Human Resources Administration,report,,2024 03 Ocss Summary,,https://www.nyc.gov/assets/hra/downloads/pdf/facts/ocse/2024/2024-03-OCSS-Summary.pdf,https://www.nyc.gov/assets/hra/downloads/pdf/facts/ocse/2024/2024-03-OCSS-Summary.pdf,pdf,no public link pickups found in checked sources,0.0,0,0,0,0,"bluesky,hackernews,newsrss,reddit",,0.0,0,0,0,0,"bluesky,hackernews,newsrss,reddit",,0.0,0,0,0,0,"bluesky,hackernews,newsrss,reddit",
30d,0.0,0.0,NYC Human Resources Administration,report,,2024 04 Ocss Summary,,https://www.nyc.gov/assets/hra/downloads/pdf/facts/ocse/2024/2024-04-OCSS-Summary.pdf,https://www.nyc.gov/assets/hra/downloads/pdf/facts/ocse/2024/2024-04-OCSS-Summary.pdf,pdf,no public link pickups found in checked sources,0.0,0,0,0,0,"bluesky,hackernews,newsrss,reddit",,0.0,0,0,0,0,"bluesky,hackernews,newsrss,reddit",,0.0,0,0,0,0,"bluesky,hackernews,newsrss,reddit",
30d,0.0,0.0,NYC Human Resources Administration,report,,2024 05 Ocss Summary,,https://www.nyc.gov/assets/hra/downloads/pdf/facts/ocse/2024/2024-05-OCSS-Summary.pdf,https://www.nyc.gov/assets/hra/downloads/pdf/facts/ocse/2024/2024-05-OCSS-Summary.pdf,pdf,no public link pickups found in checked sources,0.0,0,0,0,0,"bluesky,hackernews,newsrss,reddit",,0.0,0,0,0,0,"bluesky,hackernews,newsrss,reddit",,0.0,0,0,0,0,"bluesky,hackernews,newsrss,reddit",
30d,0.0,0.0,NYC Human Resources Administration,report,,2024 06 Ocss Summary,,https://www.nyc.gov/assets/hra/downloads/pdf/facts/ocse/2024/2024-06-OCSS-Summary.pdf,https://www.nyc.gov/assets/hra/downloads/pdf/facts/ocse/2024/2024-06-OCSS-Summary.pdf,pdf,no public link pickups found in checked sources,0.0,0,0,0,0,"bluesky,hackernews,newsrss,reddit",,0.0,0,0,0,0,"bluesky,hackernews,newsrss,reddit",,0.0,0,0,0,0,"bluesky,hackernews,newsrss,reddit",
30d,0.0,0.0,NYC Human Resources Administration,report,,2024 07 Ocss Summary,,https://www.nyc.gov/assets/hra/downloads/pdf/facts/ocse/2024/2024-07-OCSS-Summary.pdf,https://www.nyc.gov/assets/hra/downloads/pdf/facts/ocse/2024/2024-07-OCSS-Summary.pdf,pdf,no public link pickups found in checked sources,0.0,0,0,0,0,"bluesky,hackernews,newsrss,reddit",,0.0,0,0,0,0,"bluesky,hackernews,newsrss,reddit",,0.0,0,0,0,0,"bluesky,hackernews,newsrss,reddit",
30d,0.0,0.0,NYC Human Resources Administration,report,,2024 08 Ocss Summary,,https://www.nyc.gov/assets/hra/downloads/pdf/facts/ocse/2024/2024-08-OCSS-Summary.pdf,https://www.nyc.gov/assets/hra/downloads/pdf/facts/ocse/2024/2024-08-OCSS-Summary.pdf,pdf,no public link pickups found in checked sources,0.0,0,0,0,0,"bluesky,hackernews,newsrss,reddit",,0.0,0,0,0,0,"bluesky,hackernews,newsrss,reddit",,0.0,0,0,0,0,"bluesky,hackernews,newsrss,reddit",
30d,0.0,0.0,NYC Human Resources Administration,report,,2024 09 Ocss Summary,,https://www.nyc.gov/assets/hra/downloads/pdf/facts/ocse/2024/2024-09-OCSS-Summary.pdf,https://www.nyc.gov/assets/hra/downloads/pdf/facts/ocse/2024/2024-09-OCSS-Summary.pdf,pdf,no public link pickups found in checked sources,0.0,0,0,0,0,"bluesky,hackernews,newsrss,reddit",,0.0,0,0,0,0,"bluesky,hackernews,newsrss,reddit",,0.0,0,0,0,0,"bluesky,hackernews,newsrss,reddit",
30d,0.0,0.0,NYC Human Resources Administration,report,,2024 10 Ocss Summary,,https://www.nyc.gov/assets/hra/downloads/pdf/facts/ocse/2024/2024-10-OCSS-Summary.pdf,https://www.nyc.gov/assets/hra/downloads/pdf/facts/ocse/2024/2024-10-OCSS-Summary.pdf,pdf,no public link pickups found in checked sources,0.0,0,0,0,0,"bluesky,hackernews,newsrss,reddit",,0.0,0,0,0,0,"bluesky,hackernews,newsrss,reddit",,0.0,0,0,0,0,"bluesky,hackernews,newsrss,reddit",
30d,0.0,0.0,NYC Human Resources Administration,report,,2024 11 Ocss Summary,,https://www.nyc.gov/assets/hra/downloads/pdf/facts/ocse/2024/2024-11-OCSS-Summary.pdf,https://www.nyc.gov/assets/hra/downloads/pdf/facts/ocse/2024/2024-11-OCSS-Summary.pdf,pdf,no public link pickups found in checked sources,0.0,0,0,0,0,"bluesky,hackernews,newsrss,reddit",,0.0,0,0,0,0,"bluesky,hackernews,newsrss,reddit",,0.0,0,0,0,0,"bluesky,hackernews,newsrss,reddit",
30d,0.0,0.0,NYC Human Resources Administration,report,,2024 12 Ocss Summary,,https://www.nyc.gov/assets/hra/downloads/pdf/facts/ocse/2024/2024-12-OCSS-Summary.pdf,https://www.nyc.gov/assets/hra/downloads/pdf/facts/ocse/2024/2024-12-OCSS-Summary.pdf,pdf,no public link pickups found in checked sources,0.0,0,0,0,0,"bluesky,hackernews,newsrss,reddit",,0.0,0,0,0,0,"bluesky,hackernews,newsrss,reddit",,0.0,0,0,0,0,"bluesky,hackernews,newsrss,reddit",
30d,0.0,0.0,NYC Human Resources Administration,report,,2023 01 Ocss Summary,,https://www.nyc.gov/assets/hra/downloads/pdf/facts/ocse/2023/2023-01-OCSS-Summary.pdf,https://www.nyc.gov/assets/hra/downloads/pdf/facts/ocse/2023/2023-01-OCSS-Summary.pdf,pdf,no public link pickups found in checked sources,0.0,0,0,0,0,"bluesky,hackernews,newsrss,reddit",,0.0,0,0,0,0,"bluesky,hackernews,newsrss,reddit",,0.0,0,0,0,0,"bluesky,hackernews,newsrss,reddit",
30d,0.0,0.0,NYC Human Resources Administration,report,,2023 02 Ocss Summary,,https://www.nyc.gov/assets/hra/downloads/pdf/facts/ocse/2023/2023-02-OCSS-Summary.pdf,https://www.nyc.gov/assets/hra/downloads/pdf/facts/ocse/2023/2023-02-OCSS-Summary.pdf,pdf,no public link pickups found in checked sources,0.0,0,0,0,0,"bluesky,hackernews,newsrss,reddit",,0.0,0,0,0,0,"bluesky,hackernews,newsrss,reddit",,0.0,0,0,0,0,"bluesky,hackernews,newsrss,reddit",
30d,0.0,0.0,NYC Human Resources Administration,report,,2023 03 Ocss Summary,,https://www.nyc.gov/assets/hra/downloads/pdf/facts/ocse/2023/2023-03-OCSS-Summary.pdf,https://www.nyc.gov/assets/hra/downloads/pdf/facts/ocse/2023/2023-03-OCSS-Summary.pdf,pdf,no public link pickups found in checked sources,0.0,0,0,0,0,"bluesky,hackernews,newsrss,reddit",,0.0,0,0,0,0,"bluesky,hackernews,newsrss,reddit",,0.0,0,0,0,0,"bluesky,hackernews,newsrss,reddit",
30d,0.0,0.0,NYC Human Resources Administration,report,,2023 04 Ocss Summary,,https://www.nyc.gov/assets/hra/downloads/pdf/facts/ocse/2023/2023-04-OCSS-Summary.pdf,https://www.nyc.gov/assets/hra/downloads/pdf/facts/ocse/2023/2023-04-OCSS-Summary.pdf,pdf,no public link pickups found in checked sources,0.0,0,0,0,0,"bluesky,hackernews,newsrss,reddit",,0.0,0,0,0,0,"bluesky,hackernews,newsrss,reddit",,0.0,0,0,0,0,"bluesky,hackernews,newsrss,reddit",
30d,0.0,0.0,NYC Human Resources Administration,report,,2023 05 Ocss Summary,,https://www.nyc.gov/assets/hra/downloads/pdf/facts/ocse/2023/2023-05-OCSS-Summary.pdf,https://www.nyc.gov/assets/hra/downloads/pdf/facts/ocse/2023/2023-05-OCSS-Summary.pdf,pdf,no public link pickups found in checked sources,0.0,0,0,0,0,"bluesky,hackernews,newsrss,reddit",,0.0,0,0,0,0,"bluesky,hackernews,newsrss,reddit",,0.0,0,0,0,0,"bluesky,hackernews,newsrss,reddit",
30d,0.0,0.0,NYC Human Resources Administration,report,,2023 06 Ocss Summary,,https://www.nyc.gov/assets/hra/downloads/pdf/facts/ocse/2023/2023-06-OCSS-Summary.pdf,https://www.nyc.gov/assets/hra/downloads/pdf/facts/ocse/2023/2023-06-OCSS-Summary.pdf,pdf,no public link pickups found in checked sources,0.0,0,0,0,0,"bluesky,hackernews,newsrss,reddit",,0.0,0,0,0,0,"bluesky,hackernews,newsrss,reddit",,0.0,0,0,0,0,"bluesky,hackernews,newsrss,reddit",
30d,0.0,0.0,NYC Human Resources Administration,report,,2023 07 Ocss Summary,,https://www.nyc.gov/assets/hra/downloads/pdf/facts/ocse/2023/2023-07-OCSS-Summary.pdf,https://www.nyc.gov/assets/hra/downloads/pdf/facts/ocse/2023/2023-07-OCSS-Summary.pdf,pdf,no public link pickups found in checked sources,0.0,0,0,0,0,"bluesky,hackernews,newsrss,reddit",,0.0,0,0,0,0,"bluesky,hackernews,newsrss,reddit",,0.0,0,0,0,0,"bluesky,hackernews,newsrss,reddit",
30d,0.0,0.0,NYC Human Resources Administration,report,,2023 08 Ocss Summary,,https://www.nyc.gov/assets/hra/downloads/pdf/facts/ocse/2023/2023-08-OCSS-Summary.pdf,https://www.nyc.gov/assets/hra/downloads/pdf/facts/ocse/2023/2023-08-OCSS-Summary.pdf,pdf,no public link pickups found in checked sources,0.0,0,0,0,0,"bluesky,hackernews,newsrss,reddit",,0.0,0,0,0,0,"bluesky,hackernews,newsrss,reddit",,0.0,0,0,0,0,"bluesky,hackernews,newsrss,reddit",
30d,0.0,0.0,NYC Human Resources Administration,report,,2023 09 Ocss Summary,,https://www.nyc.gov/assets/hra/downloads/pdf/facts/ocse/2023/2023-09-OCSS-Summary.pdf,https://www.nyc.gov/assets/hra/downloads/pdf/facts/ocse/2023/2023-09-OCSS-Summary.pdf,pdf,no public link pickups found in checked sources,0.0,0,0,0,0,"bluesky,hackernews,newsrss,reddit",,0.0,0,0,0,0,"bluesky,hackernews,newsrss,reddit",,0.0,0,0,0,0,"bluesky,hackernews,newsrss,reddit",
30d,0.0,0.0,NYC Human Resources Administration,report,,2023 10 Ocss Summary,,https://www.nyc.gov/assets/hra/downloads/pdf/facts/ocse/2023/2023-10-OCSS-Summary.pdf,https://www.nyc.gov/assets/hra/downloads/pdf/facts/ocse/2023/2023-10-OCSS-Summary.pdf,pdf,no public link pickups found in checked sources,0.0,0,0,0,0,"bluesky,hackernews,newsrss,reddit",,0.0,0,0,0,0,"bluesky,hackernews,newsrss,reddit",,0.0,0,0,0,0,"bluesky,hackernews,newsrss,reddit",
30d,0.0,0.0,NYC Human Resources Administration,report,,2023 11 Ocss Summary,,https://www.nyc.gov/assets/hra/downloads/pdf/facts/ocse/2023/2023-11-OCSS-Summary.pdf,https://www.nyc.gov/assets/hra/downloads/pdf/facts/ocse/2023/2023-11-OCSS-Summary.pdf,pdf,no public link pickups found in checked sources,0.0,0,0,0,0,"bluesky,hackernews,newsrss,reddit",,0.0,0,0,0,0,"bluesky,hackernews,newsrss,reddit",,0.0,0,0,0,0,"bluesky,hackernews,newsrss,reddit",
30d,0.0,0.0,NYC Department for the Aging,report,,Feasibility Study on Creating Older Adult Information Points,,https://www.nyc.gov/assets/dfta/downloads/pdf/news-reports/Local-Law-134-of-2025-Feasibility-Study-on-Creating-Older-Adult-Information-Points-FINAL.pdf,https://www.nyc.gov/assets/dfta/downloads/pdf/news-reports/Local-Law-134-of-2025-Feasibility-Study-on-Creating-Older-Adult-Information-Points-FINAL.pdf,pdf,no public link pickups found in checked sources,0.0,0,0,0,0,"bluesky,hackernews,newsrss,reddit",,0.0,0,0,0,0,"bluesky,hackernews,newsrss,reddit",,0.0,0,0,0,0,"bluesky,hackernews,newsrss,reddit",
30d,0.0,0.0,NYC Department for the Aging,report,,U.S. & NYC Older Adult Population Comparison 2023,,https://www.nyc.gov/assets/dfta/downloads/pdf/reports/Older-Adult-Snapshot Vertical-3-pager.pdf,https://www.nyc.gov/assets/dfta/downloads/pdf/reports/Older-Adult-Snapshot Vertical-3-pager.pdf,pdf,no public link pickups found in checked sources,0.0,0,0,0,0,"bluesky,hackernews,newsrss,reddit",,0.0,0,0,0,0,"bluesky,hackernews,newsrss,reddit",,0.0,0,0,0,0,"bluesky,hackernews,newsrss,reddit",
30d,0.0,0.0,NYC Department for the Aging,report,,Know Your Rights Pamphlet 2025 Outreach Report,,https://www.nyc.gov/assets/dfta/downloads/pdf/reports/Local Law 21_Know Your Rights Pamphlet_8.5.25.pdf,https://www.nyc.gov/assets/dfta/downloads/pdf/reports/Local Law 21_Know Your Rights Pamphlet_8.5.25.pdf,pdf,no public link pickups found in checked sources,0.0,0,0,0,0,"bluesky,hackernews,newsrss,reddit",,0.0,0,0,0,0,"bluesky,hackernews,newsrss,reddit",,0.0,0,0,0,0,"bluesky,hackernews,newsrss,reddit",
30d,0.0,0.0,NYC Department for the Aging,report,,Know Your Rights Pamphlet 2024 Outreach Report,,https://www.nyc.gov/assets/dfta/downloads/pdf/reports/Local Law 21_Know Your Rights Pamphlet_8.21.24_FINAL.pdf,https://www.nyc.gov/assets/dfta/downloads/pdf/reports/Local Law 21_Know Your Rights Pamphlet_8.21.24_FINAL.pdf,pdf,no public link pickups found in checked sources,0.0,0,0,0,0,"bluesky,hackernews,newsrss,reddit",,0.0,0,0,0,0,"bluesky,hackernews,newsrss,reddit",,0.0,0,0,0,0,"bluesky,hackernews,newsrss,reddit",
30d,0.0,0.0,NYC Department for the Aging,report,,Age-friendly NYC: New Commitments for a City for All Ages,,https://www.nyc.gov/assets/dfta/downloads/pdf/publications/AgeFriendlyNYC2017.pdf,https://www.nyc.gov/assets/dfta/downloads/pdf/publications/AgeFriendlyNYC2017.pdf,pdf,no public link pickups found in checked sources,0.0,0,0,0,0,"bluesky,hackernews,newsrss,reddit",,0.0,0,0,0,0,"bluesky,hackernews,newsrss,reddit",,0.0,0,0,0,0,"bluesky,hackernews,newsrss,reddit",
30d,0.0,0.0,NYC Department for the Aging,report,,Annual Plan Summary 2025,,https://www.nyc.gov/assets/dfta/downloads/pdf/reports/Four_Year_Plan_Summary_Published_September_2025.pdf,https://www.nyc.gov/assets/dfta/downloads/pdf/reports/Four_Year_Plan_Summary_Published_September_2025.pdf,pdf,no public link pickups found in checked sources,0.0,0,0,0,0,"bluesky,hackernews,newsrss,reddit",,0.0,0,0,0,0,"bluesky,hackernews,newsrss,reddit",,0.0,0,0,0,0,"bluesky,hackernews,newsrss,reddit",
30d,0.0,0.0,NYC Department for the Aging,report,,Annual Plan Summary 2025 in Chinese,,https://www.nyc.gov/assets/dfta/downloads/pdf/reports/Four_Year_Plan_Summary_Chinese_2025.pdf,https://www.nyc.gov/assets/dfta/downloads/pdf/reports/Four_Year_Plan_Summary_Chinese_2025.pdf,pdf,no public link pickups found in checked sources,0.0,0,0,0,0,"bluesky,hackernews,newsrss,reddit",,0.0,0,0,0,0,"bluesky,hackernews,newsrss,reddit",,0.0,0,0,0,0,"bluesky,hackernews,newsrss,reddit",
30d,0.0,0.0,NYC Department for the Aging,report,,Annual Plan Summary 2025 in Spanish,,https://www.nyc.gov/assets/dfta/downloads/pdf/reports/Four_Year_Plan_Summary_Spanish_2025.pdf,https://www.nyc.gov/assets/dfta/downloads/pdf/reports/Four_Year_Plan_Summary_Spanish_2025.pdf,pdf,no public link pickups found in checked sources,0.0,0,0,0,0,"bluesky,hackernews,newsrss,reddit",,0.0,0,0,0,0,"bluesky,hackernews,newsrss,reddit",,0.0,0,0,0,0,"bluesky,hackernews,newsrss,reddit",
30d,0.0,0.0,NYC Department for the Aging,report,,Annual Plan Summary 2024,,https://www.nyc.gov/assets/dfta/downloads/pdf/reports/2024-Annual-Plan-Summary-Published-09-2024.pdf,https://www.nyc.gov/assets/dfta/downloads/pdf/reports/2024-Annual-Plan-Summary-Published-09-2024.pdf,pdf,no public link pickups found in checked sources,0.0,0,0,0,0,"bluesky,hackernews,newsrss,reddit",,0.0,0,0,0,0,"bluesky,hackernews,newsrss,reddit",,0.0,0,0,0,0,"bluesky,hackernews,newsrss,reddit",
30d,0.0,0.0,NYC Department for the Aging,report,,Annual Plan Summary 2024 in Spanish,,https://www.nyc.gov/assets/dfta/downloads/pdf/reports/2024-Annual-Plan-Summary-Published-09-2024-Spanish.pdf,https://www.nyc.gov/assets/dfta/downloads/pdf/reports/2024-Annual-Plan-Summary-Published-09-2024-Spanish.pdf,pdf,no public link pickups found in checked sources,0.0,0,0,0,0,"bluesky,hackernews,newsrss,reddit",,0.0,0,0,0,0,"bluesky,hackernews,newsrss,reddit",,0.0,0,0,0,0,"bluesky,hackernews,newsrss,reddit",
30d,0.0,0.0,NYC Department for the Aging,report,,Annual Plan Summary 2023 in Chinese,,https://www.nyc.gov/assets/dfta/downloads/pdf/news-reports/2023AnnualPlanSummary20230921-chs.pdf,https://www.nyc.gov/assets/dfta/downloads/pdf/news-reports/2023AnnualPlanSummary20230921-chs.pdf,pdf,no public link pickups found in checked sources,0.0,0,0,0,0,"bluesky,hackernews,newsrss,reddit",,0.0,0,0,0,0,"bluesky,hackernews,newsrss,reddit",,0.0,0,0,0,0,"bluesky,hackernews,newsrss,reddit",
30d,0.0,0.0,NYC Department for the Aging,report,,Annual Plan Summary 2023 in Spanish,,https://www.nyc.gov/assets/dfta/downloads/pdf/news-reports/2023AnnualPlanSummary20230921-es.pdf,https://www.nyc.gov/assets/dfta/downloads/pdf/news-reports/2023AnnualPlanSummary20230921-es.pdf,pdf,no public link pickups found in checked sources,0.0,0,0,0,0,"bluesky,hackernews,newsrss,reddit",,0.0,0,0,0,0,"bluesky,hackernews,newsrss,reddit",,0.0,0,0,0,0,"bluesky,hackernews,newsrss,reddit",
30d,0.0,0.0,NYC Department for the Aging,report,,Annual Plan Summary 2022,,https://www.nyc.gov/assets/dfta/downloads/pdf/reports/APS_2022_Final_10_2022.pdf,https://www.nyc.gov/assets/dfta/downloads/pdf/reports/APS_2022_Final_10_2022.pdf,pdf,no public link pickups found in checked sources,0.0,0,0,0,0,"bluesky,hackernews,newsrss,reddit",,0.0,0,0,0,0,"bluesky,hackernews,newsrss,reddit",,0.0,0,0,0,0,"bluesky,hackernews,newsrss,reddit",
30d,0.0,0.0,NYC Department for the Aging,report,,Annual Plan Summary 2021,,https://www.nyc.gov/assets/dfta/downloads/pdf/reports/APS_2021_Final_Draft_11_2021.pdf,https://www.nyc.gov/assets/dfta/downloads/pdf/reports/APS_2021_Final_Draft_11_2021.pdf,pdf,no public link pickups found in checked sources,0.0,0,0,0,0,"bluesky,hackernews,newsrss,reddit",,0.0,0,0,0,0,"bluesky,hackernews,newsrss,reddit",,0.0,0,0,0,0,"bluesky,hackernews,newsrss,reddit",
30d,0.0,0.0,NYC Department for the Aging,report,,Annual Plan Summary 2020,,https://www.nyc.gov/assets/dfta/downloads/pdf/reports/AnnualPlanSummary111820.pdf,https://www.nyc.gov/assets/dfta/downloads/pdf/reports/AnnualPlanSummary111820.pdf,pdf,no public link pickups found in checked sources,0.0,0,0,0,0,"bluesky,hackernews,newsrss,reddit",,0.0,0,0,0,0,"bluesky,hackernews,newsrss,reddit",,0.0,0,0,0,0,"bluesky,hackernews,newsrss,reddit",
30d,0.0,0.0,NYC Department for the Aging,report,,Introducing a Fresh Approach to Dining for Older Adults,,https://www.nyc.gov/assets/dfta/downloads/pdf/news-reports/ACL-POP-UP-v2.pdf,https://www.nyc.gov/assets/dfta/downloads/pdf/news-reports/ACL-POP-UP-v2.pdf,pdf,no public link pickups found in checked sources,0.0,0,0,0,0,"bluesky,hackernews,newsrss,reddit",,0.0,0,0,0,0,"bluesky,hackernews,newsrss,reddit",,0.0,0,0,0,0,"bluesky,hackernews,newsrss,reddit",
30d,0.0,0.0,NYC Department for the Aging,report,,Profile of Older New Yorkers,,https://www.nyc.gov/assets/dfta/downloads/pdf/reports/PONY_11062023.pdf,https://www.nyc.gov/assets/dfta/downloads/pdf/reports/PONY_11062023.pdf,pdf,no public link pickups found in checked sources,0.0,0,0,0,0,"bluesky,hackernews,newsrss,reddit",,0.0,0,0,0,0,"bluesky,hackernews,newsrss,reddit",,0.0,0,0,0,0,"bluesky,hackernews,newsrss,reddit",
30d,0.0,0.0,NYC Department for the Aging,report,,A Plan to Support Unpaid Caregivers in New York City (2021),,https://www.nyc.gov/assets/dfta/downloads/pdf/news-reports/LL97RevisedCaregiverSupportPlan2021.pdf,https://www.nyc.gov/assets/dfta/downloads/pdf/news-reports/LL97RevisedCaregiverSupportPlan2021.pdf,pdf,no public link pickups found in checked sources,0.0,0,0,0,0,"bluesky,hackernews,newsrss,reddit",,0.0,0,0,0,0,"bluesky,hackernews,newsrss,reddit",,0.0,0,0,0,0,"bluesky,hackernews,newsrss,reddit",
30d,0.0,0.0,NYC Department for the Aging,report,,Scam Prevention Financial Literacy Tips,,https://www.nyc.gov/assets/dfta/downloads/pdf/publications/SCAM_PREVENTION_FINANCIAL_LITERACY_TIPS_WEB(1).pdf,https://www.nyc.gov/assets/dfta/downloads/pdf/publications/SCAM_PREVENTION_FINANCIAL_LITERACY_TIPS_WEB(1).pdf,pdf,no public link pickups found in checked sources,0.0,0,0,0,0,"bluesky,hackernews,newsrss,reddit",,0.0,0,0,0,0,"bluesky,hackernews,newsrss,reddit",,0.0,0,0,0,0,"bluesky,hackernews,newsrss,reddit",
30d,0.0,0.0,NYC Department for the Aging,report,,The New York City Department for the Aging (NYC Aging) brochure,,https://www.nyc.gov/assets/dfta/downloads/pdf/publications/Aug_ 2023-EN.pdf,https://www.nyc.gov/assets/dfta/downloads/pdf/publications/Aug_ 2023-EN.pdf,pdf,no public link pickups found in checked sources,0.0,0,0,0,0,"bluesky,hackernews,newsrss,reddit",,0.0,0,0,0,0,"bluesky,hackernews,newsrss,reddit",,0.0,0,0,0,0,"bluesky,hackernews,newsrss,reddit",
30d,0.0,0.0,NYC Department for the Aging,report,,El Departamento para Personas Mayores (NYC Aging) folleto,,https://www.nyc.gov/assets/dfta/downloads/pdf/publications/Aug_2023_sp-ES.pdf,https://www.nyc.gov/assets/dfta/downloads/pdf/publications/Aug_2023_sp-ES.pdf,pdf,no public link pickups found in checked sources,0.0,0,0,0,0,"bluesky,hackernews,newsrss,reddit",,0.0,0,0,0,0,"bluesky,hackernews,newsrss,reddit",,0.0,0,0,0,0,"bluesky,hackernews,newsrss,reddit",
30d,0.0,0.0,NYC Department for the Aging,report,,Деятельность Департамента по делам пожилых города Нью- Йорка (NYC Aging) брошюра,,https://www.nyc.gov/assets/dfta/downloads/pdf/publications/Aug_2023_RU.pdf,https://www.nyc.gov/assets/dfta/downloads/pdf/publications/Aug_2023_RU.pdf,pdf,no public link pickups found in checked sources,0.0,0,0,0,0,"bluesky,hackernews,newsrss,reddit",,0.0,0,0,0,0,"bluesky,hackernews,newsrss,reddit",,0.0,0,0,0,0,"bluesky,hackernews,newsrss,reddit",
30d,0.0,0.0,NYC Department for the Aging,report,,纽约市老龄局（NYC Aging) 小册子,,https://www.nyc.gov/assets/dfta/downloads/pdf/publications/Nov_2023-ch-CN.pdf,https://www.nyc.gov/assets/dfta/downloads/pdf/publications/Nov_2023-ch-CN.pdf,pdf,no public link pickups found in checked sources,0.0,0,0,0,0,"bluesky,hackernews,newsrss,reddit",,0.0,0,0,0,0,"bluesky,hackernews,newsrss,reddit",,0.0,0,0,0,0,"bluesky,hackernews,newsrss,reddit",
30d,0.0,0.0,NYC Department for the Aging,report,,Ni'u iẏarka siṭi ḍipārṭamēnṭa phara dya ējiṁ (NYC Aging) brōśāra,,https://www.nyc.gov/assets/dfta/downloads/pdf/publications/Aug_2023-BN.pdf,https://www.nyc.gov/assets/dfta/downloads/pdf/publications/Aug_2023-BN.pdf,pdf,no public link pickups found in checked sources,0.0,0,0,0,0,"bluesky,hackernews,newsrss,reddit",,0.0,0,0,0,0,"bluesky,hackernews,newsrss,reddit",,0.0,0,0,0,0,"bluesky,hackernews,newsrss,reddit",
30d,0.0,0.0,NYC Department for the Aging,report,,La brochure du New York City Department for the Aging (NYC Aging),,https://www.nyc.gov/assets/dfta/downloads/pdf/publications/Nov_2023_French.pdf,https://www.nyc.gov/assets/dfta/downloads/pdf/publications/Nov_2023_French.pdf,pdf,no public link pickups found in checked sources,0.0,0,0,0,0,"bluesky,hackernews,newsrss,reddit",,0.0,0,0,0,0,"bluesky,hackernews,newsrss,reddit",,0.0,0,0,0,0,"bluesky,hackernews,newsrss,reddit",
30d,0.0,0.0,NYC Department for the Aging,report,,Bwochi Depatman Aje Vil Nouyòk (NYC Aging),,https://www.nyc.gov/assets/dfta/downloads/pdf/publications/Aug_2023_Creole.pdf,https://www.nyc.gov/assets/dfta/downloads/pdf/publications/Aug_2023_Creole.pdf,pdf,no public link pickups found in checked sources,0.0,0,0,0,0,"bluesky,hackernews,newsrss,reddit",,0.0,0,0,0,0,"bluesky,hackernews,newsrss,reddit",,0.0,0,0,0,0,"bluesky,hackernews,newsrss,reddit",
30d,0.0,0.0,NYC Department for the Aging,report,,뉴욕시 고령화부(NYC Aging) 브로셔,,https://www.nyc.gov/assets/dfta/downloads/pdf/publications/Aug_2023-KO.pdf,https://www.nyc.gov/assets/dfta/downloads/pdf/publications/Aug_2023-KO.pdf,pdf,no public link pickups found in checked sources,0.0,0,0,0,0,"bluesky,hackernews,newsrss,reddit",,0.0,0,0,0,0,"bluesky,hackernews,newsrss,reddit",,0.0,0,0,0,0,"bluesky,hackernews,newsrss,reddit",
30d,0.0,0.0,NYC Department for the Aging,report,,Broszura Departamentu ds. Starzenia się Miasta Nowy Jork (NYC Aging),,https://www.nyc.gov/assets/dfta/downloads/pdf/publications/Aug_2023-PL.pdf,https://www.nyc.gov/assets/dfta/downloads/pdf/publications/Aug_2023-PL.pdf,pdf,no public link pickups found in checked sources,0.0,0,0,0,0,"bluesky,hackernews,newsrss,reddit",,0.0,0,0,0,0,"bluesky,hackernews,newsrss,reddit",,0.0,0,0,0,0,"bluesky,hackernews,newsrss,reddit",
30d,0.0,0.0,NYC Department for the Aging,report,,كتيب إدارة مدينة نيويورك للشيخوخة (NYC Aging),,https://www.nyc.gov/assets/dfta/downloads/pdf/publications/Aug_2023-AR.pdf,https://www.nyc.gov/assets/dfta/downloads/pdf/publications/Aug_2023-AR.pdf,pdf,no public link pickups found in checked sources,0.0,0,0,0,0,"bluesky,hackernews,newsrss,reddit",,0.0,0,0,0,0,"bluesky,hackernews,newsrss,reddit",,0.0,0,0,0,0,"bluesky,hackernews,newsrss,reddit",
30d,0.0,0.0,NYC Department for the Aging,report,,نیو یارک سٹی ڈیپارٹمنٹ فار دی ایجنگ (NYC Aging) بروشر,,https://www.nyc.gov/assets/dfta/downloads/pdf/publications/Aug_2023-UR.pdf,https://www.nyc.gov/assets/dfta/downloads/pdf/publications/Aug_2023-UR.pdf,pdf,no public link pickups found in checked sources,0.0,0,0,0,0,"bluesky,hackernews,newsrss,reddit",,0.0,0,0,0,0,"bluesky,hackernews,newsrss,reddit",,0.0,0,0,0,0,"bluesky,hackernews,newsrss,reddit",
30d,0.0,0.0,NYC Department of Youth & Community Development,report,,2025 Annual Report,,https://www.nyc.gov/assets/dycd/downloads/pdf/annual_reports/2025_Annual_Report.pdf,https://www.nyc.gov/assets/dycd/downloads/pdf/annual_reports/2025_Annual_Report.pdf,pdf,no public link pickups found in checked sources,0.0,0,0,0,0,"bluesky,hackernews,newsrss,reddit",,0.0,0,0,0,0,"bluesky,hackernews,newsrss,reddit",,0.0,0,0,0,0,"bluesky,hackernews,newsrss,reddit",
30d,0.0,0.0,NYC Department of Youth & Community Development,report,,2024 Annual Report,,https://www.nyc.gov/assets/dycd/downloads/pdf/annual_reports/2024_Annual_Report.pdf,https://www.nyc.gov/assets/dycd/downloads/pdf/annual_reports/2024_Annual_Report.pdf,pdf,no public link pickups found in checked sources,0.0,0,0,0,0,"bluesky,hackernews,newsrss,reddit",,0.0,0,0,0,0,"bluesky,hackernews,newsrss,reddit",,0.0,0,0,0,0,"bluesky,hackernews,newsrss,reddit",
30d,0.0,0.0,NYC Department of Youth & Community Development,report,,2023 Dycd Annual Report,,https://www.nyc.gov/assets/dycd/downloads/pdf/annual_reports/2023_DYCD_Annual_Report.pdf,https://www.nyc.gov/assets/dycd/downloads/pdf/annual_reports/2023_DYCD_Annual_Report.pdf,pdf,no public link pickups found in checked sources,0.0,0,0,0,0,"bluesky,hackernews,newsrss,reddit",,0.0,0,0,0,0,"bluesky,hackernews,newsrss,reddit",,0.0,0,0,0,0,"bluesky,hackernews,newsrss,reddit",
30d,0.0,0.0,NYC Department of Youth & Community Development,report,,2022 Annual Report,,https://www.nyc.gov/assets/dycd/downloads/pdf/annual_reports/Annual_Report_2022.pdf,https://www.nyc.gov/assets/dycd/downloads/pdf/annual_reports/Annual_Report_2022.pdf,pdf,no public link pickups found in checked sources,0.0,0,0,0,0,"bluesky,hackernews,newsrss,reddit",,0.0,0,0,0,0,"bluesky,hackernews,newsrss,reddit",,0.0,0,0,0,0,"bluesky,hackernews,newsrss,reddit",
30d,0.0,0.0,NYC Department of Transportation,report,,Connected NYC: A Vision for Safer and More Equitable Streets (2025),,https://www.nyc.gov/html/dot/downloads/pdf/connected-nyc.pdf,https://www.nyc.gov/html/dot/downloads/pdf/connected-nyc.pdf,pdf,no public link pickups found in checked sources,0.0,0,0,0,0,"bluesky,hackernews,newsrss,reddit",,0.0,0,0,0,0,"bluesky,hackernews,newsrss,reddit",,0.0,0,0,0,0,"bluesky,hackernews,newsrss,reddit",
30d,0.0,0.0,NYC Department of Transportation,report,,"Connecting to the Core: Safer, Greener, and More Convenient Access to the Manhattan Central Business District (one-page layout)",,https://www.nyc.gov/html/dot/downloads/pdf/connecting-to-the-core.pdf,https://www.nyc.gov/html/dot/downloads/pdf/connecting-to-the-core.pdf,pdf,no public link pickups found in checked sources,0.0,0,0,0,0,"bluesky,hackernews,newsrss,reddit",,0.0,0,0,0,0,"bluesky,hackernews,newsrss,reddit",,0.0,0,0,0,0,"bluesky,hackernews,newsrss,reddit",
30d,0.0,0.0,NYC Department of Transportation,report,,"Connecting to the Core: Safer, Greener, and More Convenient Access to the Manhattan Central Business District (two-page layout)",,https://www.nyc.gov/html/dot/downloads/pdf/connecting-to-the-core-2page.pdf,https://www.nyc.gov/html/dot/downloads/pdf/connecting-to-the-core-2page.pdf,pdf,no public link pickups found in checked sources,0.0,0,0,0,0,"bluesky,hackernews,newsrss,reddit",,0.0,0,0,0,0,"bluesky,hackernews,newsrss,reddit",,0.0,0,0,0,0,"bluesky,hackernews,newsrss,reddit",
30d,0.0,0.0,NYC Department of Transportation,report,,Curb Management Action Plan (2023),,https://www.nyc.gov/html/dot/downloads/pdf/curb-management-action-plan.pdf,https://www.nyc.gov/html/dot/downloads/pdf/curb-management-action-plan.pdf,pdf,no public link pickups found in checked sources,0.0,0,0,0,0,"bluesky,hackernews,newsrss,reddit",,0.0,0,0,0,0,"bluesky,hackernews,newsrss,reddit",,0.0,0,0,0,0,"bluesky,hackernews,newsrss,reddit",
30d,0.0,0.0,NYC Department of Transportation,report,,Greater Greenways: NYC Greenway Plan (2025),,https://www.nyc.gov/html/dot/downloads/pdf/greater-greenways.pdf,https://www.nyc.gov/html/dot/downloads/pdf/greater-greenways.pdf,pdf,no public link pickups found in checked sources,0.0,0,0,0,0,"bluesky,hackernews,newsrss,reddit",,0.0,0,0,0,0,"bluesky,hackernews,newsrss,reddit",,0.0,0,0,0,0,"bluesky,hackernews,newsrss,reddit",
30d,0.0,0.0,NYC Department of Transportation,report,,Greater Greenways: NYC Greenway Plan (spread),,https://www.nyc.gov/html/dot/downloads/pdf/greater-greenways-spread.pdf,https://www.nyc.gov/html/dot/downloads/pdf/greater-greenways-spread.pdf,pdf,no public link pickups found in checked sources,0.0,0,0,0,0,"bluesky,hackernews,newsrss,reddit",,0.0,0,0,0,0,"bluesky,hackernews,newsrss,reddit",,0.0,0,0,0,0,"bluesky,hackernews,newsrss,reddit",
30d,0.0,0.0,NYC Department of Transportation,report,,Harlem River Greenway Implementation Plan (2025),,https://www.nyc.gov/html/dot/downloads/pdf/harlem-river-greenway-implementation-plan.pdf,https://www.nyc.gov/html/dot/downloads/pdf/harlem-river-greenway-implementation-plan.pdf,pdf,no public link pickups found in checked sources,0.0,0,0,0,0,"bluesky,hackernews,newsrss,reddit",,0.0,0,0,0,0,"bluesky,hackernews,newsrss,reddit",,0.0,0,0,0,0,"bluesky,hackernews,newsrss,reddit",
30d,0.0,0.0,NYC Department of Transportation,report,,Download the 2021 Green Wave Progress report,,https://www.nyc.gov/html/dot/downloads/pdf/green-wave-progress-report-2021.pdf,https://www.nyc.gov/html/dot/downloads/pdf/green-wave-progress-report-2021.pdf,pdf,no public link pickups found in checked sources,0.0,0,0,0,0,"bluesky,hackernews,newsrss,reddit",,0.0,0,0,0,0,"bluesky,hackernews,newsrss,reddit",,0.0,0,0,0,0,"bluesky,hackernews,newsrss,reddit",
30d,0.0,0.0,NYC Department of Transportation,report,,Download the 2019 Green Wave Progress report,,https://www.nyc.gov/html/dot/downloads/pdf/green-wave-report-feb2020.pdf,https://www.nyc.gov/html/dot/downloads/pdf/green-wave-report-feb2020.pdf,pdf,no public link pickups found in checked sources,0.0,0,0,0,0,"bluesky,hackernews,newsrss,reddit",,0.0,0,0,0,0,"bluesky,hackernews,newsrss,reddit",,0.0,0,0,0,0,"bluesky,hackernews,newsrss,reddit",
30d,0.0,0.0,NYC Department of Transportation,report,,Green Wave: A Plan for Cycling in New York City report,,https://www.nyc.gov/html/dot/downloads/pdf/bike-safety-plan.pdf,https://www.nyc.gov/html/dot/downloads/pdf/bike-safety-plan.pdf,pdf,no public link pickups found in checked sources,0.0,0,0,0,0,"bluesky,hackernews,newsrss,reddit",,0.0,0,0,0,0,"bluesky,hackernews,newsrss,reddit",,0.0,0,0,0,0,"bluesky,hackernews,newsrss,reddit",
30d,0.0,0.0,NYC Department of Transportation,report,,Jamaica NOW: Urban Design Strategy and Streetscape Plan (2023),,https://www.nyc.gov/html/dot/downloads/pdf/jamaica-now.pdf,https://www.nyc.gov/html/dot/downloads/pdf/jamaica-now.pdf,pdf,no public link pickups found in checked sources,0.0,0,0,0,0,"bluesky,hackernews,newsrss,reddit",,0.0,0,0,0,0,"bluesky,hackernews,newsrss,reddit",,0.0,0,0,0,0,"bluesky,hackernews,newsrss,reddit",
30d,0.0,0.0,NYC Department of Transportation,report,,"Reimagine the Cross Bronx Expressway: Connected, Safe, Healthy Communities Final Vision (March 2025)",,https://www.nyc.gov/html/dot/downloads/pdf/reimagine-cross-bronx-final-vision.pdf,https://www.nyc.gov/html/dot/downloads/pdf/reimagine-cross-bronx-final-vision.pdf,pdf,no public link pickups found in checked sources,0.0,0,0,0,0,"bluesky,hackernews,newsrss,reddit",,0.0,0,0,0,0,"bluesky,hackernews,newsrss,reddit",,0.0,0,0,0,0,"bluesky,hackernews,newsrss,reddit",
30d,0.0,0.0,NYC Department of Transportation,report,,2023 Borough Pedestrian Safety Action Plans Update,,https://www.nyc.gov/html/dot/downloads/pdf/ped-safety-action-plan-update-2023.pdf,https://www.nyc.gov/html/dot/downloads/pdf/ped-safety-action-plan-update-2023.pdf,pdf,no public link pickups found in checked sources,0.0,0,0,0,0,"bluesky,hackernews,newsrss,reddit",,0.0,0,0,0,0,"bluesky,hackernews,newsrss,reddit",,0.0,0,0,0,0,"bluesky,hackernews,newsrss,reddit",
30d,0.0,0.0,NYC Department of Transportation,report,,Safe Streets for Cycling: How Street Design Affects Bicycle Safety and Ridership (2021),,https://www.nyc.gov/html/dot/downloads/pdf/safe-streets-for-cycling.pdf,https://www.nyc.gov/html/dot/downloads/pdf/safe-streets-for-cycling.pdf,pdf,no public link pickups found in checked sources,0.0,0,0,0,0,"bluesky,hackernews,newsrss,reddit",,0.0,0,0,0,0,"bluesky,hackernews,newsrss,reddit",,0.0,0,0,0,0,"bluesky,hackernews,newsrss,reddit",
30d,0.0,0.0,NYC Department of Transportation,report,,Safer Cycling: Bicycle Ridership and Safety in New York City (2017),,https://www.nyc.gov/html/dot/downloads/pdf/bike-safety-study-fullreport2017.pdf,https://www.nyc.gov/html/dot/downloads/pdf/bike-safety-study-fullreport2017.pdf,pdf,no public link pickups found in checked sources,0.0,0,0,0,0,"bluesky,hackernews,newsrss,reddit",,0.0,0,0,0,0,"bluesky,hackernews,newsrss,reddit",,0.0,0,0,0,0,"bluesky,hackernews,newsrss,reddit",
30d,0.0,0.0,NYC Department of Transportation,report,,Electric Vehicle Advisory Committee Report: 2016 Recommendations,,https://www.nyc.gov/html/dot/downloads/pdf/electric-vehicle-report-oct2016.pdf,https://www.nyc.gov/html/dot/downloads/pdf/electric-vehicle-report-oct2016.pdf,pdf,no public link pickups found in checked sources,0.0,0,0,0,0,"bluesky,hackernews,newsrss,reddit",,0.0,0,0,0,0,"bluesky,hackernews,newsrss,reddit",,0.0,0,0,0,0,"bluesky,hackernews,newsrss,reddit",
30d,0.0,0.0,NYC Department of Transportation,report,,Electric Vehicle Advisory Committee Report: 2015 Recommendations,,https://www.nyc.gov/html/dot/downloads/pdf/2015-electric-vehicle-report.pdf,https://www.nyc.gov/html/dot/downloads/pdf/2015-electric-vehicle-report.pdf,pdf,no public link pickups found in checked sources,0.0,0,0,0,0,"bluesky,hackernews,newsrss,reddit",,0.0,0,0,0,0,"bluesky,hackernews,newsrss,reddit",,0.0,0,0,0,0,"bluesky,hackernews,newsrss,reddit",
30d,0.0,0.0,NYC Department of Transportation,report,,Equity and Street Safety: How Communities of Color and Low Income Communities Have Become Safer (pdf),,https://www.nyc.gov/html/dot/downloads/pdf/equity-and-street-safety.pdf,https://www.nyc.gov/html/dot/downloads/pdf/equity-and-street-safety.pdf,pdf,no public link pickups found in checked sources,0.0,0,0,0,0,"bluesky,hackernews,newsrss,reddit",,0.0,0,0,0,0,"bluesky,hackernews,newsrss,reddit",,0.0,0,0,0,0,"bluesky,hackernews,newsrss,reddit",
30d,0.0,0.0,NYC Department of Transportation,report,,"Safer Charging, Safer Deliveries: Lessons from NYC DOT”s Public E-Bike Charging Pilot (pdf)",,https://www.nyc.gov/html/dot/downloads/pdf/safer-charging-safer-deliveries.pdf,https://www.nyc.gov/html/dot/downloads/pdf/safer-charging-safer-deliveries.pdf,pdf,no public link pickups found in checked sources,0.0,0,0,0,0,"bluesky,hackernews,newsrss,reddit",,0.0,0,0,0,0,"bluesky,hackernews,newsrss,reddit",,0.0,0,0,0,0,"bluesky,hackernews,newsrss,reddit",
30d,0.0,0.0,NYC Department of Transportation,report,,Open Streets 2025 Recap Report (pdf),,https://www.nyc.gov/html/dot/downloads/pdf/open-streets-recap-report.pdf,https://www.nyc.gov/html/dot/downloads/pdf/open-streets-recap-report.pdf,pdf,no public link pickups found in checked sources,0.0,0,0,0,0,"bluesky,hackernews,newsrss,reddit",,0.0,0,0,0,0,"bluesky,hackernews,newsrss,reddit",,0.0,0,0,0,0,"bluesky,hackernews,newsrss,reddit",
30d,0.0,0.0,NYC Department of Transportation,report,,Streets for Recovery: The Economic Benefits of the NYC Open Streets Program (pdf),,https://www.nyc.gov/html/dot/downloads/pdf/streets-for-recovery.pdf,https://www.nyc.gov/html/dot/downloads/pdf/streets-for-recovery.pdf,pdf,no public link pickups found in checked sources,0.0,0,0,0,0,"bluesky,hackernews,newsrss,reddit",,0.0,0,0,0,0,"bluesky,hackernews,newsrss,reddit",,0.0,0,0,0,0,"bluesky,hackernews,newsrss,reddit",
30d,0.0,0.0,NYC Department of Transportation,report,,Streets for Recovery: The Economic Benefits of the NYC Open Streets Program - Report Data (pdf),,https://www.nyc.gov/html/dot/downloads/pdf/streets-for-recovery-report-data.pdf,https://www.nyc.gov/html/dot/downloads/pdf/streets-for-recovery-report-data.pdf,pdf,no public link pickups found in checked sources,0.0,0,0,0,0,"bluesky,hackernews,newsrss,reddit",,0.0,0,0,0,0,"bluesky,hackernews,newsrss,reddit",,0.0,0,0,0,0,"bluesky,hackernews,newsrss,reddit",
30d,0.0,0.0,NYC Department of Transportation,report,,Safety Treatment Evaluation (2005-2018) (pdf),,https://www.nyc.gov/html/dot/downloads/pdf/safety-treatment-evaluation-2005-2018.pdf,https://www.nyc.gov/html/dot/downloads/pdf/safety-treatment-evaluation-2005-2018.pdf,pdf,no public link pickups found in checked sources,0.0,0,0,0,0,"bluesky,hackernews,newsrss,reddit",,0.0,0,0,0,0,"bluesky,hackernews,newsrss,reddit",,0.0,0,0,0,0,"bluesky,hackernews,newsrss,reddit",
30d,0.0,0.0,NYC Department of Transportation,report,,Download the Vision Zero 2018 DOT and NYPD Accomplishments (pdf),,https://www.nyc.gov/html/dot/downloads/pdf/vz-accomplishments-core-outputs-2018.pdf,https://www.nyc.gov/html/dot/downloads/pdf/vz-accomplishments-core-outputs-2018.pdf,pdf,no public link pickups found in checked sources,0.0,0,0,0,0,"bluesky,hackernews,newsrss,reddit",,0.0,0,0,0,0,"bluesky,hackernews,newsrss,reddit",,0.0,0,0,0,0,"bluesky,hackernews,newsrss,reddit",
30d,0.0,0.0,NYC Department of Transportation,report,,Download the Vision Zero 2017 DOT and NYPD Accomplishments (pdf),,https://www.nyc.gov/html/dot/downloads/pdf/vz-accomplishments-core-outputs-2017.pdf,https://www.nyc.gov/html/dot/downloads/pdf/vz-accomplishments-core-outputs-2017.pdf,pdf,no public link pickups found in checked sources,0.0,0,0,0,0,"bluesky,hackernews,newsrss,reddit",,0.0,0,0,0,0,"bluesky,hackernews,newsrss,reddit",,0.0,0,0,0,0,"bluesky,hackernews,newsrss,reddit",
30d,0.0,0.0,NYC Department of Transportation,report,,Download the Vision Zero 2016 DOT and NYPD Accomplishments (pdf),,https://www.nyc.gov/html/dot/downloads/pdf/vz-accomplishments-core-outputs-2016.pdf,https://www.nyc.gov/html/dot/downloads/pdf/vz-accomplishments-core-outputs-2016.pdf,pdf,no public link pickups found in checked sources,0.0,0,0,0,0,"bluesky,hackernews,newsrss,reddit",,0.0,0,0,0,0,"bluesky,hackernews,newsrss,reddit",,0.0,0,0,0,0,"bluesky,hackernews,newsrss,reddit",
30d,0.0,0.0,NYC Department of Transportation,report,,Download Cycling at a Crossroads (pdf),,https://www.nyc.gov/html/dot/downloads/pdf/cycling-at-a-crossroads-2018.pdf,https://www.nyc.gov/html/dot/downloads/pdf/cycling-at-a-crossroads-2018.pdf,pdf,no public link pickups found in checked sources,0.0,0,0,0,0,"bluesky,hackernews,newsrss,reddit",,0.0,0,0,0,0,"bluesky,hackernews,newsrss,reddit",,0.0,0,0,0,0,"bluesky,hackernews,newsrss,reddit",
30d,0.0,0.0,NYC Department of Transportation,report,,Download Cycling at a Crossroads Appendix (pdf),,https://www.nyc.gov/html/dot/downloads/pdf/cycling-at-a-crossroads-appendix-2018.pdf,https://www.nyc.gov/html/dot/downloads/pdf/cycling-at-a-crossroads-appendix-2018.pdf,pdf,no public link pickups found in checked sources,0.0,0,0,0,0,"bluesky,hackernews,newsrss,reddit",,0.0,0,0,0,0,"bluesky,hackernews,newsrss,reddit",,0.0,0,0,0,0,"bluesky,hackernews,newsrss,reddit",
30d,0.0,0.0,NYC Department of Transportation,report,,Access to Opportunity: A Transportation and Housing Study in the Eastern Rockaways - Final Report,,https://www.nyc.gov/html/dot/downloads/pdf/easternrockaways-access-to-opportunity-final-report.pdf,https://www.nyc.gov/html/dot/downloads/pdf/easternrockaways-access-to-opportunity-final-report.pdf,pdf,no public link pickups found in checked sources,0.0,0,0,0,0,"bluesky,hackernews,newsrss,reddit",,0.0,0,0,0,0,"bluesky,hackernews,newsrss,reddit",,0.0,0,0,0,0,"bluesky,hackernews,newsrss,reddit",
30d,0.0,0.0,NYC Department of Transportation,report,,Download NYC DOT’s Bus Lane Camera Program Report,,https://www.nyc.gov/html/dot/downloads/pdf/bus-lane-camera-report.pdf,https://www.nyc.gov/html/dot/downloads/pdf/bus-lane-camera-report.pdf,pdf,no public link pickups found in checked sources,0.0,0,0,0,0,"bluesky,hackernews,newsrss,reddit",,0.0,0,0,0,0,"bluesky,hackernews,newsrss,reddit",,0.0,0,0,0,0,"bluesky,hackernews,newsrss,reddit",
30d,0.0,0.0,NYC Department of Transportation,report,,Download NYC DOT's Red Light Camera Program Report,,https://www.nyc.gov/html/dot/downloads/pdf/nyc-red-light-camera-program.pdf,https://www.nyc.gov/html/dot/downloads/pdf/nyc-red-light-camera-program.pdf,pdf,no public link pickups found in checked sources,0.0,0,0,0,0,"bluesky,hackernews,newsrss,reddit",,0.0,0,0,0,0,"bluesky,hackernews,newsrss,reddit",,0.0,0,0,0,0,"bluesky,hackernews,newsrss,reddit",
30d,0.0,0.0,NYC Department of Transportation,report,,Download NYC DOT’s Speed Camera Program Report,,https://www.nyc.gov/html/dot/downloads/pdf/speed-camera-report.pdf,https://www.nyc.gov/html/dot/downloads/pdf/speed-camera-report.pdf,pdf,no public link pickups found in checked sources,0.0,0,0,0,0,"bluesky,hackernews,newsrss,reddit",,0.0,0,0,0,0,"bluesky,hackernews,newsrss,reddit",,0.0,0,0,0,0,"bluesky,hackernews,newsrss,reddit",
30d,0.0,0.0,NYC Department of Transportation,report,,New York City Weigh-in-Motion Automated Enforcement Program – 2024 Report (pdf),,https://www.nyc.gov/html/dot/downloads/pdf/weigh-in-motion-report.pdf,https://www.nyc.gov/html/dot/downloads/pdf/weigh-in-motion-report.pdf,pdf,no public link pickups found in checked sources,0.0,0,0,0,0,"bluesky,hackernews,newsrss,reddit",,0.0,0,0,0,0,"bluesky,hackernews,newsrss,reddit",,0.0,0,0,0,0,"bluesky,hackernews,newsrss,reddit",
30d,0.0,0.0,NYC Department of Transportation,report,,Download the Bicyclists Use of Leading Pedestrian Intervals: Pilot Program Results (pdf),,https://www.nyc.gov/html/dot/downloads/pdf/bike-lpi-study-memo.pdf,https://www.nyc.gov/html/dot/downloads/pdf/bike-lpi-study-memo.pdf,pdf,no public link pickups found in checked sources,0.0,0,0,0,0,"bluesky,hackernews,newsrss,reddit",,0.0,0,0,0,0,"bluesky,hackernews,newsrss,reddit",,0.0,0,0,0,0,"bluesky,hackernews,newsrss,reddit",
30d,0.0,0.0,NYC Department of Transportation,report,,Learn more about the Brooklyn Bridge Promenade Study,,https://www.nyc.gov/html/dot/downloads/pdf/brooklyn-bridge-recommendation-report-dec2017.pdf,https://www.nyc.gov/html/dot/downloads/pdf/brooklyn-bridge-recommendation-report-dec2017.pdf,pdf,no public link pickups found in checked sources,0.0,0,0,0,0,"bluesky,hackernews,newsrss,reddit",,0.0,0,0,0,0,"bluesky,hackernews,newsrss,reddit",,0.0,0,0,0,0,"bluesky,hackernews,newsrss,reddit",
30d,0.0,0.0,NYC Department of Transportation,report,,Download the report on the 2004 Holiday Traffic Plan: Central Park Drive Improvements,,https://www.nyc.gov/html/dot/downloads/pdf/cp_holplan.pdf,https://www.nyc.gov/html/dot/downloads/pdf/cp_holplan.pdf,pdf,no public link pickups found in checked sources,0.0,0,0,0,0,"bluesky,hackernews,newsrss,reddit",,0.0,0,0,0,0,"bluesky,hackernews,newsrss,reddit",,0.0,0,0,0,0,"bluesky,hackernews,newsrss,reddit",
30d,0.0,0.0,NYC Department of Transportation,report,,Download the report on the Closure of Central Park and Prospect Park Park Drives,,https://www.nyc.gov/html/dot/downloads/pdf/centralprospect.pdf,https://www.nyc.gov/html/dot/downloads/pdf/centralprospect.pdf,pdf,no public link pickups found in checked sources,0.0,0,0,0,0,"bluesky,hackernews,newsrss,reddit",,0.0,0,0,0,0,"bluesky,hackernews,newsrss,reddit",,0.0,0,0,0,0,"bluesky,hackernews,newsrss,reddit",
30d,0.0,0.0,NYC Department of Transportation,report,,Download the Commercial Bicyclist Outreach Summary report (pdf),,https://www.nyc.gov/html/dot/downloads/pdf/commercial-bicyclist-outreach-report.pdf,https://www.nyc.gov/html/dot/downloads/pdf/commercial-bicyclist-outreach-report.pdf,pdf,no public link pickups found in checked sources,0.0,0,0,0,0,"bluesky,hackernews,newsrss,reddit",,0.0,0,0,0,0,"bluesky,hackernews,newsrss,reddit",,0.0,0,0,0,0,"bluesky,hackernews,newsrss,reddit",
30d,0.0,0.0,NYC Department of Transportation,report,,Download the Court Street Signal Modification Analysis report,,https://www.nyc.gov/html/dot/downloads/pdf/courtst.pdf,https://www.nyc.gov/html/dot/downloads/pdf/courtst.pdf,pdf,no public link pickups found in checked sources,0.0,0,0,0,0,"bluesky,hackernews,newsrss,reddit",,0.0,0,0,0,0,"bluesky,hackernews,newsrss,reddit",,0.0,0,0,0,0,"bluesky,hackernews,newsrss,reddit",
30d,0.0,0.0,NYC Department of Transportation,report,,Daylighting and Street Safety: An Analysis (pdf),,https://www.nyc.gov/html/dot/downloads/pdf/daylighting-and-street-safety.pdf,https://www.nyc.gov/html/dot/downloads/pdf/daylighting-and-street-safety.pdf,pdf,no public link pickups found in checked sources,0.0,0,0,0,0,"bluesky,hackernews,newsrss,reddit",,0.0,0,0,0,0,"bluesky,hackernews,newsrss,reddit",,0.0,0,0,0,0,"bluesky,hackernews,newsrss,reddit",
30d,0.0,0.0,NYC Department of Transportation,report,,List of NYC Daylighting Locations 2025 (xlsx),,https://www.nyc.gov/html/dot/downloads/excel/daylighting-locations-2025.xlsx,https://www.nyc.gov/html/dot/downloads/excel/daylighting-locations-2025.xlsx,xlsx,no public link pickups found in checked sources,0.0,0,0,0,0,"bluesky,hackernews,newsrss,reddit",,0.0,0,0,0,0,"bluesky,hackernews,newsrss,reddit",,0.0,0,0,0,0,"bluesky,hackernews,newsrss,reddit",
30d,0.0,0.0,NYC Department of Transportation,report,,Download Distraction Shouldn’t Be Deadly (pdf),,https://www.nyc.gov/html/dot/downloads/pdf/distraction-shouldnt-be-deadly.pdf,https://www.nyc.gov/html/dot/downloads/pdf/distraction-shouldnt-be-deadly.pdf,pdf,no public link pickups found in checked sources,0.0,0,0,0,0,"bluesky,hackernews,newsrss,reddit",,0.0,0,0,0,0,"bluesky,hackernews,newsrss,reddit",,0.0,0,0,0,0,"bluesky,hackernews,newsrss,reddit",
30d,0.0,0.0,NYC Department of Transportation,report,,Download the Downtown Brooklyn Traffic Calming Report(pdf),,https://www.nyc.gov/html/dot/downloads/pdf/dbtc.pdf,https://www.nyc.gov/html/dot/downloads/pdf/dbtc.pdf,pdf,no public link pickups found in checked sources,0.0,0,0,0,0,"bluesky,hackernews,newsrss,reddit",,0.0,0,0,0,0,"bluesky,hackernews,newsrss,reddit",,0.0,0,0,0,0,"bluesky,hackernews,newsrss,reddit",
30d,0.0,0.0,NYC Department of Transportation,report,,part I,,https://www.nyc.gov/html/dot/downloads/pdf/dbtb_tm_part_i.pdf,https://www.nyc.gov/html/dot/downloads/pdf/dbtb_tm_part_i.pdf,pdf,no public link pickups found in checked sources,0.0,0,0,0,0,"bluesky,hackernews,newsrss,reddit",,0.0,0,0,0,0,"bluesky,hackernews,newsrss,reddit",,0.0,0,0,0,0,"bluesky,hackernews,newsrss,reddit",
30d,0.0,0.0,NYC Department of Transportation,report,,part II,,https://www.nyc.gov/html/dot/downloads/pdf/dbtb_tm_part_ii.pdf,https://www.nyc.gov/html/dot/downloads/pdf/dbtb_tm_part_ii.pdf,pdf,no public link pickups found in checked sources,0.0,0,0,0,0,"bluesky,hackernews,newsrss,reddit",,0.0,0,0,0,0,"bluesky,hackernews,newsrss,reddit",,0.0,0,0,0,0,"bluesky,hackernews,newsrss,reddit",
30d,0.0,0.0,NYC Department of Transportation,report,,Download the project fact sheets (pdf),,https://www.nyc.gov/html/dot/downloads/pdf/dntwnbkfactsheet.pdf,https://www.nyc.gov/html/dot/downloads/pdf/dntwnbkfactsheet.pdf,pdf,no public link pickups found in checked sources,0.0,0,0,0,0,"bluesky,hackernews,newsrss,reddit",,0.0,0,0,0,0,"bluesky,hackernews,newsrss,reddit",,0.0,0,0,0,0,"bluesky,hackernews,newsrss,reddit",
30d,0.0,0.0,NYC Department of Transportation,report,,Download the implementation framework(pdf),,https://www.nyc.gov/html/dot/downloads/pdf/implementationframework.pdf,https://www.nyc.gov/html/dot/downloads/pdf/implementationframework.pdf,pdf,no public link pickups found in checked sources,0.0,0,0,0,0,"bluesky,hackernews,newsrss,reddit",,0.0,0,0,0,0,"bluesky,hackernews,newsrss,reddit",,0.0,0,0,0,0,"bluesky,hackernews,newsrss,reddit",
30d,0.0,0.0,NYC Department of Transportation,report,,East Bronx Shared E-Scooter Pilot Report (pdf),,https://www.nyc.gov/html/dot/downloads/pdf/east-bronx-shared-e-scooter-pilot-report.pdf,https://www.nyc.gov/html/dot/downloads/pdf/east-bronx-shared-e-scooter-pilot-report.pdf,pdf,no public link pickups found in checked sources,0.0,0,0,0,0,"bluesky,hackernews,newsrss,reddit",,0.0,0,0,0,0,"bluesky,hackernews,newsrss,reddit",,0.0,0,0,0,0,"bluesky,hackernews,newsrss,reddit",
30d,0.0,0.0,NYC Department of Transportation,report,,Learn more about the Exclusive Pedestrian Signal Phase Treatments Study,,https://www.nyc.gov/html/dot/downloads/pdf/barnes-dance-study-sept2017.pdf,https://www.nyc.gov/html/dot/downloads/pdf/barnes-dance-study-sept2017.pdf,pdf,no public link pickups found in checked sources,0.0,0,0,0,0,"bluesky,hackernews,newsrss,reddit",,0.0,0,0,0,0,"bluesky,hackernews,newsrss,reddit",,0.0,0,0,0,0,"bluesky,hackernews,newsrss,reddit",
30d,0.0,0.0,NYC Department of Transportation,report,,Ferry Fuel and Propulsion Feasibility Study,,https://www.nyc.gov/html/dot/downloads/pdf/ferry-fuel-propulsion-feasibility-study.pdf,https://www.nyc.gov/html/dot/downloads/pdf/ferry-fuel-propulsion-feasibility-study.pdf,pdf,no public link pickups found in checked sources,0.0,0,0,0,0,"bluesky,hackernews,newsrss,reddit",,0.0,0,0,0,0,"bluesky,hackernews,newsrss,reddit",,0.0,0,0,0,0,"bluesky,hackernews,newsrss,reddit",
30d,0.0,0.0,NYC Department of Consumer & Worker Protection,report,,Download report,,https://www.nyc.gov/assets/dca/downloads/pdf/media/Protected-Time-Off-Report.pdf,https://www.nyc.gov/assets/dca/downloads/pdf/media/Protected-Time-Off-Report.pdf,pdf,no public link pickups found in checked sources,0.0,0,0,0,0,"bluesky,hackernews,newsrss,reddit",,0.0,0,0,0,0,"bluesky,hackernews,newsrss,reddit",,0.0,0,0,0,0,"bluesky,hackernews,newsrss,reddit",
30d,0.0,0.0,NYC Department of Consumer & Worker Protection,report,,Download research brief,,https://www.nyc.gov/assets/dca/downloads/pdf/media/Research-UnbankedNYC-2023Data.pdf,https://www.nyc.gov/assets/dca/downloads/pdf/media/Research-UnbankedNYC-2023Data.pdf,pdf,no public link pickups found in checked sources,0.0,0,0,0,0,"bluesky,hackernews,newsrss,reddit",,0.0,0,0,0,0,"bluesky,hackernews,newsrss,reddit",,0.0,0,0,0,0,"bluesky,hackernews,newsrss,reddit",
30d,0.0,0.0,NYC Department of Consumer & Worker Protection,report,,Download research brief,,https://www.nyc.gov/assets/dca/downloads/pdf/partners/Research-Enhanced-NYC-EITC-Impact.pdf,https://www.nyc.gov/assets/dca/downloads/pdf/partners/Research-Enhanced-NYC-EITC-Impact.pdf,pdf,no public link pickups found in checked sources,0.0,0,0,0,0,"bluesky,hackernews,newsrss,reddit",,0.0,0,0,0,0,"bluesky,hackernews,newsrss,reddit",,0.0,0,0,0,0,"bluesky,hackernews,newsrss,reddit",
30d,0.0,0.0,NYC Department of Consumer & Worker Protection,report,,Download Restaurant Delivery App Data: January-March 2024,,https://www.nyc.gov/assets/dca/downloads/pdf/workers/Restaurant-Delivery-App-Data-Q1-2024.pdf,https://www.nyc.gov/assets/dca/downloads/pdf/workers/Restaurant-Delivery-App-Data-Q1-2024.pdf,pdf,no public link pickups found in checked sources,0.0,0,0,0,0,"bluesky,hackernews,newsrss,reddit",,0.0,0,0,0,0,"bluesky,hackernews,newsrss,reddit",,0.0,0,0,0,0,"bluesky,hackernews,newsrss,reddit",
30d,0.0,0.0,NYC Department of Consumer & Worker Protection,report,,Download research brief,,https://www.nyc.gov/assets/dca/downloads/pdf/partners/Research-UnbankedNYC-2021Data.pdf,https://www.nyc.gov/assets/dca/downloads/pdf/partners/Research-UnbankedNYC-2021Data.pdf,pdf,no public link pickups found in checked sources,0.0,0,0,0,0,"bluesky,hackernews,newsrss,reddit",,0.0,0,0,0,0,"bluesky,hackernews,newsrss,reddit",,0.0,0,0,0,0,"bluesky,hackernews,newsrss,reddit",
30d,0.0,0.0,NYC Department of Consumer & Worker Protection,report,,View digital mapping and data tool,,https://www.nyc.gov/assets/dca/NFHI/NFHI/index.html,,html,no public link pickups found in checked sources,0.0,0,0,0,0,"bluesky,hackernews,newsrss,reddit",,0.0,0,0,0,0,"bluesky,hackernews,newsrss,reddit",,0.0,0,0,0,0,"bluesky,hackernews,newsrss,reddit",
30d,0.0,0.0,NYC Department of Consumer & Worker Protection,report,,Download report,,https://www.nyc.gov/assets/dca/downloads/pdf/workers/Delivery-Worker-Study-November-2022.pdf,https://www.nyc.gov/assets/dca/downloads/pdf/workers/Delivery-Worker-Study-November-2022.pdf,pdf,no public link pickups found in checked sources,0.0,0,0,0,0,"bluesky,hackernews,newsrss,reddit",,0.0,0,0,0,0,"bluesky,hackernews,newsrss,reddit",,0.0,0,0,0,0,"bluesky,hackernews,newsrss,reddit",
30d,0.0,0.0,NYC Department of Consumer & Worker Protection,report,,Download report,,https://www.nyc.gov/assets/dca/downloads/pdf/workers/StateofWorkersRights-Report-2022.pdf,https://www.nyc.gov/assets/dca/downloads/pdf/workers/StateofWorkersRights-Report-2022.pdf,pdf,no public link pickups found in checked sources,0.0,0,0,0,0,"bluesky,hackernews,newsrss,reddit",,0.0,0,0,0,0,"bluesky,hackernews,newsrss,reddit",,0.0,0,0,0,0,"bluesky,hackernews,newsrss,reddit",
30d,0.0,0.0,NYC Department of Consumer & Worker Protection,report,,Download report,,https://www.nyc.gov/assets/dca/downloads/pdf/partners/StudentLoanDebtSurvey-Report-2021.pdf,https://www.nyc.gov/assets/dca/downloads/pdf/partners/StudentLoanDebtSurvey-Report-2021.pdf,pdf,no public link pickups found in checked sources,0.0,0,0,0,0,"bluesky,hackernews,newsrss,reddit",,0.0,0,0,0,0,"bluesky,hackernews,newsrss,reddit",,0.0,0,0,0,0,"bluesky,hackernews,newsrss,reddit",
30d,0.0,0.0,NYC Department of Consumer & Worker Protection,report,,Download research brief,,https://www.nyc.gov/assets/dca/downloads/pdf/partners/Research-UnbankedNYC-2019Data.pdf,https://www.nyc.gov/assets/dca/downloads/pdf/partners/Research-UnbankedNYC-2019Data.pdf,pdf,no public link pickups found in checked sources,0.0,0,0,0,0,"bluesky,hackernews,newsrss,reddit",,0.0,0,0,0,0,"bluesky,hackernews,newsrss,reddit",,0.0,0,0,0,0,"bluesky,hackernews,newsrss,reddit",
30d,0.0,0.0,NYC Department of Consumer & Worker Protection,report,,Download report,,https://www.nyc.gov/assets/dca/downloads/pdf/partners/Lease-To-Own-Report.pdf,https://www.nyc.gov/assets/dca/downloads/pdf/partners/Lease-To-Own-Report.pdf,pdf,no public link pickups found in checked sources,0.0,0,0,0,0,"bluesky,hackernews,newsrss,reddit",,0.0,0,0,0,0,"bluesky,hackernews,newsrss,reddit",,0.0,0,0,0,0,"bluesky,hackernews,newsrss,reddit",
30d,0.0,0.0,NYC Department of Consumer & Worker Protection,report,,Download report,,https://www.nyc.gov/assets/dca/downloads/pdf/workers/StateofWorkersRights-Report-2021.pdf,https://www.nyc.gov/assets/dca/downloads/pdf/workers/StateofWorkersRights-Report-2021.pdf,pdf,no public link pickups found in checked sources,0.0,0,0,0,0,"bluesky,hackernews,newsrss,reddit",,0.0,0,0,0,0,"bluesky,hackernews,newsrss,reddit",,0.0,0,0,0,0,"bluesky,hackernews,newsrss,reddit",
30d,0.0,0.0,NYC Department of Consumer & Worker Protection,report,,Download report,,https://www.nyc.gov/assets/dca/downloads/pdf/partners/SLD-lowincome_report.pdf,https://www.nyc.gov/assets/dca/downloads/pdf/partners/SLD-lowincome_report.pdf,pdf,no public link pickups found in checked sources,0.0,0,0,0,0,"bluesky,hackernews,newsrss,reddit",,0.0,0,0,0,0,"bluesky,hackernews,newsrss,reddit",,0.0,0,0,0,0,"bluesky,hackernews,newsrss,reddit",
30d,0.0,0.0,NYC Department of Consumer & Worker Protection,report,,Download report,,https://www.nyc.gov/assets/dca/downloads/pdf/partners/Uneven_Impact.pdf,https://www.nyc.gov/assets/dca/downloads/pdf/partners/Uneven_Impact.pdf,pdf,no public link pickups found in checked sources,0.0,0,0,0,0,"bluesky,hackernews,newsrss,reddit",,0.0,0,0,0,0,"bluesky,hackernews,newsrss,reddit",,0.0,0,0,0,0,"bluesky,hackernews,newsrss,reddit",
30d,0.0,0.0,NYC Department of Consumer & Worker Protection,report,,Download report,,https://www.nyc.gov/assets/dca/downloads/pdf/partners/PriceGougingAnalysis.pdf,https://www.nyc.gov/assets/dca/downloads/pdf/partners/PriceGougingAnalysis.pdf,pdf,no public link pickups found in checked sources,0.0,0,0,0,0,"bluesky,hackernews,newsrss,reddit",,0.0,0,0,0,0,"bluesky,hackernews,newsrss,reddit",,0.0,0,0,0,0,"bluesky,hackernews,newsrss,reddit",
30d,0.0,0.0,NYC Department of Consumer & Worker Protection,report,,Download report,,https://www.nyc.gov/assets/dca/downloads/pdf/partners/COVID_Vulnerability_Brief.pdf,https://www.nyc.gov/assets/dca/downloads/pdf/partners/COVID_Vulnerability_Brief.pdf,pdf,no public link pickups found in checked sources,0.0,0,0,0,0,"bluesky,hackernews,newsrss,reddit",,0.0,0,0,0,0,"bluesky,hackernews,newsrss,reddit",,0.0,0,0,0,0,"bluesky,hackernews,newsrss,reddit",
30d,0.0,0.0,NYC Department of Consumer & Worker Protection,report,,Download report,,https://www.nyc.gov/assets/dca/downloads/pdf/partners/Municipal-Policies-for-Community-Wealth-Building.pdf,https://www.nyc.gov/assets/dca/downloads/pdf/partners/Municipal-Policies-for-Community-Wealth-Building.pdf,pdf,no public link pickups found in checked sources,0.0,0,0,0,0,"bluesky,hackernews,newsrss,reddit",,0.0,0,0,0,0,"bluesky,hackernews,newsrss,reddit",,0.0,0,0,0,0,"bluesky,hackernews,newsrss,reddit",
30d,0.0,0.0,NYC Department of Consumer & Worker Protection,report,,Download report,,https://www.nyc.gov/assets/dca/downloads/pdf/partners/SLDBlackBorrowers_Report.pdf,https://www.nyc.gov/assets/dca/downloads/pdf/partners/SLDBlackBorrowers_Report.pdf,pdf,no public link pickups found in checked sources,0.0,0,0,0,0,"bluesky,hackernews,newsrss,reddit",,0.0,0,0,0,0,"bluesky,hackernews,newsrss,reddit",,0.0,0,0,0,0,"bluesky,hackernews,newsrss,reddit",
30d,0.0,0.0,NYC Department of Consumer & Worker Protection,report,,Download Third Annual Report on the State of Workers’ Rights in NYC,,https://www.nyc.gov/assets/dca/downloads/pdf/workers/StateofWorkersRights-Report-2020.pdf,https://www.nyc.gov/assets/dca/downloads/pdf/workers/StateofWorkersRights-Report-2020.pdf,pdf,no public link pickups found in checked sources,0.0,0,0,0,0,"bluesky,hackernews,newsrss,reddit",,0.0,0,0,0,0,"bluesky,hackernews,newsrss,reddit",,0.0,0,0,0,0,"bluesky,hackernews,newsrss,reddit",
30d,0.0,0.0,NYC Department of Consumer & Worker Protection,report,,Download report,,https://www.nyc.gov/assets/dca/downloads/pdf/partners/Research-SLDVeteranBorrowerReport.pdf,https://www.nyc.gov/assets/dca/downloads/pdf/partners/Research-SLDVeteranBorrowerReport.pdf,pdf,no public link pickups found in checked sources,0.0,0,0,0,0,"bluesky,hackernews,newsrss,reddit",,0.0,0,0,0,0,"bluesky,hackernews,newsrss,reddit",,0.0,0,0,0,0,"bluesky,hackernews,newsrss,reddit",
30d,0.0,0.0,NYC Department of Consumer & Worker Protection,report,,Download report,,https://www.nyc.gov/assets/dca/downloads/pdf/partners/LEPDebtCollection_Report.pdf,https://www.nyc.gov/assets/dca/downloads/pdf/partners/LEPDebtCollection_Report.pdf,pdf,no public link pickups found in checked sources,0.0,0,0,0,0,"bluesky,hackernews,newsrss,reddit",,0.0,0,0,0,0,"bluesky,hackernews,newsrss,reddit",,0.0,0,0,0,0,"bluesky,hackernews,newsrss,reddit",
30d,0.0,0.0,NYC Department of Consumer & Worker Protection,report,,English,,https://www.nyc.gov/assets/dca/downloads/pdf/partners/Research-UnAndUnderbankedNewYorkers.pdf,https://www.nyc.gov/assets/dca/downloads/pdf/partners/Research-UnAndUnderbankedNewYorkers.pdf,pdf,no public link pickups found in checked sources,0.0,0,0,0,0,"bluesky,hackernews,newsrss,reddit",,0.0,0,0,0,0,"bluesky,hackernews,newsrss,reddit",,0.0,0,0,0,0,"bluesky,hackernews,newsrss,reddit",
30d,0.0,0.0,NYC Department of Consumer & Worker Protection,report,,Español (Spanish),,https://www.nyc.gov/assets/dca/downloads/pdf/partners/Research-UnAndUnderbankedNewYorkers-Spanish.pdf,https://www.nyc.gov/assets/dca/downloads/pdf/partners/Research-UnAndUnderbankedNewYorkers-Spanish.pdf,pdf,no public link pickups found in checked sources,0.0,0,0,0,0,"bluesky,hackernews,newsrss,reddit",,0.0,0,0,0,0,"bluesky,hackernews,newsrss,reddit",,0.0,0,0,0,0,"bluesky,hackernews,newsrss,reddit",
30d,0.0,0.0,NYC Department of Consumer & Worker Protection,report,,Download report,,https://www.nyc.gov/assets/dca/downloads/pdf/workers/StateofWorkersRights-Report-2019.pdf,https://www.nyc.gov/assets/dca/downloads/pdf/workers/StateofWorkersRights-Report-2019.pdf,pdf,no public link pickups found in checked sources,0.0,0,0,0,0,"bluesky,hackernews,newsrss,reddit",,0.0,0,0,0,0,"bluesky,hackernews,newsrss,reddit",,0.0,0,0,0,0,"bluesky,hackernews,newsrss,reddit",
30d,0.0,0.0,NYC Department of Consumer & Worker Protection,report,,Download report,,https://www.nyc.gov/assets/dca/downloads/pdf/partners/Research-StudentLoanDebtDistressAcrossNYCNeighborhoods.pdf,https://www.nyc.gov/assets/dca/downloads/pdf/partners/Research-StudentLoanDebtDistressAcrossNYCNeighborhoods.pdf,pdf,no public link pickups found in checked sources,0.0,0,0,0,0,"bluesky,hackernews,newsrss,reddit",,0.0,0,0,0,0,"bluesky,hackernews,newsrss,reddit",,0.0,0,0,0,0,"bluesky,hackernews,newsrss,reddit",
30d,0.0,0.0,NYC Department of Consumer & Worker Protection,report,,English,,https://www.nyc.gov/assets/dca/downloads/pdf/workers/Lifting-up-Paid-Care-Work.pdf,https://www.nyc.gov/assets/dca/downloads/pdf/workers/Lifting-up-Paid-Care-Work.pdf,pdf,no public link pickups found in checked sources,0.0,0,0,0,0,"bluesky,hackernews,newsrss,reddit",,0.0,0,0,0,0,"bluesky,hackernews,newsrss,reddit",,0.0,0,0,0,0,"bluesky,hackernews,newsrss,reddit",
30d,0.0,0.0,NYC Department of Consumer & Worker Protection,report,,Español (Spanish),,https://www.nyc.gov/assets/dca/downloads/pdf/workers/Lifting-up-Paid-Care-Work-Spanish.pdf,https://www.nyc.gov/assets/dca/downloads/pdf/workers/Lifting-up-Paid-Care-Work-Spanish.pdf,pdf,no public link pickups found in checked sources,0.0,0,0,0,0,"bluesky,hackernews,newsrss,reddit",,0.0,0,0,0,0,"bluesky,hackernews,newsrss,reddit",,0.0,0,0,0,0,"bluesky,hackernews,newsrss,reddit",
30d,0.0,0.0,NYC Department of Consumer & Worker Protection,report,,English,,https://www.nyc.gov/assets/dca/downloads/pdf/workers/Making-Paid-Care-Work-Visible.pdf,https://www.nyc.gov/assets/dca/downloads/pdf/workers/Making-Paid-Care-Work-Visible.pdf,pdf,no public link pickups found in checked sources,0.0,0,0,0,0,"bluesky,hackernews,newsrss,reddit",,0.0,0,0,0,0,"bluesky,hackernews,newsrss,reddit",,0.0,0,0,0,0,"bluesky,hackernews,newsrss,reddit",
30d,0.0,0.0,NYC Department of Consumer & Worker Protection,report,,Español (Spanish),,https://www.nyc.gov/assets/dca/downloads/pdf/workers/Making-Paid-Care-Work-Visible-Spanish.pdf,https://www.nyc.gov/assets/dca/downloads/pdf/workers/Making-Paid-Care-Work-Visible-Spanish.pdf,pdf,no public link pickups found in checked sources,0.0,0,0,0,0,"bluesky,hackernews,newsrss,reddit",,0.0,0,0,0,0,"bluesky,hackernews,newsrss,reddit",,0.0,0,0,0,0,"bluesky,hackernews,newsrss,reddit",
30d,0.0,0.0,NYC Department of Consumer & Worker Protection,report,,Download report,,https://www.nyc.gov/assets/dca/downloads/pdf/partners/Report-HowNeighborhoodsHelpNYersGetAhead.pdf,https://www.nyc.gov/assets/dca/downloads/pdf/partners/Report-HowNeighborhoodsHelpNYersGetAhead.pdf,pdf,no public link pickups found in checked sources,0.0,0,0,0,0,"bluesky,hackernews,newsrss,reddit",,0.0,0,0,0,0,"bluesky,hackernews,newsrss,reddit",,0.0,0,0,0,0,"bluesky,hackernews,newsrss,reddit",
30d,0.0,0.0,NYC Department of Consumer & Worker Protection,report,,English,,https://www.nyc.gov/assets/dca/downloads/pdf/workers/StateofWorkersRights-Report-2017.pdf,https://www.nyc.gov/assets/dca/downloads/pdf/workers/StateofWorkersRights-Report-2017.pdf,pdf,no public link pickups found in checked sources,0.0,0,0,0,0,"bluesky,hackernews,newsrss,reddit",,0.0,0,0,0,0,"bluesky,hackernews,newsrss,reddit",,0.0,0,0,0,0,"bluesky,hackernews,newsrss,reddit",
30d,0.0,0.0,NYC Department of Consumer & Worker Protection,report,,Español (Spanish),,https://www.nyc.gov/assets/dca/downloads/pdf/workers/StateofWorkersRights-Report-2017-Spanish.pdf,https://www.nyc.gov/assets/dca/downloads/pdf/workers/StateofWorkersRights-Report-2017-Spanish.pdf,pdf,no public link pickups found in checked sources,0.0,0,0,0,0,"bluesky,hackernews,newsrss,reddit",,0.0,0,0,0,0,"bluesky,hackernews,newsrss,reddit",,0.0,0,0,0,0,"bluesky,hackernews,newsrss,reddit",
30d,0.0,0.0,NYC Department of Consumer & Worker Protection,report,,Read survey results,,https://www.nyc.gov/assets/dca/downloads/pdf/workers/WorkinginNYC-Resultsfrom2017EmpireStatePoll.pdf,https://www.nyc.gov/assets/dca/downloads/pdf/workers/WorkinginNYC-Resultsfrom2017EmpireStatePoll.pdf,pdf,no public link pickups found in checked sources,0.0,0,0,0,0,"bluesky,hackernews,newsrss,reddit",,0.0,0,0,0,0,"bluesky,hackernews,newsrss,reddit",,0.0,0,0,0,0,"bluesky,hackernews,newsrss,reddit",
30d,0.0,0.0,NYC Department of Consumer & Worker Protection,report,,Download report,,https://www.nyc.gov/assets/dca/downloads/pdf/partners/SHAD_Report.pdf,https://www.nyc.gov/assets/dca/downloads/pdf/partners/SHAD_Report.pdf,pdf,no public link pickups found in checked sources,0.0,0,0,0,0,"bluesky,hackernews,newsrss,reddit",,0.0,0,0,0,0,"bluesky,hackernews,newsrss,reddit",,0.0,0,0,0,0,"bluesky,hackernews,newsrss,reddit",
30d,0.0,0.0,NYC Department of Consumer & Worker Protection,report,,Download report,,https://www.nyc.gov/assets/dca/downloads/pdf/partners/Research-ImprovingAccesstoAffordableHousingOpportunities.pdf,https://www.nyc.gov/assets/dca/downloads/pdf/partners/Research-ImprovingAccesstoAffordableHousingOpportunities.pdf,pdf,no public link pickups found in checked sources,0.0,0,0,0,0,"bluesky,hackernews,newsrss,reddit",,0.0,0,0,0,0,"bluesky,hackernews,newsrss,reddit",,0.0,0,0,0,0,"bluesky,hackernews,newsrss,reddit",
30d,0.0,0.0,NYC Department of Consumer & Worker Protection,report,,English,,https://www.nyc.gov/assets/dca/downloads/pdf/consumers/hpddca-2016-eng.pdf,https://www.nyc.gov/assets/dca/downloads/pdf/consumers/hpddca-2016-eng.pdf,pdf,no public link pickups found in checked sources,0.0,0,0,0,0,"bluesky,hackernews,newsrss,reddit",,0.0,0,0,0,0,"bluesky,hackernews,newsrss,reddit",,0.0,0,0,0,0,"bluesky,hackernews,newsrss,reddit",
30d,0.0,0.0,NYC Department of Consumer & Worker Protection,report,,Español (Spanish),,https://www.nyc.gov/assets/dca/downloads/pdf/consumers/hpddca-2016-esp.pdf,https://www.nyc.gov/assets/dca/downloads/pdf/consumers/hpddca-2016-esp.pdf,pdf,no public link pickups found in checked sources,0.0,0,0,0,0,"bluesky,hackernews,newsrss,reddit",,0.0,0,0,0,0,"bluesky,hackernews,newsrss,reddit",,0.0,0,0,0,0,"bluesky,hackernews,newsrss,reddit",
30d,0.0,0.0,NYC Department of Consumer & Worker Protection,report,,English,,https://www.nyc.gov/assets/dca/downloads/pdf/partners/VentanillaReport.pdf,https://www.nyc.gov/assets/dca/downloads/pdf/partners/VentanillaReport.pdf,pdf,no public link pickups found in checked sources,0.0,0,0,0,0,"bluesky,hackernews,newsrss,reddit",,0.0,0,0,0,0,"bluesky,hackernews,newsrss,reddit",,0.0,0,0,0,0,"bluesky,hackernews,newsrss,reddit",
30d,0.0,0.0,NYC Department of Consumer & Worker Protection,report,,Español (Spanish),,https://www.nyc.gov/assets/dca/downloads/pdf/partners/VentanillaReport-Spanish.pdf,https://www.nyc.gov/assets/dca/downloads/pdf/partners/VentanillaReport-Spanish.pdf,pdf,no public link pickups found in checked sources,0.0,0,0,0,0,"bluesky,hackernews,newsrss,reddit",,0.0,0,0,0,0,"bluesky,hackernews,newsrss,reddit",,0.0,0,0,0,0,"bluesky,hackernews,newsrss,reddit",
30d,0.0,0.0,NYC Department of Consumer & Worker Protection,report,,Read New York City Mobile Services Study,,https://www.nyc.gov/assets/dca/MobileServicesStudy/Research-Brief.pdf,https://www.nyc.gov/assets/dca/MobileServicesStudy/Research-Brief.pdf,pdf,no public link pickups found in checked sources,0.0,0,0,0,0,"bluesky,hackernews,newsrss,reddit",,0.0,0,0,0,0,"bluesky,hackernews,newsrss,reddit",,0.0,0,0,0,0,"bluesky,hackernews,newsrss,reddit",
30d,0.0,0.0,NYC Department of Consumer & Worker Protection,report,,View interactive tool depicting data,,https://www.nyc.gov/assets/dca/MobileServicesStudy/index.html,,html,no public link pickups found in checked sources,0.0,0,0,0,0,"bluesky,hackernews,newsrss,reddit",,0.0,0,0,0,0,"bluesky,hackernews,newsrss,reddit",,0.0,0,0,0,0,"bluesky,hackernews,newsrss,reddit",
30d,0.0,0.0,NYC Department of Consumer & Worker Protection,report,,View infographic highlighting key findings,,https://www.nyc.gov/assets/dca/MobileServicesStudy/Infographic.pdf,https://www.nyc.gov/assets/dca/MobileServicesStudy/Infographic.pdf,pdf,no public link pickups found in checked sources,0.0,0,0,0,0,"bluesky,hackernews,newsrss,reddit",,0.0,0,0,0,0,"bluesky,hackernews,newsrss,reddit",,0.0,0,0,0,0,"bluesky,hackernews,newsrss,reddit",
30d,0.0,0.0,NYC Department of Consumer & Worker Protection,report,,Download toolkit,,https://www.nyc.gov/assets/dca/MobileServicesStudy/Toolkit.pdf,https://www.nyc.gov/assets/dca/MobileServicesStudy/Toolkit.pdf,pdf,no public link pickups found in checked sources,0.0,0,0,0,0,"bluesky,hackernews,newsrss,reddit",,0.0,0,0,0,0,"bluesky,hackernews,newsrss,reddit",,0.0,0,0,0,0,"bluesky,hackernews,newsrss,reddit",
30d,0.0,0.0,NYC Department of Consumer & Worker Protection,report,,Read Where Are the Unbanked and Underbanked in New York City?,,https://www.nyc.gov/assets/dca/CitywideFinancialServicesStudy/Research-Brief.pdf,https://www.nyc.gov/assets/dca/CitywideFinancialServicesStudy/Research-Brief.pdf,pdf,no public link pickups found in checked sources,0.0,0,0,0,0,"bluesky,hackernews,newsrss,reddit",,0.0,0,0,0,0,"bluesky,hackernews,newsrss,reddit",,0.0,0,0,0,0,"bluesky,hackernews,newsrss,reddit",
30d,0.0,0.0,NYC Department of Consumer & Worker Protection,report,,Read How Do New Yorkers Perceive Their Financial Security?,,https://www.nyc.gov/assets/dca/CitywideFinancialServicesStudy/Financial-Security-Brief.pdf,https://www.nyc.gov/assets/dca/CitywideFinancialServicesStudy/Financial-Security-Brief.pdf,pdf,no public link pickups found in checked sources,0.0,0,0,0,0,"bluesky,hackernews,newsrss,reddit",,0.0,0,0,0,0,"bluesky,hackernews,newsrss,reddit",,0.0,0,0,0,0,"bluesky,hackernews,newsrss,reddit",
30d,0.0,0.0,NYC Department of Consumer & Worker Protection,report,,View interactive map,,https://www.nyc.gov/assets/dca/CitywideFinancialServicesStudy/index.html,,html,no public link pickups found in checked sources,0.0,0,0,0,0,"bluesky,hackernews,newsrss,reddit",,0.0,0,0,0,0,"bluesky,hackernews,newsrss,reddit",,0.0,0,0,0,0,"bluesky,hackernews,newsrss,reddit",
30d,0.0,0.0,NYC Department of Consumer & Worker Protection,report,,Download report,,https://www.nyc.gov/assets/dca/downloads/pdf/partners/Research-BuildingFinancialCounselingintoSocialServiceDelivery.pdf,https://www.nyc.gov/assets/dca/downloads/pdf/partners/Research-BuildingFinancialCounselingintoSocialServiceDelivery.pdf,pdf,no public link pickups found in checked sources,0.0,0,0,0,0,"bluesky,hackernews,newsrss,reddit",,0.0,0,0,0,0,"bluesky,hackernews,newsrss,reddit",,0.0,0,0,0,0,"bluesky,hackernews,newsrss,reddit",
30d,0.0,0.0,NYC Department of Consumer & Worker Protection,report,,Download brief,,https://www.nyc.gov/assets/dca/downloads/pdf/partners/Research-VirtualVITAProgramInsights.pdf,https://www.nyc.gov/assets/dca/downloads/pdf/partners/Research-VirtualVITAProgramInsights.pdf,pdf,no public link pickups found in checked sources,0.0,0,0,0,0,"bluesky,hackernews,newsrss,reddit",,0.0,0,0,0,0,"bluesky,hackernews,newsrss,reddit",,0.0,0,0,0,0,"bluesky,hackernews,newsrss,reddit",
30d,0.0,0.0,NYC Department of Consumer & Worker Protection,report,,Download report,,https://www.nyc.gov/assets/dca/downloads/pdf/partners/Research-OFEProgressReport20102013.pdf,https://www.nyc.gov/assets/dca/downloads/pdf/partners/Research-OFEProgressReport20102013.pdf,pdf,no public link pickups found in checked sources,0.0,0,0,0,0,"bluesky,hackernews,newsrss,reddit",,0.0,0,0,0,0,"bluesky,hackernews,newsrss,reddit",,0.0,0,0,0,0,"bluesky,hackernews,newsrss,reddit",
30d,0.0,0.0,NYC Department of Consumer & Worker Protection,report,,Download Strategy #5: Integrating Asset Building,,https://www.nyc.gov/assets/dca/downloads/pdf/partners/Research-SupervitaminReport5.pdf,https://www.nyc.gov/assets/dca/downloads/pdf/partners/Research-SupervitaminReport5.pdf,pdf,no public link pickups found in checked sources,0.0,0,0,0,0,"bluesky,hackernews,newsrss,reddit",,0.0,0,0,0,0,"bluesky,hackernews,newsrss,reddit",,0.0,0,0,0,0,"bluesky,hackernews,newsrss,reddit",
30d,0.0,0.0,NYC Taxi & Limousine Commission,report,,Electrification in Motion: An Update on New York City’s Electric For-Hire Vehicle Fleet (2024),,https://www.nyc.gov/assets/tlc/downloads/pdf/electrification_in_motion_report_2024.pdf,https://www.nyc.gov/assets/tlc/downloads/pdf/electrification_in_motion_report_2024.pdf,pdf,no public link pickups found in checked sources,0.0,0,0,0,0,"bluesky,hackernews,newsrss,reddit",,0.0,0,0,0,0,"bluesky,hackernews,newsrss,reddit",,0.0,0,0,0,0,"bluesky,hackernews,newsrss,reddit",
30d,0.0,0.0,NYC Taxi & Limousine Commission,report,,Charged Up! TLC’s Roadmap to Electrifying the For-Hire Transportation Sector in New York City (2022),,https://www.nyc.gov/assets/tlc/downloads/pdf/Charged_Up!_TLC_Electrification_Report-2022.pdf,https://www.nyc.gov/assets/tlc/downloads/pdf/Charged_Up!_TLC_Electrification_Report-2022.pdf,pdf,no public link pickups found in checked sources,0.0,0,0,0,0,"bluesky,hackernews,newsrss,reddit",,0.0,0,0,0,0,"bluesky,hackernews,newsrss,reddit",,0.0,0,0,0,0,"bluesky,hackernews,newsrss,reddit",
30d,0.0,0.0,NYC Taxi & Limousine Commission,report,,2025 Annual Report,,https://www.nyc.gov/assets/tlc/downloads/pdf/annual_report_2025.pdf,https://www.nyc.gov/assets/tlc/downloads/pdf/annual_report_2025.pdf,pdf,no public link pickups found in checked sources,0.0,0,0,0,0,"bluesky,hackernews,newsrss,reddit",,0.0,0,0,0,0,"bluesky,hackernews,newsrss,reddit",,0.0,0,0,0,0,"bluesky,hackernews,newsrss,reddit",
30d,0.0,0.0,NYC Taxi & Limousine Commission,report,,2024 Annual Report,,https://www.nyc.gov/assets/tlc/downloads/pdf/annual_report_2024.pdf,https://www.nyc.gov/assets/tlc/downloads/pdf/annual_report_2024.pdf,pdf,no public link pickups found in checked sources,0.0,0,0,0,0,"bluesky,hackernews,newsrss,reddit",,0.0,0,0,0,0,"bluesky,hackernews,newsrss,reddit",,0.0,0,0,0,0,"bluesky,hackernews,newsrss,reddit",
30d,0.0,0.0,NYC Taxi & Limousine Commission,report,,2023 Annual Report,,https://www.nyc.gov/assets/tlc/downloads/pdf/annual_report_2023.pdf,https://www.nyc.gov/assets/tlc/downloads/pdf/annual_report_2023.pdf,pdf,no public link pickups found in checked sources,0.0,0,0,0,0,"bluesky,hackernews,newsrss,reddit",,0.0,0,0,0,0,"bluesky,hackernews,newsrss,reddit",,0.0,0,0,0,0,"bluesky,hackernews,newsrss,reddit",
30d,0.0,0.0,NYC Taxi & Limousine Commission,report,,2022 Annual Report,,https://www.nyc.gov/assets/tlc/downloads/pdf/annual_report_2022.pdf,https://www.nyc.gov/assets/tlc/downloads/pdf/annual_report_2022.pdf,pdf,no public link pickups found in checked sources,0.0,0,0,0,0,"bluesky,hackernews,newsrss,reddit",,0.0,0,0,0,0,"bluesky,hackernews,newsrss,reddit",,0.0,0,0,0,0,"bluesky,hackernews,newsrss,reddit",
30d,0.0,0.0,NYC Taxi & Limousine Commission,report,,2021 Annual Report,,https://www.nyc.gov/assets/tlc/downloads/pdf/annual_report_2021.pdf,https://www.nyc.gov/assets/tlc/downloads/pdf/annual_report_2021.pdf,pdf,no public link pickups found in checked sources,0.0,0,0,0,0,"bluesky,hackernews,newsrss,reddit",,0.0,0,0,0,0,"bluesky,hackernews,newsrss,reddit",,0.0,0,0,0,0,"bluesky,hackernews,newsrss,reddit",
30d,0.0,0.0,NYC Taxi & Limousine Commission,report,,2020 Annual Report,,https://www.nyc.gov/assets/tlc/downloads/pdf/annual_report_2020.pdf,https://www.nyc.gov/assets/tlc/downloads/pdf/annual_report_2020.pdf,pdf,no public link pickups found in checked sources,0.0,0,0,0,0,"bluesky,hackernews,newsrss,reddit",,0.0,0,0,0,0,"bluesky,hackernews,newsrss,reddit",,0.0,0,0,0,0,"bluesky,hackernews,newsrss,reddit",
30d,0.0,0.0,NYC Taxi & Limousine Commission,report,,2019 Annual Report,,https://www.nyc.gov/assets/tlc/downloads/pdf/annual_report_2019.pdf,https://www.nyc.gov/assets/tlc/downloads/pdf/annual_report_2019.pdf,pdf,no public link pickups found in checked sources,0.0,0,0,0,0,"bluesky,hackernews,newsrss,reddit",,0.0,0,0,0,0,"bluesky,hackernews,newsrss,reddit",,0.0,0,0,0,0,"bluesky,hackernews,newsrss,reddit",
30d,0.0,0.0,NYC Taxi & Limousine Commission,report,,2018 Annual Report,,https://www.nyc.gov/assets/tlc/downloads/pdf/annual_report_2018.pdf,https://www.nyc.gov/assets/tlc/downloads/pdf/annual_report_2018.pdf,pdf,no public link pickups found in checked sources,0.0,0,0,0,0,"bluesky,hackernews,newsrss,reddit",,0.0,0,0,0,0,"bluesky,hackernews,newsrss,reddit",,0.0,0,0,0,0,"bluesky,hackernews,newsrss,reddit",
30d,0.0,0.0,NYC Taxi & Limousine Commission,report,,2017 Annual Report,,https://www.nyc.gov/assets/tlc/downloads/pdf/annual_report_2017.pdf,https://www.nyc.gov/assets/tlc/downloads/pdf/annual_report_2017.pdf,pdf,no public link pickups found in checked sources,0.0,0,0,0,0,"bluesky,hackernews,newsrss,reddit",,0.0,0,0,0,0,"bluesky,hackernews,newsrss,reddit",,0.0,0,0,0,0,"bluesky,hackernews,newsrss,reddit",
30d,0.0,0.0,NYC Taxi & Limousine Commission,report,,2016 Annual Report,,https://www.nyc.gov/assets/tlc/downloads/pdf/annual_report_2016.pdf,https://www.nyc.gov/assets/tlc/downloads/pdf/annual_report_2016.pdf,pdf,no public link pickups found in checked sources,0.0,0,0,0,0,"bluesky,hackernews,newsrss,reddit",,0.0,0,0,0,0,"bluesky,hackernews,newsrss,reddit",,0.0,0,0,0,0,"bluesky,hackernews,newsrss,reddit",
30d,0.0,0.0,NYC Taxi & Limousine Commission,report,,2015 Annual Report,,https://www.nyc.gov/assets/tlc/downloads/pdf/annual_report_2015.pdf,https://www.nyc.gov/assets/tlc/downloads/pdf/annual_report_2015.pdf,pdf,no public link pickups found in checked sources,0.0,0,0,0,0,"bluesky,hackernews,newsrss,reddit",,0.0,0,0,0,0,"bluesky,hackernews,newsrss,reddit",,0.0,0,0,0,0,"bluesky,hackernews,newsrss,reddit",
30d,0.0,0.0,NYC Taxi & Limousine Commission,report,,2014 Annual Report,,https://www.nyc.gov/assets/tlc/downloads/pdf/annual_report_2014.pdf,https://www.nyc.gov/assets/tlc/downloads/pdf/annual_report_2014.pdf,pdf,no public link pickups found in checked sources,0.0,0,0,0,0,"bluesky,hackernews,newsrss,reddit",,0.0,0,0,0,0,"bluesky,hackernews,newsrss,reddit",,0.0,0,0,0,0,"bluesky,hackernews,newsrss,reddit",
30d,0.0,0.0,NYC Taxi & Limousine Commission,report,,2013 Annual Report,,https://www.nyc.gov/assets/tlc/downloads/pdf/annual_report_2013.pdf,https://www.nyc.gov/assets/tlc/downloads/pdf/annual_report_2013.pdf,pdf,no public link pickups found in checked sources,0.0,0,0,0,0,"bluesky,hackernews,newsrss,reddit",,0.0,0,0,0,0,"bluesky,hackernews,newsrss,reddit",,0.0,0,0,0,0,"bluesky,hackernews,newsrss,reddit",
30d,0.0,0.0,NYC Taxi & Limousine Commission,report,,2012 Annual Report,,https://www.nyc.gov/assets/tlc/downloads/pdf/annual_report_2012.pdf,https://www.nyc.gov/assets/tlc/downloads/pdf/annual_report_2012.pdf,pdf,no public link pickups found in checked sources,0.0,0,0,0,0,"bluesky,hackernews,newsrss,reddit",,0.0,0,0,0,0,"bluesky,hackernews,newsrss,reddit",,0.0,0,0,0,0,"bluesky,hackernews,newsrss,reddit",
30d,0.0,0.0,NYC Taxi & Limousine Commission,report,,2011 Annual Report,,https://www.nyc.gov/assets/tlc/downloads/pdf/annual_report_2011.pdf,https://www.nyc.gov/assets/tlc/downloads/pdf/annual_report_2011.pdf,pdf,no public link pickups found in checked sources,0.0,0,0,0,0,"bluesky,hackernews,newsrss,reddit",,0.0,0,0,0,0,"bluesky,hackernews,newsrss,reddit",,0.0,0,0,0,0,"bluesky,hackernews,newsrss,reddit",
30d,0.0,0.0,NYC Taxi & Limousine Commission,report,,2010 Annual Report,,https://www.nyc.gov/assets/tlc/downloads/pdf/annual_report_2010.pdf,https://www.nyc.gov/assets/tlc/downloads/pdf/annual_report_2010.pdf,pdf,no public link pickups found in checked sources,0.0,0,0,0,0,"bluesky,hackernews,newsrss,reddit",,0.0,0,0,0,0,"bluesky,hackernews,newsrss,reddit",,0.0,0,0,0,0,"bluesky,hackernews,newsrss,reddit",
30d,0.0,0.0,NYC Taxi & Limousine Commission,report,,2009 Annual Report,,https://www.nyc.gov/assets/tlc/downloads/pdf/tlc_annual_report_2009.pdf,https://www.nyc.gov/assets/tlc/downloads/pdf/tlc_annual_report_2009.pdf,pdf,no public link pickups found in checked sources,0.0,0,0,0,0,"bluesky,hackernews,newsrss,reddit",,0.0,0,0,0,0,"bluesky,hackernews,newsrss,reddit",,0.0,0,0,0,0,"bluesky,hackernews,newsrss,reddit",
30d,0.0,0.0,NYC Taxi & Limousine Commission,report,,2008 Annual Report,,https://www.nyc.gov/assets/tlc/downloads/pdf/annual_report_2008.pdf,https://www.nyc.gov/assets/tlc/downloads/pdf/annual_report_2008.pdf,pdf,no public link pickups found in checked sources,0.0,0,0,0,0,"bluesky,hackernews,newsrss,reddit",,0.0,0,0,0,0,"bluesky,hackernews,newsrss,reddit",,0.0,0,0,0,0,"bluesky,hackernews,newsrss,reddit",
30d,0.0,0.0,NYC Taxi & Limousine Commission,report,,2007 Annual Report,,https://www.nyc.gov/assets/tlc/downloads/pdf/annual_report_2007.pdf,https://www.nyc.gov/assets/tlc/downloads/pdf/annual_report_2007.pdf,pdf,no public link pickups found in checked sources,0.0,0,0,0,0,"bluesky,hackernews,newsrss,reddit",,0.0,0,0,0,0,"bluesky,hackernews,newsrss,reddit",,0.0,0,0,0,0,"bluesky,hackernews,newsrss,reddit",
30d,0.0,0.0,NYC Taxi & Limousine Commission,report,,2006 Annual Report,,https://www.nyc.gov/assets/tlc/downloads/pdf/2006_annual_report.pdf,https://www.nyc.gov/assets/tlc/downloads/pdf/2006_annual_report.pdf,pdf,no public link pickups found in checked sources,0.0,0,0,0,0,"bluesky,hackernews,newsrss,reddit",,0.0,0,0,0,0,"bluesky,hackernews,newsrss,reddit",,0.0,0,0,0,0,"bluesky,hackernews,newsrss,reddit",
30d,0.0,0.0,NYC Taxi & Limousine Commission,report,,2005 Annual Report,,https://www.nyc.gov/assets/tlc/downloads/pdf/2005_annual_report.pdf,https://www.nyc.gov/assets/tlc/downloads/pdf/2005_annual_report.pdf,pdf,no public link pickups found in checked sources,0.0,0,0,0,0,"bluesky,hackernews,newsrss,reddit",,0.0,0,0,0,0,"bluesky,hackernews,newsrss,reddit",,0.0,0,0,0,0,"bluesky,hackernews,newsrss,reddit",
30d,0.0,0.0,NYC Taxi & Limousine Commission,report,,2004 Annual Report,,https://www.nyc.gov/assets/tlc/downloads/pdf/2004_annual_report.pdf,https://www.nyc.gov/assets/tlc/downloads/pdf/2004_annual_report.pdf,pdf,no public link pickups found in checked sources,0.0,0,0,0,0,"bluesky,hackernews,newsrss,reddit",,0.0,0,0,0,0,"bluesky,hackernews,newsrss,reddit",,0.0,0,0,0,0,"bluesky,hackernews,newsrss,reddit",
30d,0.0,0.0,NYC Taxi & Limousine Commission,report,,2003 Annual Report,,https://www.nyc.gov/assets/tlc/downloads/pdf/2003_annual_report.pdf,https://www.nyc.gov/assets/tlc/downloads/pdf/2003_annual_report.pdf,pdf,no public link pickups found in checked sources,0.0,0,0,0,0,"bluesky,hackernews,newsrss,reddit",,0.0,0,0,0,0,"bluesky,hackernews,newsrss,reddit",,0.0,0,0,0,0,"bluesky,hackernews,newsrss,reddit",
30d,0.0,0.0,NYC Taxi & Limousine Commission,report,,2002 Annual Report,,https://www.nyc.gov/assets/tlc/downloads/pdf/annual_report03.pdf,https://www.nyc.gov/assets/tlc/downloads/pdf/annual_report03.pdf,pdf,no public link pickups found in checked sources,0.0,0,0,0,0,"bluesky,hackernews,newsrss,reddit",,0.0,0,0,0,0,"bluesky,hackernews,newsrss,reddit",,0.0,0,0,0,0,"bluesky,hackernews,newsrss,reddit",
30d,0.0,0.0,NYC Taxi & Limousine Commission,report,,February 2026 FHV License Review,,https://www.nyc.gov/assets/tlc/downloads/pdf/license-pause-report-2026-02.pdf,https://www.nyc.gov/assets/tlc/downloads/pdf/license-pause-report-2026-02.pdf,pdf,no public link pickups found in checked sources,0.0,0,0,0,0,"bluesky,hackernews,newsrss,reddit",,0.0,0,0,0,0,"bluesky,hackernews,newsrss,reddit",,0.0,0,0,0,0,"bluesky,hackernews,newsrss,reddit",
30d,0.0,0.0,NYC Taxi & Limousine Commission,report,,February 2025 FHV License Review,,https://www.nyc.gov/assets/tlc/downloads/pdf/license-pause-report-2025-02.pdf,https://www.nyc.gov/assets/tlc/downloads/pdf/license-pause-report-2025-02.pdf,pdf,no public link pickups found in checked sources,0.0,0,0,0,0,"bluesky,hackernews,newsrss,reddit",,0.0,0,0,0,0,"bluesky,hackernews,newsrss,reddit",,0.0,0,0,0,0,"bluesky,hackernews,newsrss,reddit",
30d,0.0,0.0,NYC Taxi & Limousine Commission,report,,February 2024 FHV License Review,,https://www.nyc.gov/assets/tlc/downloads/pdf/license-pause-report-2024-02.pdf,https://www.nyc.gov/assets/tlc/downloads/pdf/license-pause-report-2024-02.pdf,pdf,no public link pickups found in checked sources,0.0,0,0,0,0,"bluesky,hackernews,newsrss,reddit",,0.0,0,0,0,0,"bluesky,hackernews,newsrss,reddit",,0.0,0,0,0,0,"bluesky,hackernews,newsrss,reddit",
30d,0.0,0.0,NYC Taxi & Limousine Commission,report,,February 2023 FHV License Review,,https://www.nyc.gov/assets/tlc/downloads/pdf/license-pause-report-2023-02.pdf,https://www.nyc.gov/assets/tlc/downloads/pdf/license-pause-report-2023-02.pdf,pdf,no public link pickups found in checked sources,0.0,0,0,0,0,"bluesky,hackernews,newsrss,reddit",,0.0,0,0,0,0,"bluesky,hackernews,newsrss,reddit",,0.0,0,0,0,0,"bluesky,hackernews,newsrss,reddit",
30d,0.0,0.0,NYC Taxi & Limousine Commission,report,,September 2022 FHV License Review,,https://www.nyc.gov/assets/tlc/downloads/pdf/license-pause-report-2022-08.pdf,https://www.nyc.gov/assets/tlc/downloads/pdf/license-pause-report-2022-08.pdf,pdf,no public link pickups found in checked sources,0.0,0,0,0,0,"bluesky,hackernews,newsrss,reddit",,0.0,0,0,0,0,"bluesky,hackernews,newsrss,reddit",,0.0,0,0,0,0,"bluesky,hackernews,newsrss,reddit",
30d,0.0,0.0,NYC Taxi & Limousine Commission,report,,February 2022 FHV License Review,,https://www.nyc.gov/assets/tlc/downloads/pdf/license-pause-report-2022-02.pdf,https://www.nyc.gov/assets/tlc/downloads/pdf/license-pause-report-2022-02.pdf,pdf,no public link pickups found in checked sources,0.0,0,0,0,0,"bluesky,hackernews,newsrss,reddit",,0.0,0,0,0,0,"bluesky,hackernews,newsrss,reddit",,0.0,0,0,0,0,"bluesky,hackernews,newsrss,reddit",
30d,0.0,0.0,NYC Taxi & Limousine Commission,report,,August 2021 FHV License Review,,https://www.nyc.gov/assets/tlc/downloads/pdf/license-pause-report-2021-08.pdf,https://www.nyc.gov/assets/tlc/downloads/pdf/license-pause-report-2021-08.pdf,pdf,no public link pickups found in checked sources,0.0,0,0,0,0,"bluesky,hackernews,newsrss,reddit",,0.0,0,0,0,0,"bluesky,hackernews,newsrss,reddit",,0.0,0,0,0,0,"bluesky,hackernews,newsrss,reddit",
30d,0.0,0.0,NYC Taxi & Limousine Commission,report,,February 2021 FHV License Review,,https://www.nyc.gov/assets/tlc/downloads/pdf/license-pause-report-2021-02.pdf,https://www.nyc.gov/assets/tlc/downloads/pdf/license-pause-report-2021-02.pdf,pdf,no public link pickups found in checked sources,0.0,0,0,0,0,"bluesky,hackernews,newsrss,reddit",,0.0,0,0,0,0,"bluesky,hackernews,newsrss,reddit",,0.0,0,0,0,0,"bluesky,hackernews,newsrss,reddit",
30d,0.0,0.0,NYC Taxi & Limousine Commission,report,,August 2020 FHV License Review,,https://www.nyc.gov/assets/tlc/downloads/pdf/license-pause-report-2020-09.pdf,https://www.nyc.gov/assets/tlc/downloads/pdf/license-pause-report-2020-09.pdf,pdf,no public link pickups found in checked sources,0.0,0,0,0,0,"bluesky,hackernews,newsrss,reddit",,0.0,0,0,0,0,"bluesky,hackernews,newsrss,reddit",,0.0,0,0,0,0,"bluesky,hackernews,newsrss,reddit",
30d,0.0,0.0,NYC Taxi & Limousine Commission,report,,FHV Congestion Study Report (June 2019),,https://www.nyc.gov/assets/tlc/downloads/pdf/fhv_congestion_study_report.pdf,https://www.nyc.gov/assets/tlc/downloads/pdf/fhv_congestion_study_report.pdf,pdf,no public link pickups found in checked sources,0.0,0,0,0,0,"bluesky,hackernews,newsrss,reddit",,0.0,0,0,0,0,"bluesky,hackernews,newsrss,reddit",,0.0,0,0,0,0,"bluesky,hackernews,newsrss,reddit",
30d,0.0,0.0,NYC Taxi & Limousine Commission,report,,First Quarter Reports (January 2019),,https://www.nyc.gov/assets/tlc/downloads/pdf/local_law_147_1st_quarter.pdf,https://www.nyc.gov/assets/tlc/downloads/pdf/local_law_147_1st_quarter.pdf,pdf,no public link pickups found in checked sources,0.0,0,0,0,0,"bluesky,hackernews,newsrss,reddit",,0.0,0,0,0,0,"bluesky,hackernews,newsrss,reddit",,0.0,0,0,0,0,"bluesky,hackernews,newsrss,reddit",
30d,0.0,0.0,NYC Taxi & Limousine Commission,report,,Second Quarter Reports (April 2019),,https://www.nyc.gov/assets/tlc/downloads/pdf/local_law_147_2nd_quarter.pdf,https://www.nyc.gov/assets/tlc/downloads/pdf/local_law_147_2nd_quarter.pdf,pdf,no public link pickups found in checked sources,0.0,0,0,0,0,"bluesky,hackernews,newsrss,reddit",,0.0,0,0,0,0,"bluesky,hackernews,newsrss,reddit",,0.0,0,0,0,0,"bluesky,hackernews,newsrss,reddit",
30d,0.0,0.0,NYC Taxi & Limousine Commission,report,,Third Quarter Reports (August 2019),,https://www.nyc.gov/assets/tlc/downloads/pdf/local_law_147_3rd_quarter.pdf,https://www.nyc.gov/assets/tlc/downloads/pdf/local_law_147_3rd_quarter.pdf,pdf,no public link pickups found in checked sources,0.0,0,0,0,0,"bluesky,hackernews,newsrss,reddit",,0.0,0,0,0,0,"bluesky,hackernews,newsrss,reddit",,0.0,0,0,0,0,"bluesky,hackernews,newsrss,reddit",
30d,0.0,0.0,NYC Taxi & Limousine Commission,report,,Fouth Quarter R,,https://www.nyc.gov/assets/tlc/downloads/pdf/local_law_147_4th_quarter.pdf,https://www.nyc.gov/assets/tlc/downloads/pdf/local_law_147_4th_quarter.pdf,pdf,no public link pickups found in checked sources,0.0,0,0,0,0,"bluesky,hackernews,newsrss,reddit",,0.0,0,0,0,0,"bluesky,hackernews,newsrss,reddit",,0.0,0,0,0,0,"bluesky,hackernews,newsrss,reddit",
30d,0.0,0.0,NYC Department of Small Business Services,report,,Benyc Report Digital,,https://www.nyc.gov/assets/sbs/downloads/pdf/about/reports/benyc-report-digital.pdf,https://www.nyc.gov/assets/sbs/downloads/pdf/about/reports/benyc-report-digital.pdf,pdf,no public link pickups found in checked sources,0.0,0,0,0,0,"bluesky,hackernews,newsrss,reddit",,0.0,0,0,0,0,"bluesky,hackernews,newsrss,reddit",,0.0,0,0,0,0,"bluesky,hackernews,newsrss,reddit",
30d,0.0,0.0,NYC Department of Small Business Services,report,,Benyc Briefing Paper,,https://www.nyc.gov/assets/sbs/downloads/pdf/businesses/BENYC-briefing-paper.pdf,https://www.nyc.gov/assets/sbs/downloads/pdf/businesses/BENYC-briefing-paper.pdf,pdf,no public link pickups found in checked sources,0.0,0,0,0,0,"bluesky,hackernews,newsrss,reddit",,0.0,0,0,0,0,"bluesky,hackernews,newsrss,reddit",,0.0,0,0,0,0,"bluesky,hackernews,newsrss,reddit",
30d,0.0,0.0,NYC Department of Small Business Services,report,,Cannabisnyc Report 2022 25,,https://www.nyc.gov/assets/sbs/downloads/pdf/about/reports/cannabisnyc-report_2022-25.pdf,https://www.nyc.gov/assets/sbs/downloads/pdf/about/reports/cannabisnyc-report_2022-25.pdf,pdf,no public link pickups found in checked sources,0.0,0,0,0,0,"bluesky,hackernews,newsrss,reddit",,0.0,0,0,0,0,"bluesky,hackernews,newsrss,reddit",,0.0,0,0,0,0,"bluesky,hackernews,newsrss,reddit",
30d,0.0,0.0,NYC Department of Small Business Services,report,,Ibi Toolkit,,https://www.nyc.gov/assets/sbs/downloads/pdf/about/reports/ibi_toolkit.pdf,https://www.nyc.gov/assets/sbs/downloads/pdf/about/reports/ibi_toolkit.pdf,pdf,no public link pickups found in checked sources,0.0,0,0,0,0,"bluesky,hackernews,newsrss,reddit",,0.0,0,0,0,0,"bluesky,hackernews,newsrss,reddit",,0.0,0,0,0,0,"bluesky,hackernews,newsrss,reddit",
30d,0.0,0.0,NYC Department of Small Business Services,report,,Arabic | العَرَبِيَّة,,https://www.nyc.gov/assets/sbs/downloads/pdf/about/reports/ibi_toolkit-ARcairo-digital.pdf,https://www.nyc.gov/assets/sbs/downloads/pdf/about/reports/ibi_toolkit-ARcairo-digital.pdf,pdf,no public link pickups found in checked sources,0.0,0,0,0,0,"bluesky,hackernews,newsrss,reddit",,0.0,0,0,0,0,"bluesky,hackernews,newsrss,reddit",,0.0,0,0,0,0,"bluesky,hackernews,newsrss,reddit",
30d,0.0,0.0,NYC Department of Small Business Services,report,,Bengali | বাংলা,,https://www.nyc.gov/assets/sbs/downloads/pdf/about/reports/ibi_toolkit-BN-digital.pdf,https://www.nyc.gov/assets/sbs/downloads/pdf/about/reports/ibi_toolkit-BN-digital.pdf,pdf,no public link pickups found in checked sources,0.0,0,0,0,0,"bluesky,hackernews,newsrss,reddit",,0.0,0,0,0,0,"bluesky,hackernews,newsrss,reddit",,0.0,0,0,0,0,"bluesky,hackernews,newsrss,reddit",
30d,0.0,0.0,NYC Department of Small Business Services,report,,Chinese | 漢語,,https://www.nyc.gov/assets/sbs/downloads/pdf/about/reports/ibi_toolkit-TC-digital.pdf,https://www.nyc.gov/assets/sbs/downloads/pdf/about/reports/ibi_toolkit-TC-digital.pdf,pdf,no public link pickups found in checked sources,0.0,0,0,0,0,"bluesky,hackernews,newsrss,reddit",,0.0,0,0,0,0,"bluesky,hackernews,newsrss,reddit",,0.0,0,0,0,0,"bluesky,hackernews,newsrss,reddit",
30d,0.0,0.0,NYC Department of Small Business Services,report,,Haitian Creole | kreyòl ayisyen,,https://www.nyc.gov/assets/sbs/downloads/pdf/about/reports/ibi_toolkit-HC-digital.pdf,https://www.nyc.gov/assets/sbs/downloads/pdf/about/reports/ibi_toolkit-HC-digital.pdf,pdf,no public link pickups found in checked sources,0.0,0,0,0,0,"bluesky,hackernews,newsrss,reddit",,0.0,0,0,0,0,"bluesky,hackernews,newsrss,reddit",,0.0,0,0,0,0,"bluesky,hackernews,newsrss,reddit",
30d,0.0,0.0,NYC Department of Small Business Services,report,,Korean | 한국어,,https://www.nyc.gov/assets/sbs/downloads/pdf/about/reports/ibi_toolkit-KO-digital.pdf,https://www.nyc.gov/assets/sbs/downloads/pdf/about/reports/ibi_toolkit-KO-digital.pdf,pdf,no public link pickups found in checked sources,0.0,0,0,0,0,"bluesky,hackernews,newsrss,reddit",,0.0,0,0,0,0,"bluesky,hackernews,newsrss,reddit",,0.0,0,0,0,0,"bluesky,hackernews,newsrss,reddit",
30d,0.0,0.0,NYC Department of Small Business Services,report,,Russian | ру́сский язы́к,,https://www.nyc.gov/assets/sbs/downloads/pdf/about/reports/ibi_toolkit-RU-digital.pdf,https://www.nyc.gov/assets/sbs/downloads/pdf/about/reports/ibi_toolkit-RU-digital.pdf,pdf,no public link pickups found in checked sources,0.0,0,0,0,0,"bluesky,hackernews,newsrss,reddit",,0.0,0,0,0,0,"bluesky,hackernews,newsrss,reddit",,0.0,0,0,0,0,"bluesky,hackernews,newsrss,reddit",
30d,0.0,0.0,NYC Department of Small Business Services,report,,Spanish | Español,,https://www.nyc.gov/assets/sbs/downloads/pdf/about/reports/ibi_toolkit-ES-digital.pdf,https://www.nyc.gov/assets/sbs/downloads/pdf/about/reports/ibi_toolkit-ES-digital.pdf,pdf,no public link pickups found in checked sources,0.0,0,0,0,0,"bluesky,hackernews,newsrss,reddit",,0.0,0,0,0,0,"bluesky,hackernews,newsrss,reddit",,0.0,0,0,0,0,"bluesky,hackernews,newsrss,reddit",
30d,0.0,0.0,NYC Department of Small Business Services,report,,Unlocking Potential: Empowering New York City's Immigrant Entrepreneurs,,https://www.nyc.gov/assets/sbs/downloads/pdf/about/reports/ibi_report.pdf,https://www.nyc.gov/assets/sbs/downloads/pdf/about/reports/ibi_report.pdf,pdf,no public link pickups found in checked sources,0.0,0,0,0,0,"bluesky,hackernews,newsrss,reddit",,0.0,0,0,0,0,"bluesky,hackernews,newsrss,reddit",,0.0,0,0,0,0,"bluesky,hackernews,newsrss,reddit",
30d,0.0,0.0,NYC Department of Small Business Services,report,,Nyc Contracting Summit Booklet 2026,,https://www.nyc.gov/assets/sbs/downloads/pdf/about/reports/nyc-contracting-summit-booklet_2026.pdf,https://www.nyc.gov/assets/sbs/downloads/pdf/about/reports/nyc-contracting-summit-booklet_2026.pdf,pdf,no public link pickups found in checked sources,0.0,0,0,0,0,"bluesky,hackernews,newsrss,reddit",,0.0,0,0,0,0,"bluesky,hackernews,newsrss,reddit",,0.0,0,0,0,0,"bluesky,hackernews,newsrss,reddit",
30d,0.0,0.0,NYC Department of Small Business Services,report,,Nyc Sbof Impact Report,,https://www.nyc.gov/assets/sbs/downloads/pdf/about/reports/NYC-SBOF-Impact-Report.pdf,https://www.nyc.gov/assets/sbs/downloads/pdf/about/reports/NYC-SBOF-Impact-Report.pdf,pdf,no public link pickups found in checked sources,0.0,0,0,0,0,"bluesky,hackernews,newsrss,reddit",,0.0,0,0,0,0,"bluesky,hackernews,newsrss,reddit",,0.0,0,0,0,0,"bluesky,hackernews,newsrss,reddit",
30d,0.0,0.0,NYC Department of Small Business Services,report,,State of Small Businesses Survey Report (released in June 2019),,https://www.nyc.gov/assets/sbs/downloads/pdf/about/reports/small_business_survey_report.pdf,https://www.nyc.gov/assets/sbs/downloads/pdf/about/reports/small_business_survey_report.pdf,pdf,no public link pickups found in checked sources,0.0,0,0,0,0,"bluesky,hackernews,newsrss,reddit",,0.0,0,0,0,0,"bluesky,hackernews,newsrss,reddit",,0.0,0,0,0,0,"bluesky,hackernews,newsrss,reddit",
30d,0.0,0.0,NYC Department of Small Business Services,report,,Sbac Report 25,,https://www.nyc.gov/assets/sbs/downloads/pdf/about/reports/SBAC_Report_25.pdf,https://www.nyc.gov/assets/sbs/downloads/pdf/about/reports/SBAC_Report_25.pdf,pdf,no public link pickups found in checked sources,0.0,0,0,0,0,"bluesky,hackernews,newsrss,reddit",,0.0,0,0,0,0,"bluesky,hackernews,newsrss,reddit",,0.0,0,0,0,0,"bluesky,hackernews,newsrss,reddit",
30d,0.0,0.0,NYC Department of Small Business Services,report,,SBAC Report FY2024,,https://www.nyc.gov/assets/sbs/downloads/pdf/about/reports/SBAC_Report_24.pdf,https://www.nyc.gov/assets/sbs/downloads/pdf/about/reports/SBAC_Report_24.pdf,pdf,no public link pickups found in checked sources,0.0,0,0,0,0,"bluesky,hackernews,newsrss,reddit",,0.0,0,0,0,0,"bluesky,hackernews,newsrss,reddit",,0.0,0,0,0,0,"bluesky,hackernews,newsrss,reddit",
30d,0.0,0.0,NYC Department of Small Business Services,report,,SBAC Report FY2023,,https://www.nyc.gov/assets/sbs/downloads/pdf/about/reports/SBAC_Report_23.pdf,https://www.nyc.gov/assets/sbs/downloads/pdf/about/reports/SBAC_Report_23.pdf,pdf,no public link pickups found in checked sources,0.0,0,0,0,0,"bluesky,hackernews,newsrss,reddit",,0.0,0,0,0,0,"bluesky,hackernews,newsrss,reddit",,0.0,0,0,0,0,"bluesky,hackernews,newsrss,reddit",
30d,0.0,0.0,NYC Department of Small Business Services,report,,Small Business First Report,,https://www.nyc.gov/assets/sbs/downloads/pdf/about/reports/small-business-first-report.pdf,https://www.nyc.gov/assets/sbs/downloads/pdf/about/reports/small-business-first-report.pdf,pdf,no public link pickups found in checked sources,0.0,0,0,0,0,"bluesky,hackernews,newsrss,reddit",,0.0,0,0,0,0,"bluesky,hackernews,newsrss,reddit",,0.0,0,0,0,0,"bluesky,hackernews,newsrss,reddit",
30d,0.0,0.0,NYC Department of Small Business Services,report,,Supporting Nyc Recovery Growth,,https://www.nyc.gov/assets/sbs/downloads/pdf/about/reports/supporting-nyc-recovery-growth.pdf,https://www.nyc.gov/assets/sbs/downloads/pdf/about/reports/supporting-nyc-recovery-growth.pdf,pdf,no public link pickups found in checked sources,0.0,0,0,0,0,"bluesky,hackernews,newsrss,reddit",,0.0,0,0,0,0,"bluesky,hackernews,newsrss,reddit",,0.0,0,0,0,0,"bluesky,hackernews,newsrss,reddit",
30d,0.0,0.0,NYC Department of Small Business Services,report,,Veterans Report,,https://www.nyc.gov/assets/sbs/downloads/pdf/about/reports/veterans_report.pdf,https://www.nyc.gov/assets/sbs/downloads/pdf/about/reports/veterans_report.pdf,pdf,no public link pickups found in checked sources,0.0,0,0,0,0,"bluesky,hackernews,newsrss,reddit",,0.0,0,0,0,0,"bluesky,hackernews,newsrss,reddit",,0.0,0,0,0,0,"bluesky,hackernews,newsrss,reddit",
30d,0.0,0.0,NYC Department of Small Business Services,report,,Wenyc 5Yearimpact Report,,https://www.nyc.gov/assets/sbs/downloads/pdf/about/reports/wenyc-5yearimpact-report.pdf,https://www.nyc.gov/assets/sbs/downloads/pdf/about/reports/wenyc-5yearimpact-report.pdf,pdf,no public link pickups found in checked sources,0.0,0,0,0,0,"bluesky,hackernews,newsrss,reddit",,0.0,0,0,0,0,"bluesky,hackernews,newsrss,reddit",,0.0,0,0,0,0,"bluesky,hackernews,newsrss,reddit",
30d,0.0,0.0,NYC Department of Small Business Services,report,,Wenyc Report 2015,,https://www.nyc.gov/assets/sbs/downloads/pdf/about/reports/wenyc_report_2015.pdf,https://www.nyc.gov/assets/sbs/downloads/pdf/about/reports/wenyc_report_2015.pdf,pdf,no public link pickups found in checked sources,0.0,0,0,0,0,"bluesky,hackernews,newsrss,reddit",,0.0,0,0,0,0,"bluesky,hackernews,newsrss,reddit",,0.0,0,0,0,0,"bluesky,hackernews,newsrss,reddit",
30d,0.0,0.0,NYC Department of Small Business Services,report,,This report,,https://www.nyc.gov/assets/sbs/downloads/pdf/about/reports/worker_coop_report_fy25.pdf,https://www.nyc.gov/assets/sbs/downloads/pdf/about/reports/worker_coop_report_fy25.pdf,pdf,no public link pickups found in checked sources,0.0,0,0,0,0,"bluesky,hackernews,newsrss,reddit",,0.0,0,0,0,0,"bluesky,hackernews,newsrss,reddit",,0.0,0,0,0,0,"bluesky,hackernews,newsrss,reddit",
30d,0.0,0.0,NYC Department of Small Business Services,report,,Fiscal Years 2023-2025 report,,https://www.nyc.gov/assets/sbs/downloads/pdf/about/reports/worker_coop_report_fy23-25.pdf,https://www.nyc.gov/assets/sbs/downloads/pdf/about/reports/worker_coop_report_fy23-25.pdf,pdf,no public link pickups found in checked sources,0.0,0,0,0,0,"bluesky,hackernews,newsrss,reddit",,0.0,0,0,0,0,"bluesky,hackernews,newsrss,reddit",,0.0,0,0,0,0,"bluesky,hackernews,newsrss,reddit",
30d,0.0,0.0,NYC Department of Small Business Services,report,,Fiscal Year 2024 report,,https://www.nyc.gov/assets/sbs/downloads/pdf/about/reports/worker_coop_report_fy24.pdf,https://www.nyc.gov/assets/sbs/downloads/pdf/about/reports/worker_coop_report_fy24.pdf,pdf,no public link pickups found in checked sources,0.0,0,0,0,0,"bluesky,hackernews,newsrss,reddit",,0.0,0,0,0,0,"bluesky,hackernews,newsrss,reddit",,0.0,0,0,0,0,"bluesky,hackernews,newsrss,reddit",
30d,0.0,0.0,NYC Department of Small Business Services,report,,Fiscal Year 2023 report,,https://www.nyc.gov/assets/sbs/downloads/pdf/about/reports/worker_coop_report_fy23.pdf,https://www.nyc.gov/assets/sbs/downloads/pdf/about/reports/worker_coop_report_fy23.pdf,pdf,no public link pickups found in checked sources,0.0,0,0,0,0,"bluesky,hackernews,newsrss,reddit",,0.0,0,0,0,0,"bluesky,hackernews,newsrss,reddit",,0.0,0,0,0,0,"bluesky,hackernews,newsrss,reddit",
30d,0.0,0.0,NYC Department of Small Business Services,report,,Fiscal Years 2020-2022 report,,https://www.nyc.gov/assets/sbs/downloads/pdf/about/reports/worker_coop_report_fy20-22.pdf,https://www.nyc.gov/assets/sbs/downloads/pdf/about/reports/worker_coop_report_fy20-22.pdf,pdf,no public link pickups found in checked sources,0.0,0,0,0,0,"bluesky,hackernews,newsrss,reddit",,0.0,0,0,0,0,"bluesky,hackernews,newsrss,reddit",,0.0,0,0,0,0,"bluesky,hackernews,newsrss,reddit",
30d,0.0,0.0,NYC Department of Small Business Services,report,,Fiscal Year 2022 report,,https://www.nyc.gov/assets/sbs/downloads/pdf/about/reports/worker_coop_report_fy22.pdf,https://www.nyc.gov/assets/sbs/downloads/pdf/about/reports/worker_coop_report_fy22.pdf,pdf,no public link pickups found in checked sources,0.0,0,0,0,0,"bluesky,hackernews,newsrss,reddit",,0.0,0,0,0,0,"bluesky,hackernews,newsrss,reddit",,0.0,0,0,0,0,"bluesky,hackernews,newsrss,reddit",
30d,0.0,0.0,NYC Department of Small Business Services,report,,Fiscal Year 2021 report,,https://www.nyc.gov/assets/sbs/downloads/pdf/about/reports/worker_coop_report_fy21.pdf,https://www.nyc.gov/assets/sbs/downloads/pdf/about/reports/worker_coop_report_fy21.pdf,pdf,no public link pickups found in checked sources,0.0,0,0,0,0,"bluesky,hackernews,newsrss,reddit",,0.0,0,0,0,0,"bluesky,hackernews,newsrss,reddit",,0.0,0,0,0,0,"bluesky,hackernews,newsrss,reddit",
30d,0.0,0.0,NYC Department of Small Business Services,report,,Fiscal Year 2020 report,,https://www.nyc.gov/assets/sbs/downloads/pdf/about/reports/worker_coop_report_fy20.pdf,https://www.nyc.gov/assets/sbs/downloads/pdf/about/reports/worker_coop_report_fy20.pdf,pdf,no public link pickups found in checked sources,0.0,0,0,0,0,"bluesky,hackernews,newsrss,reddit",,0.0,0,0,0,0,"bluesky,hackernews,newsrss,reddit",,0.0,0,0,0,0,"bluesky,hackernews,newsrss,reddit",
30d,0.0,0.0,NYC Department of Small Business Services,report,,Fiscal Years 2017-2019 report,,https://www.nyc.gov/assets/sbs/downloads/pdf/about/reports/worker_coop_report_fy17-19.pdf,https://www.nyc.gov/assets/sbs/downloads/pdf/about/reports/worker_coop_report_fy17-19.pdf,pdf,no public link pickups found in checked sources,0.0,0,0,0,0,"bluesky,hackernews,newsrss,reddit",,0.0,0,0,0,0,"bluesky,hackernews,newsrss,reddit",,0.0,0,0,0,0,"bluesky,hackernews,newsrss,reddit",
30d,0.0,0.0,NYC Department of Small Business Services,report,,Fiscal Year 2019 report,,https://www.nyc.gov/assets/sbs/downloads/pdf/about/reports/worker_coop_report_fy19.pdf,https://www.nyc.gov/assets/sbs/downloads/pdf/about/reports/worker_coop_report_fy19.pdf,pdf,no public link pickups found in checked sources,0.0,0,0,0,0,"bluesky,hackernews,newsrss,reddit",,0.0,0,0,0,0,"bluesky,hackernews,newsrss,reddit",,0.0,0,0,0,0,"bluesky,hackernews,newsrss,reddit",
30d,0.0,0.0,NYC Department of Small Business Services,report,,Fiscal Year 2018 report,,https://www.nyc.gov/assets/sbs/downloads/pdf/about/reports/worker_coop_report_fy18.pdf,https://www.nyc.gov/assets/sbs/downloads/pdf/about/reports/worker_coop_report_fy18.pdf,pdf,no public link pickups found in checked sources,0.0,0,0,0,0,"bluesky,hackernews,newsrss,reddit",,0.0,0,0,0,0,"bluesky,hackernews,newsrss,reddit",,0.0,0,0,0,0,"bluesky,hackernews,newsrss,reddit",
30d,0.0,0.0,NYC Department of Small Business Services,report,,Fiscal Year 2017 report,,https://www.nyc.gov/assets/sbs/downloads/pdf/about/reports/worker_coop_report_fy17.pdf,https://www.nyc.gov/assets/sbs/downloads/pdf/about/reports/worker_coop_report_fy17.pdf,pdf,no public link pickups found in checked sources,0.0,0,0,0,0,"bluesky,hackernews,newsrss,reddit",,0.0,0,0,0,0,"bluesky,hackernews,newsrss,reddit",,0.0,0,0,0,0,"bluesky,hackernews,newsrss,reddit",
30d,0.0,0.0,NYC Department of Small Business Services,report,,Fiscal Year 2016 report,,https://www.nyc.gov/assets/sbs/downloads/pdf/about/reports/worker_coop_report_fy16.pdf,https://www.nyc.gov/assets/sbs/downloads/pdf/about/reports/worker_coop_report_fy16.pdf,pdf,no public link pickups found in checked sources,0.0,0,0,0,0,"bluesky,hackernews,newsrss,reddit",,0.0,0,0,0,0,"bluesky,hackernews,newsrss,reddit",,0.0,0,0,0,0,"bluesky,hackernews,newsrss,reddit",
30d,0.0,0.0,NYC Department of Small Business Services,report,,Fiscal Year 2015 report,,https://www.nyc.gov/assets/sbs/downloads/pdf/about/reports/worker_coop_report_fy15.pdf,https://www.nyc.gov/assets/sbs/downloads/pdf/about/reports/worker_coop_report_fy15.pdf,pdf,no public link pickups found in checked sources,0.0,0,0,0,0,"bluesky,hackernews,newsrss,reddit",,0.0,0,0,0,0,"bluesky,hackernews,newsrss,reddit",,0.0,0,0,0,0,"bluesky,hackernews,newsrss,reddit",
30d,0.0,0.0,NYC Department of Small Business Services,report,,NYC Office of Nightlife Report 2026,,https://www.nyc.gov/assets/sbs/downloads/pdf/about/reports/nightlife-report-2026.pdf,https://www.nyc.gov/assets/sbs/downloads/pdf/about/reports/nightlife-report-2026.pdf,pdf,no public link pickups found in checked sources,0.0,0,0,0,0,"bluesky,hackernews,newsrss,reddit",,0.0,0,0,0,0,"bluesky,hackernews,newsrss,reddit",,0.0,0,0,0,0,"bluesky,hackernews,newsrss,reddit",
30d,0.0,0.0,NYC Department of Small Business Services,report,,NYC Office of Nightlife Report 2025,,https://www.nyc.gov/assets/sbs/downloads/pdf/about/reports/nightlife-report-2025.pdf,https://www.nyc.gov/assets/sbs/downloads/pdf/about/reports/nightlife-report-2025.pdf,pdf,no public link pickups found in checked sources,0.0,0,0,0,0,"bluesky,hackernews,newsrss,reddit",,0.0,0,0,0,0,"bluesky,hackernews,newsrss,reddit",,0.0,0,0,0,0,"bluesky,hackernews,newsrss,reddit",
30d,0.0,0.0,NYC Department of Small Business Services,report,,NYC Office of Nightlife Report 2023-24,,https://www.nyc.gov/assets/sbs/downloads/pdf/about/reports/nightlife-report-2023-24.pdf,https://www.nyc.gov/assets/sbs/downloads/pdf/about/reports/nightlife-report-2023-24.pdf,pdf,no public link pickups found in checked sources,0.0,0,0,0,0,"bluesky,hackernews,newsrss,reddit",,0.0,0,0,0,0,"bluesky,hackernews,newsrss,reddit",,0.0,0,0,0,0,"bluesky,hackernews,newsrss,reddit",
30d,0.0,0.0,NYC Department of Finance,report,,Class 1 Guide,,https://www.nyc.gov/assets/finance/downloads/pdf/brochures/class_1_guide.pdf,https://www.nyc.gov/assets/finance/downloads/pdf/brochures/class_1_guide.pdf,pdf,no public link pickups found in checked sources,0.0,0,0,0,0,"bluesky,hackernews,newsrss,reddit",,0.0,0,0,0,0,"bluesky,hackernews,newsrss,reddit",,0.0,0,0,0,0,"bluesky,hackernews,newsrss,reddit",
30d,0.0,0.0,NYC Department of Finance,report,,Class 2 Guide,,https://www.nyc.gov/assets/finance/downloads/pdf/brochures/class_2_guide.pdf,https://www.nyc.gov/assets/finance/downloads/pdf/brochures/class_2_guide.pdf,pdf,no public link pickups found in checked sources,0.0,0,0,0,0,"bluesky,hackernews,newsrss,reddit",,0.0,0,0,0,0,"bluesky,hackernews,newsrss,reddit",,0.0,0,0,0,0,"bluesky,hackernews,newsrss,reddit",
30d,0.0,0.0,NYC Department of Finance,report,,Condo Apportionment Online System Reference Guide,,https://www.nyc.gov/assets/finance/downloads/pdf/condo_apportionment/condo_apportionment_ref_guide.pdf,https://www.nyc.gov/assets/finance/downloads/pdf/condo_apportionment/condo_apportionment_ref_guide.pdf,pdf,no public link pickups found in checked sources,0.0,0,0,0,0,"bluesky,hackernews,newsrss,reddit",,0.0,0,0,0,0,"bluesky,hackernews,newsrss,reddit",,0.0,0,0,0,0,"bluesky,hackernews,newsrss,reddit",
30d,0.0,0.0,NYC Department of Finance,report,,Condo Apportionment Workflow Reference Guide,,https://www.nyc.gov/assets/finance/downloads/pdf/condo_apportionment/condo_apportionment_ref_workflow_guide.pdf,https://www.nyc.gov/assets/finance/downloads/pdf/condo_apportionment/condo_apportionment_ref_workflow_guide.pdf,pdf,no public link pickups found in checked sources,0.0,0,0,0,0,"bluesky,hackernews,newsrss,reddit",,0.0,0,0,0,0,"bluesky,hackernews,newsrss,reddit",,0.0,0,0,0,0,"bluesky,hackernews,newsrss,reddit",
30d,0.0,0.0,NYC Department of Finance,report,,Condo Apportionment Lots Upload Reference Guide,,https://www.nyc.gov/assets/finance/downloads/pdf/condo_apportionment/condo_apportionment_lots_upload_guide.pdf,https://www.nyc.gov/assets/finance/downloads/pdf/condo_apportionment/condo_apportionment_lots_upload_guide.pdf,pdf,no public link pickups found in checked sources,0.0,0,0,0,0,"bluesky,hackernews,newsrss,reddit",,0.0,0,0,0,0,"bluesky,hackernews,newsrss,reddit",,0.0,0,0,0,0,"bluesky,hackernews,newsrss,reddit",
30d,0.0,0.0,NYC Department of Finance,report,,Protect Your Home: Deed Fraud Guide,,https://www.nyc.gov/assets/finance/downloads/pdf/translations/deed_fraud_booklet/deedfraud_booklet.pdf,https://www.nyc.gov/assets/finance/downloads/pdf/translations/deed_fraud_booklet/deedfraud_booklet.pdf,pdf,no public link pickups found in checked sources,0.0,0,0,0,0,"bluesky,hackernews,newsrss,reddit",,0.0,0,0,0,0,"bluesky,hackernews,newsrss,reddit",,0.0,0,0,0,0,"bluesky,hackernews,newsrss,reddit",
30d,0.0,0.0,NYC Department of Finance,report,,বাঙালি,,https://www.nyc.gov/assets/finance/downloads/pdf/translations/deed_fraud_booklet/deedfraud_booklet_bengali.pdf,https://www.nyc.gov/assets/finance/downloads/pdf/translations/deed_fraud_booklet/deedfraud_booklet_bengali.pdf,pdf,no public link pickups found in checked sources,0.0,0,0,0,0,"bluesky,hackernews,newsrss,reddit",,0.0,0,0,0,0,"bluesky,hackernews,newsrss,reddit",,0.0,0,0,0,0,"bluesky,hackernews,newsrss,reddit",
30d,0.0,0.0,NYC Department of Finance,report,,Deedfraud Booklet Chinese,,https://www.nyc.gov/assets/finance/downloads/pdf/translations/deed_fraud_booklet/deedfraud_booklet_chinese.pdf,https://www.nyc.gov/assets/finance/downloads/pdf/translations/deed_fraud_booklet/deedfraud_booklet_chinese.pdf,pdf,no public link pickups found in checked sources,0.0,0,0,0,0,"bluesky,hackernews,newsrss,reddit",,0.0,0,0,0,0,"bluesky,hackernews,newsrss,reddit",,0.0,0,0,0,0,"bluesky,hackernews,newsrss,reddit",
30d,0.0,0.0,NYC Department of Finance,report,,français,,https://www.nyc.gov/assets/finance/downloads/pdf/translations/deed_fraud_booklet/deedfraud_booklet_french.pdf,https://www.nyc.gov/assets/finance/downloads/pdf/translations/deed_fraud_booklet/deedfraud_booklet_french.pdf,pdf,no public link pickups found in checked sources,0.0,0,0,0,0,"bluesky,hackernews,newsrss,reddit",,0.0,0,0,0,0,"bluesky,hackernews,newsrss,reddit",,0.0,0,0,0,0,"bluesky,hackernews,newsrss,reddit",
30d,0.0,0.0,NYC Department of Finance,report,,kreyòl ayisyen,,https://www.nyc.gov/assets/finance/downloads/pdf/translations/deed_fraud_booklet/deedfraud_booklet_creole.pdf,https://www.nyc.gov/assets/finance/downloads/pdf/translations/deed_fraud_booklet/deedfraud_booklet_creole.pdf,pdf,no public link pickups found in checked sources,0.0,0,0,0,0,"bluesky,hackernews,newsrss,reddit",,0.0,0,0,0,0,"bluesky,hackernews,newsrss,reddit",,0.0,0,0,0,0,"bluesky,hackernews,newsrss,reddit",
30d,0.0,0.0,NYC Department of Finance,report,,Deedfraud Booklet Korean,,https://www.nyc.gov/assets/finance/downloads/pdf/translations/deed_fraud_booklet/deedfraud_booklet_korean.pdf,https://www.nyc.gov/assets/finance/downloads/pdf/translations/deed_fraud_booklet/deedfraud_booklet_korean.pdf,pdf,no public link pickups found in checked sources,0.0,0,0,0,0,"bluesky,hackernews,newsrss,reddit",,0.0,0,0,0,0,"bluesky,hackernews,newsrss,reddit",,0.0,0,0,0,0,"bluesky,hackernews,newsrss,reddit",
30d,0.0,0.0,NYC Department of Finance,report,,русский,,https://www.nyc.gov/assets/finance/downloads/pdf/translations/deed_fraud_booklet/deedfraud_booklet_russian.pdf,https://www.nyc.gov/assets/finance/downloads/pdf/translations/deed_fraud_booklet/deedfraud_booklet_russian.pdf,pdf,no public link pickups found in checked sources,0.0,0,0,0,0,"bluesky,hackernews,newsrss,reddit",,0.0,0,0,0,0,"bluesky,hackernews,newsrss,reddit",,0.0,0,0,0,0,"bluesky,hackernews,newsrss,reddit",
30d,0.0,0.0,NYC Department of Finance,report,,Real Property Income and Expense Reports (RPIE) FAQ,,https://www.nyc.gov/assets/finance/downloads/pdf/rpie/2021_forms/2021-rpiefaq.pdf,https://www.nyc.gov/assets/finance/downloads/pdf/rpie/2021_forms/2021-rpiefaq.pdf,pdf,no public link pickups found in checked sources,0.0,0,0,0,0,"bluesky,hackernews,newsrss,reddit",,0.0,0,0,0,0,"bluesky,hackernews,newsrss,reddit",,0.0,0,0,0,0,"bluesky,hackernews,newsrss,reddit",
30d,0.0,0.0,NYC Department of Finance,report,,Data Dictionary containing field codes and descriptions,,https://www.nyc.gov/assets/finance/downloads/tar/tarfieldcodes.pdf,https://www.nyc.gov/assets/finance/downloads/tar/tarfieldcodes.pdf,pdf,no public link pickups found in checked sources,0.0,0,0,0,0,"bluesky,hackernews,newsrss,reddit",,0.0,0,0,0,0,"bluesky,hackernews,newsrss,reddit",,0.0,0,0,0,0,"bluesky,hackernews,newsrss,reddit",
30d,0.0,0.0,NYC Department of Finance,report,,Download Glossary and Excel File Use Information,,https://www.nyc.gov/assets/finance/downloads/pdf/07pdf/glossary_rsf071607.pdf,https://www.nyc.gov/assets/finance/downloads/pdf/07pdf/glossary_rsf071607.pdf,pdf,no public link pickups found in checked sources,0.0,0,0,0,0,"bluesky,hackernews,newsrss,reddit",,0.0,0,0,0,0,"bluesky,hackernews,newsrss,reddit",,0.0,0,0,0,0,"bluesky,hackernews,newsrss,reddit",
30d,0.0,0.0,NYC Department of Finance,report,,2025 Annual Report on Recorded Deeds Notification System,,https://www.nyc.gov/assets/finance/downloads/pdf/reports/nord-annual-report-2025.pdf,https://www.nyc.gov/assets/finance/downloads/pdf/reports/nord-annual-report-2025.pdf,pdf,no public link pickups found in checked sources,0.0,0,0,0,0,"bluesky,hackernews,newsrss,reddit",,0.0,0,0,0,0,"bluesky,hackernews,newsrss,reddit",,0.0,0,0,0,0,"bluesky,hackernews,newsrss,reddit",
30d,0.0,0.0,NYC Department of Finance,report,,Final Lien Sale Task Force Recommendations,,https://www.nyc.gov/assets/finance/downloads/pdf/reports/lien_sale_report/final-lien-sale-task-force-recommendations.pdf,https://www.nyc.gov/assets/finance/downloads/pdf/reports/lien_sale_report/final-lien-sale-task-force-recommendations.pdf,pdf,no public link pickups found in checked sources,0.0,0,0,0,0,"bluesky,hackernews,newsrss,reddit",,0.0,0,0,0,0,"bluesky,hackernews,newsrss,reddit",,0.0,0,0,0,0,"bluesky,hackernews,newsrss,reddit",
30d,0.0,0.0,NYC Department of Finance,report,,2024 Annual Report on Recorded Deeds Notification System,,https://www.nyc.gov/assets/finance/downloads/pdf/24pdf/nord-annual-report-2024.pdf,https://www.nyc.gov/assets/finance/downloads/pdf/24pdf/nord-annual-report-2024.pdf,pdf,no public link pickups found in checked sources,0.0,0,0,0,0,"bluesky,hackernews,newsrss,reddit",,0.0,0,0,0,0,"bluesky,hackernews,newsrss,reddit",,0.0,0,0,0,0,"bluesky,hackernews,newsrss,reddit",
30d,0.0,0.0,NYC Department of Finance,report,,2023 Annual Report on Recorded Deeds Notification System,,https://www.nyc.gov/assets/finance/downloads/pdf/24pdf/nord-annual-report-2023.pdf,https://www.nyc.gov/assets/finance/downloads/pdf/24pdf/nord-annual-report-2023.pdf,pdf,no public link pickups found in checked sources,0.0,0,0,0,0,"bluesky,hackernews,newsrss,reddit",,0.0,0,0,0,0,"bluesky,hackernews,newsrss,reddit",,0.0,0,0,0,0,"bluesky,hackernews,newsrss,reddit",
30d,0.0,0.0,NYC Department of Finance,report,,2023 Storefront Registry Report,,https://www.nyc.gov/assets/finance/downloads/pdf/23pdf/storefront-summary-report.pdf,https://www.nyc.gov/assets/finance/downloads/pdf/23pdf/storefront-summary-report.pdf,pdf,no public link pickups found in checked sources,0.0,0,0,0,0,"bluesky,hackernews,newsrss,reddit",,0.0,0,0,0,0,"bluesky,hackernews,newsrss,reddit",,0.0,0,0,0,0,"bluesky,hackernews,newsrss,reddit",
30d,0.0,0.0,NYC Department of Finance,report,,2022 Annual Report on Recorded Deeds Notification System,,https://www.nyc.gov/assets/finance/downloads/pdf/23pdf/nord-annual-report-2022.pdf,https://www.nyc.gov/assets/finance/downloads/pdf/23pdf/nord-annual-report-2022.pdf,pdf,no public link pickups found in checked sources,0.0,0,0,0,0,"bluesky,hackernews,newsrss,reddit",,0.0,0,0,0,0,"bluesky,hackernews,newsrss,reddit",,0.0,0,0,0,0,"bluesky,hackernews,newsrss,reddit",
30d,0.0,0.0,NYC Department of Finance,report,,2022 Annual Report on Environmental Control Board (ECB) - Adjudicated Judgments,,https://www.nyc.gov/assets/finance/downloads/pdf/22pdf/ecb-annual-report-2022.pdf,https://www.nyc.gov/assets/finance/downloads/pdf/22pdf/ecb-annual-report-2022.pdf,pdf,no public link pickups found in checked sources,0.0,0,0,0,0,"bluesky,hackernews,newsrss,reddit",,0.0,0,0,0,0,"bluesky,hackernews,newsrss,reddit",,0.0,0,0,0,0,"bluesky,hackernews,newsrss,reddit",
30d,0.0,0.0,NYC Department of Finance,report,,2021 Annual Report on Environmental Control Board (ECB) - Adjudicated Judgments,,https://www.nyc.gov/assets/finance/downloads/pdf/22pdf/ecb-annual-report-2021.pdf,https://www.nyc.gov/assets/finance/downloads/pdf/22pdf/ecb-annual-report-2021.pdf,pdf,no public link pickups found in checked sources,0.0,0,0,0,0,"bluesky,hackernews,newsrss,reddit",,0.0,0,0,0,0,"bluesky,hackernews,newsrss,reddit",,0.0,0,0,0,0,"bluesky,hackernews,newsrss,reddit",
30d,0.0,0.0,NYC Department of Finance,report,,2020 Annual Report on Environmental Control Board (ECB) - Adjudicated Judgments,,https://www.nyc.gov/assets/finance/downloads/pdf/20pdf/fy20-21-ecb-annual-report.pdf,https://www.nyc.gov/assets/finance/downloads/pdf/20pdf/fy20-21-ecb-annual-report.pdf,pdf,no public link pickups found in checked sources,0.0,0,0,0,0,"bluesky,hackernews,newsrss,reddit",,0.0,0,0,0,0,"bluesky,hackernews,newsrss,reddit",,0.0,0,0,0,0,"bluesky,hackernews,newsrss,reddit",
30d,0.0,0.0,NYC Department of Finance,report,,2022 Notice of Recorded Deed Program 1st Quarter Report,,https://www.nyc.gov/assets/finance/downloads/pdf/reports/local_law_249_fy22_q1_report.pdf,https://www.nyc.gov/assets/finance/downloads/pdf/reports/local_law_249_fy22_q1_report.pdf,pdf,no public link pickups found in checked sources,0.0,0,0,0,0,"bluesky,hackernews,newsrss,reddit",,0.0,0,0,0,0,"bluesky,hackernews,newsrss,reddit",,0.0,0,0,0,0,"bluesky,hackernews,newsrss,reddit",
30d,0.0,0.0,NYC Department of Finance,report,,2022 Notice of Recorded Deed Program 2nd Quarter Report,,https://www.nyc.gov/assets/finance/downloads/pdf/reports/local_law_249_fy22_q2_report.pdf,https://www.nyc.gov/assets/finance/downloads/pdf/reports/local_law_249_fy22_q2_report.pdf,pdf,no public link pickups found in checked sources,0.0,0,0,0,0,"bluesky,hackernews,newsrss,reddit",,0.0,0,0,0,0,"bluesky,hackernews,newsrss,reddit",,0.0,0,0,0,0,"bluesky,hackernews,newsrss,reddit",
30d,0.0,0.0,NYC Department of Finance,report,,Worksheet,,https://www.nyc.gov/assets/finance/downloads/pdf/reports/local_law_249_fy22_q2_report_worksheet.xlsx,https://www.nyc.gov/assets/finance/downloads/pdf/reports/local_law_249_fy22_q2_report_worksheet.xlsx,xlsx,no public link pickups found in checked sources,0.0,0,0,0,0,"bluesky,hackernews,newsrss,reddit",,0.0,0,0,0,0,"bluesky,hackernews,newsrss,reddit",,0.0,0,0,0,0,"bluesky,hackernews,newsrss,reddit",
30d,0.0,0.0,NYC Department of Finance,report,,2021 Notice of Recorded Deed Program 1st Quarter Report,,https://www.nyc.gov/assets/finance/downloads/pdf/reports/local_law_249_fy21_q1_report.pdf,https://www.nyc.gov/assets/finance/downloads/pdf/reports/local_law_249_fy21_q1_report.pdf,pdf,no public link pickups found in checked sources,0.0,0,0,0,0,"bluesky,hackernews,newsrss,reddit",,0.0,0,0,0,0,"bluesky,hackernews,newsrss,reddit",,0.0,0,0,0,0,"bluesky,hackernews,newsrss,reddit",
30d,0.0,0.0,NYC Department of Finance,report,,2021 Notice of Recorded Deed Program 2nd Quarter Report,,https://www.nyc.gov/assets/finance/downloads/pdf/reports/local_law_249_fy21_q2_report.pdf,https://www.nyc.gov/assets/finance/downloads/pdf/reports/local_law_249_fy21_q2_report.pdf,pdf,no public link pickups found in checked sources,0.0,0,0,0,0,"bluesky,hackernews,newsrss,reddit",,0.0,0,0,0,0,"bluesky,hackernews,newsrss,reddit",,0.0,0,0,0,0,"bluesky,hackernews,newsrss,reddit",
30d,0.0,0.0,NYC Department of Finance,report,,2021 Notice of Recorded Deed Program 3rd Quarter Report,,https://www.nyc.gov/assets/finance/downloads/pdf/reports/local_law_249_fy21_q3_report.pdf,https://www.nyc.gov/assets/finance/downloads/pdf/reports/local_law_249_fy21_q3_report.pdf,pdf,no public link pickups found in checked sources,0.0,0,0,0,0,"bluesky,hackernews,newsrss,reddit",,0.0,0,0,0,0,"bluesky,hackernews,newsrss,reddit",,0.0,0,0,0,0,"bluesky,hackernews,newsrss,reddit",
30d,0.0,0.0,NYC Department of Finance,report,,2020 Notice of Recorded Deed Program 1st Quarter Report,,https://www.nyc.gov/assets/finance/downloads/pdf/reports/local_law_249_fy20_first_quarter_report.pdf,https://www.nyc.gov/assets/finance/downloads/pdf/reports/local_law_249_fy20_first_quarter_report.pdf,pdf,no public link pickups found in checked sources,0.0,0,0,0,0,"bluesky,hackernews,newsrss,reddit",,0.0,0,0,0,0,"bluesky,hackernews,newsrss,reddit",,0.0,0,0,0,0,"bluesky,hackernews,newsrss,reddit",
30d,0.0,0.0,NYC Department of Finance,report,,Worksheet,,https://www.nyc.gov/assets/finance/downloads/pdf/reports/local_law_249_fy20_first_quarter_worksheet.xlsx,https://www.nyc.gov/assets/finance/downloads/pdf/reports/local_law_249_fy20_first_quarter_worksheet.xlsx,xlsx,no public link pickups found in checked sources,0.0,0,0,0,0,"bluesky,hackernews,newsrss,reddit",,0.0,0,0,0,0,"bluesky,hackernews,newsrss,reddit",,0.0,0,0,0,0,"bluesky,hackernews,newsrss,reddit",
30d,0.0,0.0,NYC Department of Finance,report,,2020 Notice of Recorded Deed Program 2nd Quarter Report,,https://www.nyc.gov/assets/finance/downloads/pdf/reports/local_law_249_fy20_second_quarter_report.pdf,https://www.nyc.gov/assets/finance/downloads/pdf/reports/local_law_249_fy20_second_quarter_report.pdf,pdf,no public link pickups found in checked sources,0.0,0,0,0,0,"bluesky,hackernews,newsrss,reddit",,0.0,0,0,0,0,"bluesky,hackernews,newsrss,reddit",,0.0,0,0,0,0,"bluesky,hackernews,newsrss,reddit",
30d,0.0,0.0,NYC Department of Finance,report,,2020 Notice of Recorded Deed Program 3rd Quarter Report,,https://www.nyc.gov/assets/finance/downloads/pdf/reports/local_law_249_fy20_third_quarter_report.pdf,https://www.nyc.gov/assets/finance/downloads/pdf/reports/local_law_249_fy20_third_quarter_report.pdf,pdf,no public link pickups found in checked sources,0.0,0,0,0,0,"bluesky,hackernews,newsrss,reddit",,0.0,0,0,0,0,"bluesky,hackernews,newsrss,reddit",,0.0,0,0,0,0,"bluesky,hackernews,newsrss,reddit",
30d,0.0,0.0,NYC Department of Finance,report,,2020 Notice of Recorded Deed Program 4th Quarter Report,,https://www.nyc.gov/assets/finance/downloads/pdf/reports/local_law_249_fy20-q4_report .pdf,https://www.nyc.gov/assets/finance/downloads/pdf/reports/local_law_249_fy20-q4_report .pdf,pdf,no public link pickups found in checked sources,0.0,0,0,0,0,"bluesky,hackernews,newsrss,reddit",,0.0,0,0,0,0,"bluesky,hackernews,newsrss,reddit",,0.0,0,0,0,0,"bluesky,hackernews,newsrss,reddit",
30d,0.0,0.0,NYC Department of Finance,report,,2019 Notice of Recorded Deed Program 1st Quarter Report,,https://www.nyc.gov/assets/finance/downloads/pdf/reports/local_law_249_fy19_first_quarter_report.pdf,https://www.nyc.gov/assets/finance/downloads/pdf/reports/local_law_249_fy19_first_quarter_report.pdf,pdf,no public link pickups found in checked sources,0.0,0,0,0,0,"bluesky,hackernews,newsrss,reddit",,0.0,0,0,0,0,"bluesky,hackernews,newsrss,reddit",,0.0,0,0,0,0,"bluesky,hackernews,newsrss,reddit",
30d,0.0,0.0,NYC Department of Finance,report,,Worksheet,,https://www.nyc.gov/assets/finance/downloads/pdf/reports/local_law_249_fy19_first_quarter_worksheet.xlsx,https://www.nyc.gov/assets/finance/downloads/pdf/reports/local_law_249_fy19_first_quarter_worksheet.xlsx,xlsx,no public link pickups found in checked sources,0.0,0,0,0,0,"bluesky,hackernews,newsrss,reddit",,0.0,0,0,0,0,"bluesky,hackernews,newsrss,reddit",,0.0,0,0,0,0,"bluesky,hackernews,newsrss,reddit",
30d,0.0,0.0,NYC Department of Finance,report,,2019 Notice of Recorded Deed Program 2nd Quarter Report,,https://www.nyc.gov/assets/finance/downloads/pdf/reports/local-law-249-fy19-2ndqtr-report.pdf,https://www.nyc.gov/assets/finance/downloads/pdf/reports/local-law-249-fy19-2ndqtr-report.pdf,pdf,no public link pickups found in checked sources,0.0,0,0,0,0,"bluesky,hackernews,newsrss,reddit",,0.0,0,0,0,0,"bluesky,hackernews,newsrss,reddit",,0.0,0,0,0,0,"bluesky,hackernews,newsrss,reddit",
30d,0.0,0.0,NYC Department of Finance,report,,Worksheet,,https://www.nyc.gov/assets/finance/downloads/pdf/reports/local-law-249-fy19-2ndqtr-worksheet.xlsx,https://www.nyc.gov/assets/finance/downloads/pdf/reports/local-law-249-fy19-2ndqtr-worksheet.xlsx,xlsx,no public link pickups found in checked sources,0.0,0,0,0,0,"bluesky,hackernews,newsrss,reddit",,0.0,0,0,0,0,"bluesky,hackernews,newsrss,reddit",,0.0,0,0,0,0,"bluesky,hackernews,newsrss,reddit",
30d,0.0,0.0,NYC Department of Finance,report,,2019 Notice of Recorded Deed Program 3rd Quarter Report,,https://www.nyc.gov/assets/finance/downloads/pdf/reports/local-law-249-fy19-3rdqtr-report.pdf,https://www.nyc.gov/assets/finance/downloads/pdf/reports/local-law-249-fy19-3rdqtr-report.pdf,pdf,no public link pickups found in checked sources,0.0,0,0,0,0,"bluesky,hackernews,newsrss,reddit",,0.0,0,0,0,0,"bluesky,hackernews,newsrss,reddit",,0.0,0,0,0,0,"bluesky,hackernews,newsrss,reddit",
30d,0.0,0.0,NYC Public Advocate,report,,"Get Connected: Digital Equity and Municipal Internet in NYC May 27th, 2026",,https://www.pubadvocate.nyc.gov/reports/digital-equity-municipal-internet-nyc,,html,no public link pickups found in checked sources,0.0,0,0,0,0,"bluesky,hackernews,newsrss,reddit",,0.0,0,0,0,0,"bluesky,hackernews,newsrss,reddit",,0.0,0,0,0,0,"bluesky,hackernews,newsrss,reddit",
30d,0.0,0.0,NYC Public Advocate,report,,"Play it Safe: Mitigating Gambling Harms in New York March 26th, 2026 New York can’t afford to play roulette with its future. Gambling raises significant sums to fund important initiatives, but we must ensure we do not place revenue raising over the real risks to New Yorkers’ health and prosperity.",,https://www.pubadvocate.nyc.gov/reports/gambling,,html,no public link pickups found in checked sources,0.0,0,0,0,0,"bluesky,hackernews,newsrss,reddit",,0.0,0,0,0,0,"bluesky,hackernews,newsrss,reddit",,0.0,0,0,0,0,"bluesky,hackernews,newsrss,reddit",
30d,0.0,0.0,NYC Public Advocate,report,,"Pushing Forward: Legislative Reforms to Fix NYC’s Street Vending System December 17th, 2025",,https://www.pubadvocate.nyc.gov/reports/pushing-forward-street-vendor-report,,html,no public link pickups found in checked sources,0.0,0,0,0,0,"bluesky,hackernews,newsrss,reddit",,0.0,0,0,0,0,"bluesky,hackernews,newsrss,reddit",,0.0,0,0,0,0,"bluesky,hackernews,newsrss,reddit",
30d,0.0,0.0,NYC Public Advocate,report,,"Diverse Entrepreneurial Inclusion November 25th, 2025 Strengthening Access and Services between M/WBEs and the City of New York",,https://www.pubadvocate.nyc.gov/reports/diverse-entrepreneurial-inclusion,,html,no public link pickups found in checked sources,0.0,0,0,0,0,"bluesky,hackernews,newsrss,reddit",,0.0,0,0,0,0,"bluesky,hackernews,newsrss,reddit",,0.0,0,0,0,0,"bluesky,hackernews,newsrss,reddit",
30d,0.0,0.0,NYC Public Advocate,report,,"Mental Health Updates 2025 November 20th, 2025 There is an urgent need for state and local governments to take immediate action in light of the current federal administration’s dismantling of international and nation-wide resources.",,https://www.pubadvocate.nyc.gov/reports/mental-health-updates-2025,,html,no public link pickups found in checked sources,0.0,0,0,0,0,"bluesky,hackernews,newsrss,reddit",,0.0,0,0,0,0,"bluesky,hackernews,newsrss,reddit",,0.0,0,0,0,0,"bluesky,hackernews,newsrss,reddit",
30d,0.0,0.0,NYC Public Advocate,report,,"Let’s Talk: A Review of Language Access in NYC July 24th, 2025",,https://www.pubadvocate.nyc.gov/reports/language-access-report,,html,no public link pickups found in checked sources,0.0,0,0,0,0,"bluesky,hackernews,newsrss,reddit",,0.0,0,0,0,0,"bluesky,hackernews,newsrss,reddit",,0.0,0,0,0,0,"bluesky,hackernews,newsrss,reddit",
30d,0.0,0.0,NYC Public Advocate,report,,"NYC’s Congestion Relief Zone: On the Fast Track to Success May 27th, 2025",,https://www.pubadvocate.nyc.gov/reports/nyc-congestion-pricing-report,,html,no public link pickups found in checked sources,0.0,0,0,0,0,"bluesky,hackernews,newsrss,reddit",,0.0,0,0,0,0,"bluesky,hackernews,newsrss,reddit",,0.0,0,0,0,0,"bluesky,hackernews,newsrss,reddit",
30d,0.0,0.0,NYC Public Advocate,report,,"Silenced Crisis: Black Maternal Mortality and the Birthing Center Solution April 17th, 2025 This report focuses on the benefits of birthing centers and midwifery-led practices throughout the childbirth process, from prenatal to postpartum. It details the dangers and barriers that lead to high rates ",,https://www.pubadvocate.nyc.gov/reports/maternal-mortality-report,,html,no public link pickups found in checked sources,0.0,0,0,0,0,"bluesky,hackernews,newsrss,reddit",,0.0,0,0,0,0,"bluesky,hackernews,newsrss,reddit",,0.0,0,0,0,0,"bluesky,hackernews,newsrss,reddit",
30d,0.0,0.0,NYC Public Advocate,report,,"Stopping the Blaze: Solutions for Safe Use of Lithium-Ion Batteries December 23rd, 2024 This report comes during the 2024 Holiday Season—a time when the influx of visitors and cold weather exerts more stress on the city’s electric grid and prompts an increase in delivery services. In addition to the",,https://www.pubadvocate.nyc.gov/reports/stopping-the-blaze-safe-use-lithium-ion-batteries,,html,no public link pickups found in checked sources,0.0,0,0,0,0,"bluesky,hackernews,newsrss,reddit",,0.0,0,0,0,0,"bluesky,hackernews,newsrss,reddit",,0.0,0,0,0,0,"bluesky,hackernews,newsrss,reddit",
30d,0.0,0.0,NYC Public Advocate,report,,"Welcoming Our Newest New Yorkers: A Review February 29th, 2024 In the summer of 2022, the first bus of people seeking asylum at the southern border arrived in our city. Since then, the Office of the Public Advocate has worked to be on the ground in this effort, both welcoming and supporting migrants",,https://www.pubadvocate.nyc.gov/reports/asylum-seekers,,html,no public link pickups found in checked sources,0.0,0,0,0,0,"bluesky,hackernews,newsrss,reddit",,0.0,0,0,0,0,"bluesky,hackernews,newsrss,reddit",,0.0,0,0,0,0,"bluesky,hackernews,newsrss,reddit",
30d,0.0,0.0,NYC Public Advocate,report,,"Out of Service: Creating an Equitable Transit System for New York City November 1st, 2023 This report seeks to outline the inequities disabled New Yorkers experience while using public transit in New York City and recommend how the city can make this system fully accessible and inclusive. It is, sim",,https://www.pubadvocate.nyc.gov/reports/out-service-creating-equitable-transit-system-new-york-city,,html,no public link pickups found in checked sources,0.0,0,0,0,0,"bluesky,hackernews,newsrss,reddit",,0.0,0,0,0,0,"bluesky,hackernews,newsrss,reddit",,0.0,0,0,0,0,"bluesky,hackernews,newsrss,reddit",
30d,0.0,0.0,NYC Public Advocate,report,,"Orange Sky, Red Alert: A Review of Air Quality Emergencies in NYC July 11th, 2023 Orange Sky, Red Alert: A Review of Air Quality Emergencies in NYC finds shortcomings in the city’s response to the air quality emergency, and particularly with the speed and scope of public notification and harm mitiga",,https://www.pubadvocate.nyc.gov/reports/orange-sky-red-alert-review-air-quality-emergencies-nyc,,html,no public link pickups found in checked sources,0.0,0,0,0,0,"bluesky,hackernews,newsrss,reddit",,0.0,0,0,0,0,"bluesky,hackernews,newsrss,reddit",,0.0,0,0,0,0,"bluesky,hackernews,newsrss,reddit",
30d,0.0,0.0,NYC Public Advocate,report,,"Improving New York City’s Responses To Individuals In Mental Health Crisis: 2022 Update November 16th, 2022 In October of 2019, the Office of the Public Advocate released ""Improving New York City’s Responses to Individuals in Mental Health Crisis,” a report outlining the state of mental health respo",,https://www.pubadvocate.nyc.gov/reports/improving-new-york-citys-responses-mental-health-crisis-2022,,html,no public link pickups found in checked sources,0.0,0,0,0,0,"bluesky,hackernews,newsrss,reddit",,0.0,0,0,0,0,"bluesky,hackernews,newsrss,reddit",,0.0,0,0,0,0,"bluesky,hackernews,newsrss,reddit",
30d,0.0,0.0,NYC Public Advocate,report,,"Reimagining Gun Violence Prevention And Public Safety For New York City September 12th, 2022 Reimagining Gun Violence Prevention And Public Safety In New York City focuses on the numerous factors that are correlated to the increasing number of shootings in New York City. The recommendations are divi",,https://www.pubadvocate.nyc.gov/reports/reimagining-gun-violence-prevention-and-public-safety-new-york-city,,html,no public link pickups found in checked sources,0.0,0,0,0,0,"bluesky,hackernews,newsrss,reddit",,0.0,0,0,0,0,"bluesky,hackernews,newsrss,reddit",,0.0,0,0,0,0,"bluesky,hackernews,newsrss,reddit",
30d,0.0,0.0,NYC Public Advocate,report,,"How The Other Half Lives In Public Housing September 1st, 2022 How The Other Half Lives In Public Housing shows the striking evidence of unresolved issues that impact the lives of NYCHA residents everyday. The report focuses on various problems that all five NYCHA developments face. Towards the end ",,https://www.pubadvocate.nyc.gov/reports/how-other-half-lives-public-housing,,html,no public link pickups found in checked sources,0.0,0,0,0,0,"bluesky,hackernews,newsrss,reddit",,0.0,0,0,0,0,"bluesky,hackernews,newsrss,reddit",,0.0,0,0,0,0,"bluesky,hackernews,newsrss,reddit",
30d,0.0,0.0,NYC Public Advocate,report,,"Committee To End Homelessness By The Year 2026 July 28th, 2022 In winter 2020, there were nearly 80,000 people unhoused in New York City, the highest number in the city’s history. This situation is an unnecessary tragedy, and is the result of an economic system that does not support the needs of the",,https://www.pubadvocate.nyc.gov/reports/committee-end-homelessness-year-2026,,html,no public link pickups found in checked sources,0.0,0,0,0,0,"bluesky,hackernews,newsrss,reddit",,0.0,0,0,0,0,"bluesky,hackernews,newsrss,reddit",,0.0,0,0,0,0,"bluesky,hackernews,newsrss,reddit",
30d,0.0,0.0,NYC Public Advocate,report,,"Redefining Public Safety 2.0: Gun Violence Updates May 20th, 2022 Gun violence in our communities is a public health crisis that has been exacerbated amid the compounding public health crisis of the ongoing COVID-19 pandemic. Prior to the pandemic, New York City had worked over the previous decade t",,https://www.pubadvocate.nyc.gov/reports/redefining-public-safety-2,,html,no public link pickups found in checked sources,0.0,0,0,0,0,"bluesky,hackernews,newsrss,reddit",,0.0,0,0,0,0,"bluesky,hackernews,newsrss,reddit",,0.0,0,0,0,0,"bluesky,hackernews,newsrss,reddit",
30d,0.0,0.0,NYC Public Advocate,report,,"Disrupting The Exploitation Economy: A White Paper On Protecting Workers Classified As Independent Contractors April 21st, 2022 Independent contractors face multiple issues, from wage theft to misclassification, in their jobs. As this industry grows, risks remain for these workers. Elected officials",,https://www.pubadvocate.nyc.gov/reports/disrupting-exploitation-economy-white-paper-protecting-workers-classified-independent-contractors,,html,no public link pickups found in checked sources,0.0,0,0,0,0,"bluesky,hackernews,newsrss,reddit",,0.0,0,0,0,0,"bluesky,hackernews,newsrss,reddit",,0.0,0,0,0,0,"bluesky,hackernews,newsrss,reddit",
30d,0.0,0.0,NYC Public Advocate,report,,"White Paper 2.0: Invest In Education February 17th, 2022 The COVID-19 pandemic sent New York City into an unprecedented crisis, with a unique impact on students, families, educators, and school staff. Students have struggled, experienced trauma and isolation, and had their learning disrupted. As stu",,https://www.pubadvocate.nyc.gov/reports/white-paper-20-invest-education,,html,no public link pickups found in checked sources,0.0,0,0,0,0,"bluesky,hackernews,newsrss,reddit",,0.0,0,0,0,0,"bluesky,hackernews,newsrss,reddit",,0.0,0,0,0,0,"bluesky,hackernews,newsrss,reddit",
30d,0.0,0.0,NYC Public Advocate,report,,"Reviewing The Mayor’s Housing Plan To Bolster Affordability And Equity December 3rd, 2021 When Mayor Bill De Blasio released his comprehensive housing report in 2014, I expressed my disapproval during my tenure as a Council Member, as I knew it did not go far enough. Following the Mayor’s Housing 2.",,https://www.pubadvocate.nyc.gov/reports/reviewing-the-mayors-housing-plan-to-bolster-affordability-and-equity,,html,no public link pickups found in checked sources,0.0,0,0,0,0,"bluesky,hackernews,newsrss,reddit",,0.0,0,0,0,0,"bluesky,hackernews,newsrss,reddit",,0.0,0,0,0,0,"bluesky,hackernews,newsrss,reddit",
30d,0.0,0.0,NYC Public Advocate,report,,"White Paper: Equitable Pregnancy Outcomes For Black And Brown New Yorkers November 10th, 2021 The maternal health crisis in the United States disproportionately impacts Black, and Indigenous pregnant persons, with stark disparities at the local level in New York City. This problem has significantly ",,https://www.pubadvocate.nyc.gov/reports/white-paper-equitable-pregnancy-outcomes-black-and-brown-new-yorkers,,html,no public link pickups found in checked sources,0.0,0,0,0,0,"bluesky,hackernews,newsrss,reddit",,0.0,0,0,0,0,"bluesky,hackernews,newsrss,reddit",,0.0,0,0,0,0,"bluesky,hackernews,newsrss,reddit",
30d,0.0,0.0,NYC Public Advocate,report,,"Why New York City Needs A Racial Equity Report To Be Part Of The Land Rezoning Process June 16th, 2021 In 1968, the Fair Housing Act was passed to protect people from discrimination on the basis of race, color, national origin, religion, sex, familial status, and disability. If a person is renting o",,https://www.pubadvocate.nyc.gov/reports/why-new-york-city-needs-racial-equity-report-be-part-land-rezoning-process,,html,no public link pickups found in checked sources,0.0,0,0,0,0,"bluesky,hackernews,newsrss,reddit",,0.0,0,0,0,0,"bluesky,hackernews,newsrss,reddit",,0.0,0,0,0,0,"bluesky,hackernews,newsrss,reddit",
30d,0.0,0.0,NYC Public Advocate,report,,"A Renewed Deal For New York City March 11th, 2021 COVID-19 has exposed and exacerbated the inequities that have long plagued New York City. When we break down the data demographically, we see that while all New Yorkers have been impacted in some way, those coming from traditionally marginalized comm",,https://www.pubadvocate.nyc.gov/reports/a-renewed-deal-for-new-york-city,,html,no public link pickups found in checked sources,0.0,0,0,0,0,"bluesky,hackernews,newsrss,reddit",,0.0,0,0,0,0,"bluesky,hackernews,newsrss,reddit",,0.0,0,0,0,0,"bluesky,hackernews,newsrss,reddit",
30d,0.0,0.0,NYC Public Advocate,report,,"White Paper: On Reimagining School Safety February 25th, 2021 The Office of the Public Advocate sees a vision for schools and community safety that centers New York City’s children and families—schools that heal and address trauma, and center on de-escalation and supportive resources. We know the ma",,https://www.pubadvocate.nyc.gov/reports/white-paper-on-reimagining-school-safety,,html,no public link pickups found in checked sources,0.0,0,0,0,0,"bluesky,hackernews,newsrss,reddit",,0.0,0,0,0,0,"bluesky,hackernews,newsrss,reddit",,0.0,0,0,0,0,"bluesky,hackernews,newsrss,reddit",
30d,0.0,0.0,NYC Public Advocate,report,,"White Paper: In The Event Of A Second Wave November 5th, 2020 When the first reported case of COVID-19 appeared in New York, action was taken too slowly, and in some cases did not go far enough. Knowing little about how SARS-CoV-2 was transmitted, how it manifested in people, and how to protect comm",,https://www.pubadvocate.nyc.gov/reports/white-paper-in-the-event-of-a-second-wave,,html,no public link pickups found in checked sources,0.0,0,0,0,0,"bluesky,hackernews,newsrss,reddit",,0.0,0,0,0,0,"bluesky,hackernews,newsrss,reddit",,0.0,0,0,0,0,"bluesky,hackernews,newsrss,reddit",
30d,0.0,0.0,NYC Public Advocate,report,,"Municipalizing New York City's Electric Grid August 7th, 2020 Although Investor-Owned Utilities (IOUs) have been the norm in New York City for the entire history of electrification, they pose some serious disadvantages compared with municipal utilities. Continued deferral of necessary repairs, a nea",,https://www.pubadvocate.nyc.gov/reports/municipalizing-nyc-electric-grid,,html,no public link pickups found in checked sources,0.0,0,0,0,0,"bluesky,hackernews,newsrss,reddit",,0.0,0,0,0,0,"bluesky,hackernews,newsrss,reddit",,0.0,0,0,0,0,"bluesky,hackernews,newsrss,reddit",
30d,0.0,0.0,NYC Public Advocate,report,,"Addressing The Underfunding of CUNY, New York's Engine of Mobility, Innovation, and Economic Support December 6th, 2019 Funding challenges threaten to stall a major engine of mobility, innovation, and economic support that the City University of New York (CUNY) represents for its students and the ci",,https://www.pubadvocate.nyc.gov/reports/addressing-underfunding-cuny-new-yorks-engine-mobility-innovation-and-economic-support,,html,no public link pickups found in checked sources,0.0,0,0,0,0,"bluesky,hackernews,newsrss,reddit",,0.0,0,0,0,0,"bluesky,hackernews,newsrss,reddit",,0.0,0,0,0,0,"bluesky,hackernews,newsrss,reddit",
30d,0.0,0.0,NYC Public Advocate,report,,"Improving New York City's Responses to Individuals in Mental Health Crisis September 25th, 2019 This report investigates how New York City responds to individuals experiencing mental health crisis. Examining the flaws in current protocols and the best practices of approaches applied in other cities,",,https://www.pubadvocate.nyc.gov/reports/improving-new-york-citys-responses-to-individuals-in-mental-health-crisis,,html,no public link pickups found in checked sources,0.0,0,0,0,0,"bluesky,hackernews,newsrss,reddit",,0.0,0,0,0,0,"bluesky,hackernews,newsrss,reddit",,0.0,0,0,0,0,"bluesky,hackernews,newsrss,reddit",
30d,0.0,0.0,NYC Mayor's Management Report,report,,full report,,https://www.nyc.gov/assets/operations/downloads/pdf/pmmr2026/2026_pmmr.pdf,https://www.nyc.gov/assets/operations/downloads/pdf/pmmr2026/2026_pmmr.pdf,pdf,no public link pickups found in checked sources,0.0,0,0,0,0,"bluesky,hackernews,newsrss,reddit",,0.0,0,0,0,0,"bluesky,hackernews,newsrss,reddit",,0.0,0,0,0,0,"bluesky,hackernews,newsrss,reddit",
30d,0.0,0.0,NYC Mayor's Management Report,report,,FY 2025 MMR Report,,https://www.nyc.gov/assets/operations/downloads/pdf/mmr2025/2025_mmr.pdf,https://www.nyc.gov/assets/operations/downloads/pdf/mmr2025/2025_mmr.pdf,pdf,no public link pickups found in checked sources,0.0,0,0,0,0,"bluesky,hackernews,newsrss,reddit",,0.0,0,0,0,0,"bluesky,hackernews,newsrss,reddit",,0.0,0,0,0,0,"bluesky,hackernews,newsrss,reddit",
30d,0.0,0.0,NYC Mayor's Management Report,report,,FY 2025 Indicator Definitions,,https://www.nyc.gov/assets/operations/downloads/pdf/mmr2025/2025_idf.pdf,https://www.nyc.gov/assets/operations/downloads/pdf/mmr2025/2025_idf.pdf,pdf,no public link pickups found in checked sources,0.0,0,0,0,0,"bluesky,hackernews,newsrss,reddit",,0.0,0,0,0,0,"bluesky,hackernews,newsrss,reddit",,0.0,0,0,0,0,"bluesky,hackernews,newsrss,reddit",
30d,0.0,0.0,NYC Mayor's Management Report,report,,FY 2025 Additional Tables,,https://www.nyc.gov/assets/operations/downloads/pdf/mmr2025/2025_additional_tables.pdf,https://www.nyc.gov/assets/operations/downloads/pdf/mmr2025/2025_additional_tables.pdf,pdf,no public link pickups found in checked sources,0.0,0,0,0,0,"bluesky,hackernews,newsrss,reddit",,0.0,0,0,0,0,"bluesky,hackernews,newsrss,reddit",,0.0,0,0,0,0,"bluesky,hackernews,newsrss,reddit",
30d,0.0,0.0,NYC Mayor's Management Report,report,,Preliminary FY 2025 MMR Report,,https://www.nyc.gov/assets/operations/downloads/pdf/pmmr2025/2025_pmmr.pdf,https://www.nyc.gov/assets/operations/downloads/pdf/pmmr2025/2025_pmmr.pdf,pdf,no public link pickups found in checked sources,0.0,0,0,0,0,"bluesky,hackernews,newsrss,reddit",,0.0,0,0,0,0,"bluesky,hackernews,newsrss,reddit",,0.0,0,0,0,0,"bluesky,hackernews,newsrss,reddit",
30d,0.0,0.0,NYC Mayor's Management Report,report,,Preliminary FY 2025 Indicator Definitions,,https://www.nyc.gov/assets/operations/downloads/pdf/pmmr2025/2025_idf.pdf,https://www.nyc.gov/assets/operations/downloads/pdf/pmmr2025/2025_idf.pdf,pdf,no public link pickups found in checked sources,0.0,0,0,0,0,"bluesky,hackernews,newsrss,reddit",,0.0,0,0,0,0,"bluesky,hackernews,newsrss,reddit",,0.0,0,0,0,0,"bluesky,hackernews,newsrss,reddit",
30d,0.0,0.0,NYC Mayor's Management Report,report,,Preliminary FY 2025 Additional Tables,,https://www.nyc.gov/assets/operations/downloads/pdf/pmmr2025/2025_additional_tables.pdf,https://www.nyc.gov/assets/operations/downloads/pdf/pmmr2025/2025_additional_tables.pdf,pdf,no public link pickups found in checked sources,0.0,0,0,0,0,"bluesky,hackernews,newsrss,reddit",,0.0,0,0,0,0,"bluesky,hackernews,newsrss,reddit",,0.0,0,0,0,0,"bluesky,hackernews,newsrss,reddit",
30d,0.0,0.0,NYC Mayor's Management Report,report,,FY 2024 MMR Report,,https://www.nyc.gov/assets/operations/downloads/pdf/mmr2024/2024_mmr.pdf,https://www.nyc.gov/assets/operations/downloads/pdf/mmr2024/2024_mmr.pdf,pdf,no public link pickups found in checked sources,0.0,0,0,0,0,"bluesky,hackernews,newsrss,reddit",,0.0,0,0,0,0,"bluesky,hackernews,newsrss,reddit",,0.0,0,0,0,0,"bluesky,hackernews,newsrss,reddit",
30d,0.0,0.0,NYC Mayor's Management Report,report,,FY 2024 Indicator Definitions,,https://www.nyc.gov/assets/operations/downloads/pdf/mmr2024/2024_idf.pdf,https://www.nyc.gov/assets/operations/downloads/pdf/mmr2024/2024_idf.pdf,pdf,no public link pickups found in checked sources,0.0,0,0,0,0,"bluesky,hackernews,newsrss,reddit",,0.0,0,0,0,0,"bluesky,hackernews,newsrss,reddit",,0.0,0,0,0,0,"bluesky,hackernews,newsrss,reddit",
30d,0.0,0.0,NYC Mayor's Management Report,report,,FY 2024 Additional Tables,,https://www.nyc.gov/assets/operations/downloads/pdf/mmr2024/2024_additional_tables.pdf,https://www.nyc.gov/assets/operations/downloads/pdf/mmr2024/2024_additional_tables.pdf,pdf,no public link pickups found in checked sources,0.0,0,0,0,0,"bluesky,hackernews,newsrss,reddit",,0.0,0,0,0,0,"bluesky,hackernews,newsrss,reddit",,0.0,0,0,0,0,"bluesky,hackernews,newsrss,reddit",
30d,0.0,0.0,NYC Mayor's Management Report,report,,Preliminary FY 2024 MMR Report,,https://www.nyc.gov/assets/operations/downloads/pdf/pmmr2024/2024_pmmr.pdf,https://www.nyc.gov/assets/operations/downloads/pdf/pmmr2024/2024_pmmr.pdf,pdf,no public link pickups found in checked sources,0.0,0,0,0,0,"bluesky,hackernews,newsrss,reddit",,0.0,0,0,0,0,"bluesky,hackernews,newsrss,reddit",,0.0,0,0,0,0,"bluesky,hackernews,newsrss,reddit",
30d,0.0,0.0,NYC Mayor's Management Report,report,,Preliminary FY 2024 Indicator Definitions,,https://www.nyc.gov/assets/operations/downloads/pdf/pmmr2024/2024_idf.pdf,https://www.nyc.gov/assets/operations/downloads/pdf/pmmr2024/2024_idf.pdf,pdf,no public link pickups found in checked sources,0.0,0,0,0,0,"bluesky,hackernews,newsrss,reddit",,0.0,0,0,0,0,"bluesky,hackernews,newsrss,reddit",,0.0,0,0,0,0,"bluesky,hackernews,newsrss,reddit",
30d,0.0,0.0,NYC Mayor's Management Report,report,,Preliminary FY 2024 Additional Tables,,https://www.nyc.gov/assets/operations/downloads/pdf/pmmr2024/fy24_pmmr_additional_tables.pdf,https://www.nyc.gov/assets/operations/downloads/pdf/pmmr2024/fy24_pmmr_additional_tables.pdf,pdf,no public link pickups found in checked sources,0.0,0,0,0,0,"bluesky,hackernews,newsrss,reddit",,0.0,0,0,0,0,"bluesky,hackernews,newsrss,reddit",,0.0,0,0,0,0,"bluesky,hackernews,newsrss,reddit",
30d,0.0,0.0,NYC Mayor's Management Report,report,,FY 2023 MMR Report,,https://www.nyc.gov/assets/operations/downloads/pdf/mmr2023/2023_mmr.pdf,https://www.nyc.gov/assets/operations/downloads/pdf/mmr2023/2023_mmr.pdf,pdf,no public link pickups found in checked sources,0.0,0,0,0,0,"bluesky,hackernews,newsrss,reddit",,0.0,0,0,0,0,"bluesky,hackernews,newsrss,reddit",,0.0,0,0,0,0,"bluesky,hackernews,newsrss,reddit",
30d,0.0,0.0,NYC Mayor's Management Report,report,,FY 2023 Indicator Definitions,,https://www.nyc.gov/assets/operations/downloads/pdf/mmr2023/2023_idf.pdf,https://www.nyc.gov/assets/operations/downloads/pdf/mmr2023/2023_idf.pdf,pdf,no public link pickups found in checked sources,0.0,0,0,0,0,"bluesky,hackernews,newsrss,reddit",,0.0,0,0,0,0,"bluesky,hackernews,newsrss,reddit",,0.0,0,0,0,0,"bluesky,hackernews,newsrss,reddit",
30d,0.0,0.0,NYC Mayor's Management Report,report,,FY 2023 Additional Tables,,https://www.nyc.gov/assets/operations/downloads/pdf/mmr2023/fy23_mmr_additional_tables.pdf,https://www.nyc.gov/assets/operations/downloads/pdf/mmr2023/fy23_mmr_additional_tables.pdf,pdf,no public link pickups found in checked sources,0.0,0,0,0,0,"bluesky,hackernews,newsrss,reddit",,0.0,0,0,0,0,"bluesky,hackernews,newsrss,reddit",,0.0,0,0,0,0,"bluesky,hackernews,newsrss,reddit",
30d,0.0,0.0,NYC Mayor's Management Report,report,,Preliminary FY 2023 MMR Report,,https://www.nyc.gov/assets/operations/downloads/pdf/pmmr2023/2023_pmmr.pdf,https://www.nyc.gov/assets/operations/downloads/pdf/pmmr2023/2023_pmmr.pdf,pdf,no public link pickups found in checked sources,0.0,0,0,0,0,"bluesky,hackernews,newsrss,reddit",,0.0,0,0,0,0,"bluesky,hackernews,newsrss,reddit",,0.0,0,0,0,0,"bluesky,hackernews,newsrss,reddit",
30d,0.0,0.0,NYC Mayor's Management Report,report,,Preliminary FY 2023 Indicator Definitions,,https://www.nyc.gov/assets/operations/downloads/pdf/pmmr2023/2023_idf.pdf,https://www.nyc.gov/assets/operations/downloads/pdf/pmmr2023/2023_idf.pdf,pdf,no public link pickups found in checked sources,0.0,0,0,0,0,"bluesky,hackernews,newsrss,reddit",,0.0,0,0,0,0,"bluesky,hackernews,newsrss,reddit",,0.0,0,0,0,0,"bluesky,hackernews,newsrss,reddit",
30d,0.0,0.0,NYC Mayor's Management Report,report,,Preliminary FY 2023 Additional Tables,,https://www.nyc.gov/assets/operations/downloads/pdf/pmmr2023/fy23_pmmr_additional_tables.pdf,https://www.nyc.gov/assets/operations/downloads/pdf/pmmr2023/fy23_pmmr_additional_tables.pdf,pdf,no public link pickups found in checked sources,0.0,0,0,0,0,"bluesky,hackernews,newsrss,reddit",,0.0,0,0,0,0,"bluesky,hackernews,newsrss,reddit",,0.0,0,0,0,0,"bluesky,hackernews,newsrss,reddit",
30d,0.0,0.0,NYC Mayor's Management Report,report,,FY 2022 MMR Report,,https://www.nyc.gov/assets/operations/downloads/pdf/mmr2022/2022_mmr.pdf,https://www.nyc.gov/assets/operations/downloads/pdf/mmr2022/2022_mmr.pdf,pdf,no public link pickups found in checked sources,0.0,0,0,0,0,"bluesky,hackernews,newsrss,reddit",,0.0,0,0,0,0,"bluesky,hackernews,newsrss,reddit",,0.0,0,0,0,0,"bluesky,hackernews,newsrss,reddit",
30d,0.0,0.0,NYC Mayor's Management Report,report,,FY 2022 Indicator Definitions,,https://www.nyc.gov/assets/operations/downloads/pdf/mmr2022/2022_idf.pdf,https://www.nyc.gov/assets/operations/downloads/pdf/mmr2022/2022_idf.pdf,pdf,no public link pickups found in checked sources,0.0,0,0,0,0,"bluesky,hackernews,newsrss,reddit",,0.0,0,0,0,0,"bluesky,hackernews,newsrss,reddit",,0.0,0,0,0,0,"bluesky,hackernews,newsrss,reddit",
30d,0.0,0.0,NYC Mayor's Management Report,report,,FY 2022 Additional Tables,,https://www.nyc.gov/assets/operations/downloads/pdf/mmr2022/fy22_mmr_additional_tables.pdf,https://www.nyc.gov/assets/operations/downloads/pdf/mmr2022/fy22_mmr_additional_tables.pdf,pdf,no public link pickups found in checked sources,0.0,0,0,0,0,"bluesky,hackernews,newsrss,reddit",,0.0,0,0,0,0,"bluesky,hackernews,newsrss,reddit",,0.0,0,0,0,0,"bluesky,hackernews,newsrss,reddit",
30d,0.0,0.0,NYC Mayor's Management Report,report,,Preliminary FY 2022 MMR Report,,https://www.nyc.gov/assets/operations/downloads/pdf/pmmr2022/2022_pmmr.pdf,https://www.nyc.gov/assets/operations/downloads/pdf/pmmr2022/2022_pmmr.pdf,pdf,no public link pickups found in checked sources,0.0,0,0,0,0,"bluesky,hackernews,newsrss,reddit",,0.0,0,0,0,0,"bluesky,hackernews,newsrss,reddit",,0.0,0,0,0,0,"bluesky,hackernews,newsrss,reddit",
30d,0.0,0.0,NYC Mayor's Management Report,report,,Preliminary FY 2022 Indicator Definitions,,https://www.nyc.gov/assets/operations/downloads/pdf/pmmr2022/2022_idf.pdf,https://www.nyc.gov/assets/operations/downloads/pdf/pmmr2022/2022_idf.pdf,pdf,no public link pickups found in checked sources,0.0,0,0,0,0,"bluesky,hackernews,newsrss,reddit",,0.0,0,0,0,0,"bluesky,hackernews,newsrss,reddit",,0.0,0,0,0,0,"bluesky,hackernews,newsrss,reddit",
30d,0.0,0.0,NYC Mayor's Management Report,report,,Preliminary FY 2022 Additional Tables,,https://www.nyc.gov/assets/operations/downloads/pdf/pmmr2022/fy22_pmmr_additional_tables.pdf,https://www.nyc.gov/assets/operations/downloads/pdf/pmmr2022/fy22_pmmr_additional_tables.pdf,pdf,no public link pickups found in checked sources,0.0,0,0,0,0,"bluesky,hackernews,newsrss,reddit",,0.0,0,0,0,0,"bluesky,hackernews,newsrss,reddit",,0.0,0,0,0,0,"bluesky,hackernews,newsrss,reddit",
30d,0.0,0.0,NYC Mayor's Management Report,report,,FY 2021 MMR Report,,https://www.nyc.gov/assets/operations/downloads/pdf/mmr2021/2021_mmr.pdf,https://www.nyc.gov/assets/operations/downloads/pdf/mmr2021/2021_mmr.pdf,pdf,no public link pickups found in checked sources,0.0,0,0,0,0,"bluesky,hackernews,newsrss,reddit",,0.0,0,0,0,0,"bluesky,hackernews,newsrss,reddit",,0.0,0,0,0,0,"bluesky,hackernews,newsrss,reddit",
30d,0.0,0.0,NYC Mayor's Management Report,report,,FY 2021 Indicator Definitions,,https://www.nyc.gov/assets/operations/downloads/pdf/mmr2021/2021_idf.pdf,https://www.nyc.gov/assets/operations/downloads/pdf/mmr2021/2021_idf.pdf,pdf,no public link pickups found in checked sources,0.0,0,0,0,0,"bluesky,hackernews,newsrss,reddit",,0.0,0,0,0,0,"bluesky,hackernews,newsrss,reddit",,0.0,0,0,0,0,"bluesky,hackernews,newsrss,reddit",
30d,0.0,0.0,NYC Mayor's Management Report,report,,FY 2021 Additional Tables,,https://www.nyc.gov/assets/operations/downloads/pdf/mmr2021/full_report_additional_tables_2021.pdf,https://www.nyc.gov/assets/operations/downloads/pdf/mmr2021/full_report_additional_tables_2021.pdf,pdf,no public link pickups found in checked sources,0.0,0,0,0,0,"bluesky,hackernews,newsrss,reddit",,0.0,0,0,0,0,"bluesky,hackernews,newsrss,reddit",,0.0,0,0,0,0,"bluesky,hackernews,newsrss,reddit",
30d,0.0,0.0,NYC Mayor's Management Report,report,,Preliminary FY 2021 MMR Report,,https://www.nyc.gov/assets/operations/downloads/pdf/pmmr2021/2021_pmmr.pdf,https://www.nyc.gov/assets/operations/downloads/pdf/pmmr2021/2021_pmmr.pdf,pdf,no public link pickups found in checked sources,0.0,0,0,0,0,"bluesky,hackernews,newsrss,reddit",,0.0,0,0,0,0,"bluesky,hackernews,newsrss,reddit",,0.0,0,0,0,0,"bluesky,hackernews,newsrss,reddit",
30d,0.0,0.0,NYC Mayor's Management Report,report,,Preliminary FY 2021 Indicator Definitions,,https://www.nyc.gov/assets/operations/downloads/pdf/pmmr2021/2021_idf.pdf,https://www.nyc.gov/assets/operations/downloads/pdf/pmmr2021/2021_idf.pdf,pdf,no public link pickups found in checked sources,0.0,0,0,0,0,"bluesky,hackernews,newsrss,reddit",,0.0,0,0,0,0,"bluesky,hackernews,newsrss,reddit",,0.0,0,0,0,0,"bluesky,hackernews,newsrss,reddit",
30d,0.0,0.0,NYC Mayor's Management Report,report,,Preliminary FY 2021 Additional Tables,,https://www.nyc.gov/assets/operations/downloads/pdf/pmmr2021/fy21_pmmr_additional_tables.pdf,https://www.nyc.gov/assets/operations/downloads/pdf/pmmr2021/fy21_pmmr_additional_tables.pdf,pdf,no public link pickups found in checked sources,0.0,0,0,0,0,"bluesky,hackernews,newsrss,reddit",,0.0,0,0,0,0,"bluesky,hackernews,newsrss,reddit",,0.0,0,0,0,0,"bluesky,hackernews,newsrss,reddit",
30d,0.0,0.0,NYC Mayor's Management Report,report,,FY 2020 MMR Report,,https://www.nyc.gov/assets/operations/downloads/pdf/mmr2020/2020_mmr.pdf,https://www.nyc.gov/assets/operations/downloads/pdf/mmr2020/2020_mmr.pdf,pdf,no public link pickups found in checked sources,0.0,0,0,0,0,"bluesky,hackernews,newsrss,reddit",,0.0,0,0,0,0,"bluesky,hackernews,newsrss,reddit",,0.0,0,0,0,0,"bluesky,hackernews,newsrss,reddit",
30d,0.0,0.0,NYC Mayor's Management Report,report,,FY 2020 Indicator Definitions,,https://www.nyc.gov/assets/operations/downloads/pdf/mmr2020/2020_idf.pdf,https://www.nyc.gov/assets/operations/downloads/pdf/mmr2020/2020_idf.pdf,pdf,no public link pickups found in checked sources,0.0,0,0,0,0,"bluesky,hackernews,newsrss,reddit",,0.0,0,0,0,0,"bluesky,hackernews,newsrss,reddit",,0.0,0,0,0,0,"bluesky,hackernews,newsrss,reddit",
30d,0.0,0.0,NYC Mayor's Management Report,report,,FY 2020 Additional Tables,,https://www.nyc.gov/assets/operations/downloads/pdf/mmr2020/full_report_additional_tables_2020.pdf,https://www.nyc.gov/assets/operations/downloads/pdf/mmr2020/full_report_additional_tables_2020.pdf,pdf,no public link pickups found in checked sources,0.0,0,0,0,0,"bluesky,hackernews,newsrss,reddit",,0.0,0,0,0,0,"bluesky,hackernews,newsrss,reddit",,0.0,0,0,0,0,"bluesky,hackernews,newsrss,reddit",
30d,0.0,0.0,NYC Mayor's Management Report,report,,Preliminary FY 2020 MMR Report,,https://www.nyc.gov/assets/operations/downloads/pdf/pmmr2020/2020_pmmr.pdf,https://www.nyc.gov/assets/operations/downloads/pdf/pmmr2020/2020_pmmr.pdf,pdf,no public link pickups found in checked sources,0.0,0,0,0,0,"bluesky,hackernews,newsrss,reddit",,0.0,0,0,0,0,"bluesky,hackernews,newsrss,reddit",,0.0,0,0,0,0,"bluesky,hackernews,newsrss,reddit",
30d,0.0,0.0,NYC Mayor's Management Report,report,,Preliminary FY 2020 Indicator Definitions,,https://www.nyc.gov/assets/operations/downloads/pdf/pmmr2020/2020_idf.pdf,https://www.nyc.gov/assets/operations/downloads/pdf/pmmr2020/2020_idf.pdf,pdf,no public link pickups found in checked sources,0.0,0,0,0,0,"bluesky,hackernews,newsrss,reddit",,0.0,0,0,0,0,"bluesky,hackernews,newsrss,reddit",,0.0,0,0,0,0,"bluesky,hackernews,newsrss,reddit",
30d,0.0,0.0,NYC Mayor's Management Report,report,,Preliminary FY 2020 Additional Tables,,https://www.nyc.gov/assets/operations/downloads/pdf/pmmr2020/full_report_additional_tables_2020.pdf,https://www.nyc.gov/assets/operations/downloads/pdf/pmmr2020/full_report_additional_tables_2020.pdf,pdf,no public link pickups found in checked sources,0.0,0,0,0,0,"bluesky,hackernews,newsrss,reddit",,0.0,0,0,0,0,"bluesky,hackernews,newsrss,reddit",,0.0,0,0,0,0,"bluesky,hackernews,newsrss,reddit",
30d,0.0,0.0,NYC Mayor's Management Report,report,,FY 2019 MMR Report,,https://www.nyc.gov/assets/operations/downloads/pdf/mmr2019/2019_mmr.pdf,https://www.nyc.gov/assets/operations/downloads/pdf/mmr2019/2019_mmr.pdf,pdf,no public link pickups found in checked sources,0.0,0,0,0,0,"bluesky,hackernews,newsrss,reddit",,0.0,0,0,0,0,"bluesky,hackernews,newsrss,reddit",,0.0,0,0,0,0,"bluesky,hackernews,newsrss,reddit",
30d,0.0,0.0,NYC Mayor's Management Report,report,,FY 2019 Indicator Definitions,,https://www.nyc.gov/assets/operations/downloads/pdf/mmr2019/2019_idf.pdf,https://www.nyc.gov/assets/operations/downloads/pdf/mmr2019/2019_idf.pdf,pdf,no public link pickups found in checked sources,0.0,0,0,0,0,"bluesky,hackernews,newsrss,reddit",,0.0,0,0,0,0,"bluesky,hackernews,newsrss,reddit",,0.0,0,0,0,0,"bluesky,hackernews,newsrss,reddit",
30d,0.0,0.0,NYC Mayor's Management Report,report,,FY 2019 Additional Tables,,https://www.nyc.gov/assets/operations/downloads/pdf/mmr2019/full_report_additional_tables_2019.pdf,https://www.nyc.gov/assets/operations/downloads/pdf/mmr2019/full_report_additional_tables_2019.pdf,pdf,no public link pickups found in checked sources,0.0,0,0,0,0,"bluesky,hackernews,newsrss,reddit",,0.0,0,0,0,0,"bluesky,hackernews,newsrss,reddit",,0.0,0,0,0,0,"bluesky,hackernews,newsrss,reddit",
30d,0.0,0.0,NYC Rules - Proposed,rule,DCWP,Establishment of Unclaimed Restitution Fund,2026-07-09,https://rules.cityofnewyork.us/rule/establishment-of-unclaimed-restitution-fund,,html,no public link pickups found in checked sources,0.0,0,0,0,0,"bluesky,hackernews,newsrss,reddit",,0.0,0,0,0,0,"bluesky,hackernews,newsrss,reddit",,0.0,0,0,0,0,"bluesky,hackernews,newsrss,reddit",
30d,0.0,0.0,NYC Rules - Proposed,rule,DOF,Rule Relating to Surcharge on Certain Non-Primary Residences,2026-07-09,https://rules.cityofnewyork.us/rule/rule-relating-to-surcharge-on-certain-non-primary-residences,,html,no public link pickups found in checked sources,0.0,0,0,0,0,"bluesky,hackernews,newsrss,reddit",,0.0,0,0,0,0,"bluesky,hackernews,newsrss,reddit",,0.0,0,0,0,0,"bluesky,hackernews,newsrss,reddit",
30d,0.0,0.0,NYC Rules - Proposed,rule,DOHMH,Further Amendment of Rules Relating to Vital Records,2026-07-02,https://rules.cityofnewyork.us/rule/further-amendment-of-rules-relating-to-vital-records,,html,no public link pickups found in checked sources,0.0,0,0,0,0,"bluesky,hackernews,newsrss,reddit",,0.0,0,0,0,0,"bluesky,hackernews,newsrss,reddit",,0.0,0,0,0,0,"bluesky,hackernews,newsrss,reddit",
30d,0.0,0.0,NYC Rules - Proposed,rule,DOHMH,Amendment of Rules Relating to Lead Dust,2026-07-01,https://rules.cityofnewyork.us/rule/amendment-of-rules-relating-to-lead-dust,,html,no public link pickups found in checked sources,0.0,0,0,0,0,"bluesky,hackernews,newsrss,reddit",,0.0,0,0,0,0,"bluesky,hackernews,newsrss,reddit",,0.0,0,0,0,0,"bluesky,hackernews,newsrss,reddit",
30d,0.0,0.0,NYC Rules - Proposed,rule,DOF,PACE Financing Program,2026-06-22,https://rules.cityofnewyork.us/rule/amendment-of-rule-relating-to-pace-financing-program,,html,no public link pickups found in checked sources,0.0,0,0,0,0,"bluesky,hackernews,newsrss,reddit",,0.0,0,0,0,0,"bluesky,hackernews,newsrss,reddit",,0.0,0,0,0,0,"bluesky,hackernews,newsrss,reddit",
30d,0.0,0.0,NYC Rules - Proposed,rule,DPR,Special Event Permits,2026-06-24,https://rules.cityofnewyork.us/rule/dpr-proposed-amendment-of-rules-relating-to-special-event-permits,,html,no public link pickups found in checked sources,0.0,0,0,0,0,"bluesky,hackernews,newsrss,reddit",,0.0,0,0,0,0,"bluesky,hackernews,newsrss,reddit",,0.0,0,0,0,0,"bluesky,hackernews,newsrss,reddit",
30d,0.0,0.0,NYC Rules - Proposed,rule,DSNY,Containerization Requirements for Buildings Containing 10 or More Dwelling Units,2026-06-17,https://rules.cityofnewyork.us/rule/relating-to-containerization-requirements-for-buildings-containing-10-or-more-dwelling-units,,html,no public link pickups found in checked sources,0.0,0,0,0,0,"bluesky,hackernews,newsrss,reddit",,0.0,0,0,0,0,"bluesky,hackernews,newsrss,reddit",,0.0,0,0,0,0,"bluesky,hackernews,newsrss,reddit",
30d,0.0,0.0,NYC Rules - Proposed,rule,HPD,Applications Pursuant to RPTL §485-x - ANNY Program Benefits,2026-06-30,https://rules.cityofnewyork.us/rule/proposed-amendment-of-rules-relating-to-applications-pursuant-to-rptl-%c2%a7485-x,,html,no public link pickups found in checked sources,0.0,0,0,0,0,"bluesky,hackernews,newsrss,reddit",,0.0,0,0,0,0,"bluesky,hackernews,newsrss,reddit",,0.0,0,0,0,0,"bluesky,hackernews,newsrss,reddit",
30d,0.0,0.0,NYC Rules - Proposed,rule,RGB,"Rent Guidelines for October 1, 2026 to September 30, 2027",2026-10-01,https://rules.cityofnewyork.us/rule/rent-guidelines-for-october-1-2026-to-september-30-2027,,html,no public link pickups found in checked sources,0.0,0,0,0,0,"bluesky,hackernews,newsrss,reddit",,0.0,0,0,0,0,"bluesky,hackernews,newsrss,reddit",,0.0,0,0,0,0,"bluesky,hackernews,newsrss,reddit",
30d,0.0,0.0,NYC Rules - Proposed,rule,DCWP,Debt Collector Penalty Schedule,2026-06-01,https://rules.cityofnewyork.us/rule/debt-collector-penalty-schedule,,html,no public link pickups found in checked sources,0.0,0,0,0,0,"bluesky,hackernews,newsrss,reddit",,0.0,0,0,0,0,"bluesky,hackernews,newsrss,reddit",,0.0,0,0,0,0,"bluesky,hackernews,newsrss,reddit",
30d,0.0,0.0,NYC Rules - Proposed,rule,COIB,Donations and Gifts to the City - extension of public comment period,2026-06-23,https://rules.cityofnewyork.us/rule/donations-and-gifts-to-the-city-extension-of-public-comment-period,,html,no public link pickups found in checked sources,0.0,0,0,0,0,"bluesky,hackernews,newsrss,reddit",,0.0,0,0,0,0,"bluesky,hackernews,newsrss,reddit",,0.0,0,0,0,0,"bluesky,hackernews,newsrss,reddit",
30d,0.0,0.0,NYC Rules - Proposed,rule,DCWP,Self-Storage Facilities and Storage Warehouses,2026-05-18,https://rules.cityofnewyork.us/rule/self-storage-facilities-and-storage-warehouses,,html,no public link pickups found in checked sources,0.0,0,0,0,0,"bluesky,hackernews,newsrss,reddit",,0.0,0,0,0,0,"bluesky,hackernews,newsrss,reddit",,0.0,0,0,0,0,"bluesky,hackernews,newsrss,reddit",
30d,0.0,0.0,NYC Rules - Proposed,rule,DCWP,Cancellation of Subscriptions,2026-05-08,https://rules.cityofnewyork.us/rule/cancellation-of-subscriptions,,html,no public link pickups found in checked sources,0.0,0,0,0,0,"bluesky,hackernews,newsrss,reddit",,0.0,0,0,0,0,"bluesky,hackernews,newsrss,reddit",,0.0,0,0,0,0,"bluesky,hackernews,newsrss,reddit",
30d,0.0,0.0,NYC Rules - Proposed,rule,DSNY,Implementation Dates for the Brooklyn North and Upper Manhattan Commercial Waste Zones,2026-05-08,https://rules.cityofnewyork.us/rule/implementation-dates-for-the-brooklyn-north-and-upper-manhattan-commercial-waste-zonesdsny-proposed-implementation-dates-for-the-brooklyn-north-and-upper-manhattan-commercial-waste-zones,,html,no public link pickups found in checked sources,0.0,0,0,0,0,"bluesky,hackernews,newsrss,reddit",,0.0,0,0,0,0,"bluesky,hackernews,newsrss,reddit",,0.0,0,0,0,0,"bluesky,hackernews,newsrss,reddit",
30d,0.0,0.0,NYC Rules - Proposed,rule,DCWP,Implementation of Licensing Laws,2026-05-04,https://rules.cityofnewyork.us/rule/implementation-of-licensing-laws,,html,no public link pickups found in checked sources,0.0,0,0,0,0,"bluesky,hackernews,newsrss,reddit",,0.0,0,0,0,0,"bluesky,hackernews,newsrss,reddit",,0.0,0,0,0,0,"bluesky,hackernews,newsrss,reddit",
30d,0.0,0.0,NYC Rules - Proposed,rule,DOB,Sidewalk Sheds,2026-04-27,https://rules.cityofnewyork.us/rule/amendment-of-rules-relating-to-sidewalk-sheds,,html,no public link pickups found in checked sources,0.0,0,0,0,0,"bluesky,hackernews,newsrss,reddit",,0.0,0,0,0,0,"bluesky,hackernews,newsrss,reddit",,0.0,0,0,0,0,"bluesky,hackernews,newsrss,reddit",
30d,0.0,0.0,NYC Rules - Proposed,rule,DOT,City-Owned Bicycle Racks,2026-04-24,https://rules.cityofnewyork.us/rule/proposed-rules-relating-to-city-owned-bicycle-racks,,html,no public link pickups found in checked sources,0.0,0,0,0,0,"bluesky,hackernews,newsrss,reddit",,0.0,0,0,0,0,"bluesky,hackernews,newsrss,reddit",,0.0,0,0,0,0,"bluesky,hackernews,newsrss,reddit",
30d,0.0,0.0,NYC Rules - Proposed,rule,DCWP,Adjudicatory Proceedings,2026-04-23,https://rules.cityofnewyork.us/rule/adjudicatory-proceedings,,html,no public link pickups found in checked sources,0.0,0,0,0,0,"bluesky,hackernews,newsrss,reddit",,0.0,0,0,0,0,"bluesky,hackernews,newsrss,reddit",,0.0,0,0,0,0,"bluesky,hackernews,newsrss,reddit",
30d,0.0,0.0,NYC Rules - Proposed,rule,DEP,Noise Monitoring Penalty Rule,2026-04-03,https://rules.cityofnewyork.us/rule/noise-monitoring-penalty-rule,,html,no public link pickups found in checked sources,0.0,0,0,0,0,"bluesky,hackernews,newsrss,reddit",,0.0,0,0,0,0,"bluesky,hackernews,newsrss,reddit",,0.0,0,0,0,0,"bluesky,hackernews,newsrss,reddit",
30d,0.0,0.0,NYC Rules - Proposed,rule,DOF,Utility Company Properties,2026-04-13,https://rules.cityofnewyork.us/rule/amendment-of-rules-relating-to-utility-company-properties,,html,no public link pickups found in checked sources,0.0,0,0,0,0,"bluesky,hackernews,newsrss,reddit",,0.0,0,0,0,0,"bluesky,hackernews,newsrss,reddit",,0.0,0,0,0,0,"bluesky,hackernews,newsrss,reddit",
30d,0.0,0.0,NYC Rules - Proposed,rule,DOB,Construction Superintendent License Qualifications,2026-03-23,https://rules.cityofnewyork.us/rule/amendment-to-rules-relating-to-construction-superintendent-license-qualificartions,,html,no public link pickups found in checked sources,0.0,0,0,0,0,"bluesky,hackernews,newsrss,reddit",,0.0,0,0,0,0,"bluesky,hackernews,newsrss,reddit",,0.0,0,0,0,0,"bluesky,hackernews,newsrss,reddit",
30d,0.0,0.0,NYC Rules - Proposed,rule,LOFT BOARD,Article 7B Compliance and Amendments to Fine Schedule,2026-03-19,https://rules.cityofnewyork.us/rule/article-7b-compliance-and-amendments-to-fine-schedule,,html,no public link pickups found in checked sources,0.0,0,0,0,0,"bluesky,hackernews,newsrss,reddit",,0.0,0,0,0,0,"bluesky,hackernews,newsrss,reddit",,0.0,0,0,0,0,"bluesky,hackernews,newsrss,reddit",
30d,0.0,0.0,NYC Rules - Proposed,rule,LOFT BOARD,Protected Occupancy,2026-03-19,https://rules.cityofnewyork.us/rule/protected-occupancy,,html,no public link pickups found in checked sources,0.0,0,0,0,0,"bluesky,hackernews,newsrss,reddit",,0.0,0,0,0,0,"bluesky,hackernews,newsrss,reddit",,0.0,0,0,0,0,"bluesky,hackernews,newsrss,reddit",
30d,0.0,0.0,NYC Rules - Proposed,rule,DOT,Proposed Amendments to Highway Rules,2026-03-09,https://rules.cityofnewyork.us/rule/proposed-amendments-to-highway-rules,,html,no public link pickups found in checked sources,0.0,0,0,0,0,"bluesky,hackernews,newsrss,reddit",,0.0,0,0,0,0,"bluesky,hackernews,newsrss,reddit",,0.0,0,0,0,0,"bluesky,hackernews,newsrss,reddit",
30d,0.0,0.0,NYC Rules - Proposed,rule,DCWP,Protected Time Off Under the Earned Safe and Sick Time Act,2026-03-02,https://rules.cityofnewyork.us/rule/protected-time-off-under-the-earned-safe-and-sick-time-act,,html,no public link pickups found in checked sources,0.0,0,0,0,0,"bluesky,hackernews,newsrss,reddit",,0.0,0,0,0,0,"bluesky,hackernews,newsrss,reddit",,0.0,0,0,0,0,"bluesky,hackernews,newsrss,reddit",
30d,0.0,0.0,NYC Rules - Proposed,rule,DPR,Update to Parks’ List of Qualifying Documents for Disability Membership Fees,2026-02-18,https://rules.cityofnewyork.us/rule/dpr-proposed-update-to-parks-list-of-qualifying-documents-for-disability-membership-fees,,html,no public link pickups found in checked sources,0.0,0,0,0,0,"bluesky,hackernews,newsrss,reddit",,0.0,0,0,0,0,"bluesky,hackernews,newsrss,reddit",,0.0,0,0,0,0,"bluesky,hackernews,newsrss,reddit",
30d,0.0,0.0,NYC Rules - Proposed,rule,BOC,Mental Health and Health Care Standards in NYC Correctional Facilities,2026-02-10,https://rules.cityofnewyork.us/rule/mental-health-and-health-care-standards-in-nyc-correctional-facilities,,html,no public link pickups found in checked sources,0.0,0,0,0,0,"bluesky,hackernews,newsrss,reddit",,0.0,0,0,0,0,"bluesky,hackernews,newsrss,reddit",,0.0,0,0,0,0,"bluesky,hackernews,newsrss,reddit",
30d,0.0,0.0,NYC Rules - Proposed,rule,MOME,Proposed Rule Withdrawn - MOME Proposed Amended Rules re Press Credentials,2026-06-11,https://rules.cityofnewyork.us/rule/mome-proposed-amended-rules-re-press-credentials,,html,no public link pickups found in checked sources,0.0,0,0,0,0,"bluesky,hackernews,newsrss,reddit",,0.0,0,0,0,0,"bluesky,hackernews,newsrss,reddit",,0.0,0,0,0,0,"bluesky,hackernews,newsrss,reddit",
30d,0.0,0.0,NYC Rules - Proposed,rule,COMPT,Wage Requirements for Construction Employees,2026-01-28,https://rules.cityofnewyork.us/rule/wage-requirements-for-construction-employees,,html,no public link pickups found in checked sources,0.0,0,0,0,0,"bluesky,hackernews,newsrss,reddit",,0.0,0,0,0,0,"bluesky,hackernews,newsrss,reddit",,0.0,0,0,0,0,"bluesky,hackernews,newsrss,reddit",
30d,0.0,0.0,NYC Rules - Proposed,rule,TLC,Driver License and Education Amendments,2025-12-17,https://rules.cityofnewyork.us/rule/driver-license-and-education-amendments,,html,no public link pickups found in checked sources,0.0,0,0,0,0,"bluesky,hackernews,newsrss,reddit",,0.0,0,0,0,0,"bluesky,hackernews,newsrss,reddit",,0.0,0,0,0,0,"bluesky,hackernews,newsrss,reddit",
30d,0.0,0.0,NYC Rules - Proposed,rule,DOB,Establishment of Temporary Residence Program for Eligible Basement or Cellar Residences,2025-12-11,https://rules.cityofnewyork.us/rule/establishment-of-temporary-residence-program-for-eligible-basement-or-cellar-residences,,html,no public link pickups found in checked sources,0.0,0,0,0,0,"bluesky,hackernews,newsrss,reddit",,0.0,0,0,0,0,"bluesky,hackernews,newsrss,reddit",,0.0,0,0,0,0,"bluesky,hackernews,newsrss,reddit",
30d,0.0,0.0,NYC Rules - Proposed,rule,HPD,HPD Rules Relating to Right of Return for Basement or Cellar Residences,2025-12-12,https://rules.cityofnewyork.us/rule/hpd-rules-relating-to-right-of-return-for-basement-or-cellar-residences,,html,no public link pickups found in checked sources,0.0,0,0,0,0,"bluesky,hackernews,newsrss,reddit",,0.0,0,0,0,0,"bluesky,hackernews,newsrss,reddit",,0.0,0,0,0,0,"bluesky,hackernews,newsrss,reddit",
30d,0.0,0.0,NYC Rules - Proposed,rule,DOF,Business Corporation Tax Implementation Rules,2025-11-20,https://rules.cityofnewyork.us/rule/business-corporation-tax-implementation-rules,,html,no public link pickups found in checked sources,0.0,0,0,0,0,"bluesky,hackernews,newsrss,reddit",,0.0,0,0,0,0,"bluesky,hackernews,newsrss,reddit",,0.0,0,0,0,0,"bluesky,hackernews,newsrss,reddit",
30d,0.0,0.0,NYC Rules - Proposed,rule,PPB,Amendment of PPB Rules Relating to HHS Accelerator,2025-11-17,https://rules.cityofnewyork.us/rule/amendment-of-ppb-rules-relating-to-hhs-accelerator,,html,no public link pickups found in checked sources,0.0,0,0,0,0,"bluesky,hackernews,newsrss,reddit",,0.0,0,0,0,0,"bluesky,hackernews,newsrss,reddit",,0.0,0,0,0,0,"bluesky,hackernews,newsrss,reddit",
30d,0.0,0.0,NYC Rules - Proposed,rule,DHS,HRA CityFHEPS Unit Hold Incentive Payment Discontinuance Rule,2025-11-05,https://rules.cityofnewyork.us/rule/hra-cityfheps-unit-hold-incentive-payment-discontinuance-rule,,html,no public link pickups found in checked sources,0.0,0,0,0,0,"bluesky,hackernews,newsrss,reddit",,0.0,0,0,0,0,"bluesky,hackernews,newsrss,reddit",,0.0,0,0,0,0,"bluesky,hackernews,newsrss,reddit",
30d,0.0,0.0,NYC Rules - Proposed,rule,HRA,IDNYC Acceptable Documents Description,2025-10-17,https://rules.cityofnewyork.us/rule/idnyc-acceptable-documents-description,,html,no public link pickups found in checked sources,0.0,0,0,0,0,"bluesky,hackernews,newsrss,reddit",,0.0,0,0,0,0,"bluesky,hackernews,newsrss,reddit",,0.0,0,0,0,0,"bluesky,hackernews,newsrss,reddit",
30d,0.0,0.0,NYC Rules - Proposed,rule,FDNY,Uncertified Storage Batteries for Powered Mobility Devices,2025-10-01,https://rules.cityofnewyork.us/rule/uncertified-storage-batteries-for-powered-mobility-devices,,html,no public link pickups found in checked sources,0.0,0,0,0,0,"bluesky,hackernews,newsrss,reddit",,0.0,0,0,0,0,"bluesky,hackernews,newsrss,reddit",,0.0,0,0,0,0,"bluesky,hackernews,newsrss,reddit",
30d,0.0,0.0,NYC Rules - Proposed,rule,COIB,Donations and Gifts to the City,2025-09-16,https://rules.cityofnewyork.us/rule/donations-and-gifts-to-the-city,,html,no public link pickups found in checked sources,0.0,0,0,0,0,"bluesky,hackernews,newsrss,reddit",,0.0,0,0,0,0,"bluesky,hackernews,newsrss,reddit",,0.0,0,0,0,0,"bluesky,hackernews,newsrss,reddit",
30d,0.0,0.0,NYC Rules - Proposed,rule,DOT,Commercial Cyclist Rules,2025-09-02,https://rules.cityofnewyork.us/rule/commercial-cyclist-rules,,html,no public link pickups found in checked sources,0.0,0,0,0,0,"bluesky,hackernews,newsrss,reddit",,0.0,0,0,0,0,"bluesky,hackernews,newsrss,reddit",,0.0,0,0,0,0,"bluesky,hackernews,newsrss,reddit",
30d,0.0,0.0,NYC Rules - Proposed,rule,DCWP,License Application and Renewal,2025-08-15,https://rules.cityofnewyork.us/rule/license-application-and-renewal,,html,no public link pickups found in checked sources,0.0,0,0,0,0,"bluesky,hackernews,newsrss,reddit",,0.0,0,0,0,0,"bluesky,hackernews,newsrss,reddit",,0.0,0,0,0,0,"bluesky,hackernews,newsrss,reddit",
30d,0.0,0.0,NYC Rules - Proposed,rule,DOHMH,Outdoor Dining Areas,2025-07-18,https://rules.cityofnewyork.us/rule/amendment-of-rules-relating-to-outdoor-dining-areas,,html,no public link pickups found in checked sources,0.0,0,0,0,0,"bluesky,hackernews,newsrss,reddit",,0.0,0,0,0,0,"bluesky,hackernews,newsrss,reddit",,0.0,0,0,0,0,"bluesky,hackernews,newsrss,reddit",
30d,0.0,0.0,NYC Rules - Adopted,rule,HPD,Natural Gas Detectors,2027-01-01,https://rules.cityofnewyork.us/rule/hpd-proposed-rule-amendments-regarding-natural-gas-detectors,,html,no public link pickups found in checked sources,0.0,0,0,0,0,"bluesky,hackernews,newsrss,reddit",,0.0,0,0,0,0,"bluesky,hackernews,newsrss,reddit",,0.0,0,0,0,0,"bluesky,hackernews,newsrss,reddit",
30d,0.0,0.0,NYC Rules - Adopted,rule,FDNY,Fees for Ambulance Treatment and Transport Services,2026-07-01,https://rules.cityofnewyork.us/rule/proposed-amendment-of-rules-relating-to-fees-for-ambulance-treatment-and-transport-services,,html,no public link pickups found in checked sources,0.0,0,0,0,0,"bluesky,hackernews,newsrss,reddit",,0.0,0,0,0,0,"bluesky,hackernews,newsrss,reddit",,0.0,0,0,0,0,"bluesky,hackernews,newsrss,reddit",
30d,0.0,0.0,NYC Rules - Adopted,rule,DPR,Emergency Rule - 2026 Summer Special Events Permits,2026-03-18,https://rules.cityofnewyork.us/rule/emergency-rule-2026-summer-special-events-permits,,html,no public link pickups found in checked sources,0.0,0,0,0,0,"bluesky,hackernews,newsrss,reddit",,0.0,0,0,0,0,"bluesky,hackernews,newsrss,reddit",,0.0,0,0,0,0,"bluesky,hackernews,newsrss,reddit",
30d,0.0,0.0,NYC Rules - Adopted,rule,DM EJ,Centralized Construction Mentor Program,2026-06-19,https://rules.cityofnewyork.us/rule/centralized-construction-mentor-program,,html,no public link pickups found in checked sources,0.0,0,0,0,0,"bluesky,hackernews,newsrss,reddit",,0.0,0,0,0,0,"bluesky,hackernews,newsrss,reddit",,0.0,0,0,0,0,"bluesky,hackernews,newsrss,reddit",
30d,0.0,0.0,NYC Rules - Adopted,rule,DCWP,Home Improvement Contractor Disclosures,2026-06-19,https://rules.cityofnewyork.us/rule/home-improvement-contractor-disclosures,,html,no public link pickups found in checked sources,0.0,0,0,0,0,"bluesky,hackernews,newsrss,reddit",,0.0,0,0,0,0,"bluesky,hackernews,newsrss,reddit",,0.0,0,0,0,0,"bluesky,hackernews,newsrss,reddit",
30d,0.0,0.0,NYC Rules - Adopted,rule,DOB,Gas Piping Inspection Entities,2026-06-10,https://rules.cityofnewyork.us/rule/amendment-of-rules-regarding-gas-piping-inspection-entities,,html,no public link pickups found in checked sources,0.0,0,0,0,0,"bluesky,hackernews,newsrss,reddit",,0.0,0,0,0,0,"bluesky,hackernews,newsrss,reddit",,0.0,0,0,0,0,"bluesky,hackernews,newsrss,reddit",
30d,0.0,0.0,NYC Rules - Adopted,rule,SBS,Petitions for Agency Rulemaking,2026-07-09,https://rules.cityofnewyork.us/rule/petitions-for-agency-rulemaking,,html,no public link pickups found in checked sources,0.0,0,0,0,0,"bluesky,hackernews,newsrss,reddit",,0.0,0,0,0,0,"bluesky,hackernews,newsrss,reddit",,0.0,0,0,0,0,"bluesky,hackernews,newsrss,reddit",
30d,0.0,0.0,NYC Rules - Adopted,rule,DOF,Speed Cameras and the Weigh-in-Motion Violation Monitoring System,2026-06-13,https://rules.cityofnewyork.us/rule/amendment-of-rules-relating-to-speed-cameras-and-the-weigh-in-motion-violation-monitoring-system,,html,no public link pickups found in checked sources,0.0,0,0,0,0,"bluesky,hackernews,newsrss,reddit",,0.0,0,0,0,0,"bluesky,hackernews,newsrss,reddit",,0.0,0,0,0,0,"bluesky,hackernews,newsrss,reddit",
30d,0.0,0.0,NYC Rules - Adopted,rule,BSA,Affordable Housing Fast Track Amendments,2026-06-17,https://rules.cityofnewyork.us/rule/bsa-ahft,,html,no public link pickups found in checked sources,0.0,0,0,0,0,"bluesky,hackernews,newsrss,reddit",,0.0,0,0,0,0,"bluesky,hackernews,newsrss,reddit",,0.0,0,0,0,0,"bluesky,hackernews,newsrss,reddit",
30d,0.0,0.0,NYC Rules - Adopted,rule,DOF,Enforcement of Parking Requirements by New York Downstate Health Sciences University Police Officers,2026-06-07,https://rules.cityofnewyork.us/rule/amendment-of-rules-relating-to-enforcement-of-parking-requirements,,html,no public link pickups found in checked sources,0.0,0,0,0,0,"bluesky,hackernews,newsrss,reddit",,0.0,0,0,0,0,"bluesky,hackernews,newsrss,reddit",,0.0,0,0,0,0,"bluesky,hackernews,newsrss,reddit",
30d,0.0,0.0,NYC Rules - Adopted,rule,DOB,"Elevators, Escalators, Personnel Hoists and Moving Walks",2026-06-11,https://rules.cityofnewyork.us/rule/proposed-rule-amendment-of-rules-relating-to-elevators-escalators-personnel-hoists-and-moving-walks,,html,no public link pickups found in checked sources,0.0,0,0,0,0,"bluesky,hackernews,newsrss,reddit",,0.0,0,0,0,0,"bluesky,hackernews,newsrss,reddit",,0.0,0,0,0,0,"bluesky,hackernews,newsrss,reddit",
30d,0.0,0.0,NYC Rules - Adopted,rule,DHS,Emergency Rule Repealing The Low Barrier Bed Placement Process Rule,2026-06-11,https://rules.cityofnewyork.us/rule/emergency-rule-repealing-the-low-barrier-bed-placement-process-rule,,html,no public link pickups found in checked sources,0.0,0,0,0,0,"bluesky,hackernews,newsrss,reddit",,0.0,0,0,0,0,"bluesky,hackernews,newsrss,reddit",,0.0,0,0,0,0,"bluesky,hackernews,newsrss,reddit",
30d,0.0,0.0,NYC Rules - Adopted,rule,DOHMH,Reporting Requirements for Cooling Towers,2026-05-08,https://rules.cityofnewyork.us/rule/amendment-of-rules-relating-to-reporting-requirements-for-cooling-towers,,html,no public link pickups found in checked sources,0.0,0,0,0,0,"bluesky,hackernews,newsrss,reddit",,0.0,0,0,0,0,"bluesky,hackernews,newsrss,reddit",,0.0,0,0,0,0,"bluesky,hackernews,newsrss,reddit",
30d,0.0,0.0,NYC Rules - Adopted,rule,DSNY,Implementation of the Eighth and Ninth Commercial Waste Zones and Infrequent Waste Generators (Amended),2026-05-03,https://rules.cityofnewyork.us/rule/implementation-of-the-eighth-and-ninth-commercial-waste-zones-and-infrequent-waste-generators-amended,,html,no public link pickups found in checked sources,0.0,0,0,0,0,"bluesky,hackernews,newsrss,reddit",,0.0,0,0,0,0,"bluesky,hackernews,newsrss,reddit",,0.0,0,0,0,0,"bluesky,hackernews,newsrss,reddit",
30d,0.0,0.0,NYC Rules - Adopted,rule,DCWP,Expiration Dates of Electronic Licenses,2026-05-02,https://rules.cityofnewyork.us/rule/expiration-dates-of-electronic-licenses,,html,no public link pickups found in checked sources,0.0,0,0,0,0,"bluesky,hackernews,newsrss,reddit",,0.0,0,0,0,0,"bluesky,hackernews,newsrss,reddit",,0.0,0,0,0,0,"bluesky,hackernews,newsrss,reddit",
30d,0.0,0.0,NYC Rules - Adopted,rule,DOF,Childcare Center Tax Abatement,2026-04-11,https://rules.cityofnewyork.us/rule/rules-relating-to-the-childcare-center-tax-abatement,,html,no public link pickups found in checked sources,0.0,0,0,0,0,"bluesky,hackernews,newsrss,reddit",,0.0,0,0,0,0,"bluesky,hackernews,newsrss,reddit",,0.0,0,0,0,0,"bluesky,hackernews,newsrss,reddit",
30d,0.0,0.0,NYC Rules - Adopted,rule,DOF,Stipulated Fine Program and Commercial Abatement Fine Program Rules,2026-04-19,https://rules.cityofnewyork.us/rule/amendment-of-stipulated-fine-program-and-commercial-abatement-fine-program-rules,,html,no public link pickups found in checked sources,0.0,0,0,0,0,"bluesky,hackernews,newsrss,reddit",,0.0,0,0,0,0,"bluesky,hackernews,newsrss,reddit",,0.0,0,0,0,0,"bluesky,hackernews,newsrss,reddit",
30d,0.0,0.0,NYC Rules - Adopted,rule,TLC,Amendment of Insurance Requirements,2026-01-01,https://rules.cityofnewyork.us/rule/amendment-of-insurance-requirements,,html,no public link pickups found in checked sources,0.0,0,0,0,0,"bluesky,hackernews,newsrss,reddit",,0.0,0,0,0,0,"bluesky,hackernews,newsrss,reddit",,0.0,0,0,0,0,"bluesky,hackernews,newsrss,reddit",
30d,0.0,0.0,NYC Rules - Adopted,rule,DCWP,Car Wash Records,2026-04-04,https://rules.cityofnewyork.us/rule/car-wash-records,,html,no public link pickups found in checked sources,0.0,0,0,0,0,"bluesky,hackernews,newsrss,reddit",,0.0,0,0,0,0,"bluesky,hackernews,newsrss,reddit",,0.0,0,0,0,0,"bluesky,hackernews,newsrss,reddit",
30d,0.0,0.0,NYC Rules - Adopted,rule,DOF,Mergers and Apportionments of Real Property Tax Lots,2026-04-08,https://rules.cityofnewyork.us/rule/rules-relating-to-mergers-and-apportionments-of-real-property-tax-lots,,html,no public link pickups found in checked sources,0.0,0,0,0,0,"bluesky,hackernews,newsrss,reddit",,0.0,0,0,0,0,"bluesky,hackernews,newsrss,reddit",,0.0,0,0,0,0,"bluesky,hackernews,newsrss,reddit",
30d,0.0,0.0,NYC Rules - Adopted,rule,DSNY,Notice and Hearing Requirements for Abandoned Vehicles,2026-03-16,https://rules.cityofnewyork.us/rule/notice-and-hearing-requirements-for-abandoned-vehicles,,html,no public link pickups found in checked sources,0.0,0,0,0,0,"bluesky,hackernews,newsrss,reddit",,0.0,0,0,0,0,"bluesky,hackernews,newsrss,reddit",,0.0,0,0,0,0,"bluesky,hackernews,newsrss,reddit",
30d,0.0,0.0,NYC Rules - Adopted,rule,DSNY,Set-out Times for Collection,2026-03-22,https://rules.cityofnewyork.us/rule/relating-to-set-out-times-for-collection,,html,no public link pickups found in checked sources,0.0,0,0,0,0,"bluesky,hackernews,newsrss,reddit",,0.0,0,0,0,0,"bluesky,hackernews,newsrss,reddit",,0.0,0,0,0,0,"bluesky,hackernews,newsrss,reddit",
30d,0.0,0.0,NYC Rules - Adopted,rule,DOB,Safety Standards for Refrigeration,2026-05-15,https://rules.cityofnewyork.us/rule/proposed-rule-rules-relating-to-safety-standards-for-refrigeration,,html,no public link pickups found in checked sources,0.0,0,0,0,0,"bluesky,hackernews,newsrss,reddit",,0.0,0,0,0,0,"bluesky,hackernews,newsrss,reddit",,0.0,0,0,0,0,"bluesky,hackernews,newsrss,reddit",
30d,0.0,0.0,NYC Rules - Adopted,rule,DOHMH,Amendment of Rules Relating to Vital Records,2026-06-26,https://rules.cityofnewyork.us/rule/amendment-of-rules-relating-to-vital-records,,html,no public link pickups found in checked sources,0.0,0,0,0,0,"bluesky,hackernews,newsrss,reddit",,0.0,0,0,0,0,"bluesky,hackernews,newsrss,reddit",,0.0,0,0,0,0,"bluesky,hackernews,newsrss,reddit",
30d,0.0,0.0,NYC Rules - Adopted,rule,DCWP,Restaurant Surcharges,2026-04-19,https://rules.cityofnewyork.us/rule/restaurant-surcharges,,html,no public link pickups found in checked sources,0.0,0,0,0,0,"bluesky,hackernews,newsrss,reddit",,0.0,0,0,0,0,"bluesky,hackernews,newsrss,reddit",,0.0,0,0,0,0,"bluesky,hackernews,newsrss,reddit",
30d,0.0,0.0,NYC Rules - Adopted,rule,DCWP,Contracted Delivery Workers,2026-01-26,https://rules.cityofnewyork.us/rule/rules-relating-to-contracted-delivery-workers,,html,no public link pickups found in checked sources,0.0,0,0,0,0,"bluesky,hackernews,newsrss,reddit",,0.0,0,0,0,0,"bluesky,hackernews,newsrss,reddit",,0.0,0,0,0,0,"bluesky,hackernews,newsrss,reddit",
30d,0.0,0.0,NYC Rules - Adopted,rule,DOB,Amendment of Rules relating to Parking Structure Compliance Reports and Façade Inspection Reports,2026-02-01,https://rules.cityofnewyork.us/rule/amendment-of-rules-relating-to-parking-structure-compliance-reports-and-facade-inspection-reports,,html,no public link pickups found in checked sources,0.0,0,0,0,0,"bluesky,hackernews,newsrss,reddit",,0.0,0,0,0,0,"bluesky,hackernews,newsrss,reddit",,0.0,0,0,0,0,"bluesky,hackernews,newsrss,reddit",
30d,0.0,0.0,NYC Rules - Adopted,rule,DOHMH,"Rules Prohibiting Sale of Dogs, Cats and Rabbits by Pet Shops",2026-03-19,https://rules.cityofnewyork.us/rule/rules-prohibiting-sale-of-dogs-cats-and-rabbits-by-pet-shops,,html,no public link pickups found in checked sources,0.0,0,0,0,0,"bluesky,hackernews,newsrss,reddit",,0.0,0,0,0,0,"bluesky,hackernews,newsrss,reddit",,0.0,0,0,0,0,"bluesky,hackernews,newsrss,reddit",
30d,0.0,0.0,NYC Rules - Adopted,rule,CFB,Amendments to Campaign Finance Board Rules,2026-03-01,https://rules.cityofnewyork.us/rule/amendments-to-campaign-finance-board-rules,,html,no public link pickups found in checked sources,0.0,0,0,0,0,"bluesky,hackernews,newsrss,reddit",,0.0,0,0,0,0,"bluesky,hackernews,newsrss,reddit",,0.0,0,0,0,0,"bluesky,hackernews,newsrss,reddit",
30d,0.0,0.0,NYC Rules - Adopted,rule,DOB,Amendment to Rules relating to Flood Hazard Areas,2026-03-21,https://rules.cityofnewyork.us/rule/amendment-to-rules-relating-to-flood-hazard-areas,,html,no public link pickups found in checked sources,0.0,0,0,0,0,"bluesky,hackernews,newsrss,reddit",,0.0,0,0,0,0,"bluesky,hackernews,newsrss,reddit",,0.0,0,0,0,0,"bluesky,hackernews,newsrss,reddit",
30d,0.0,0.0,NYC Rules - Adopted,rule,COIB,Inflation Adjustment,2026-02-06,https://rules.cityofnewyork.us/rule/inflation-adjustment,,html,no public link pickups found in checked sources,0.0,0,0,0,0,"bluesky,hackernews,newsrss,reddit",,0.0,0,0,0,0,"bluesky,hackernews,newsrss,reddit",,0.0,0,0,0,0,"bluesky,hackernews,newsrss,reddit",
30d,0.0,0.0,NYC Rules - Adopted,rule,CECM-SAPO,Extension of Street Fair Moratorium for Calendar Year 2026,2026-01-01,https://rules.cityofnewyork.us/rule/extension-of-street-fair-moratorium-for-calendar-year-2026,,html,no public link pickups found in checked sources,0.0,0,0,0,0,"bluesky,hackernews,newsrss,reddit",,0.0,0,0,0,0,"bluesky,hackernews,newsrss,reddit",,0.0,0,0,0,0,"bluesky,hackernews,newsrss,reddit",
30d,0.0,0.0,NYC Rules - Adopted,rule,DOT,Updates to Adopt-A-Highway Program Rules,2026-01-28,https://rules.cityofnewyork.us/rule/updates-to-adopt-a-highway-program-rules,,html,no public link pickups found in checked sources,0.0,0,0,0,0,"bluesky,hackernews,newsrss,reddit",,0.0,0,0,0,0,"bluesky,hackernews,newsrss,reddit",,0.0,0,0,0,0,"bluesky,hackernews,newsrss,reddit",
30d,0.0,0.0,NYC Rules - Adopted,rule,DOB,Amendment of Rules relating to Electrical Code,2025-12-21,https://rules.cityofnewyork.us/rule/proposed-rule-amendment-of-rules-relating-to-electrical-code,,html,no public link pickups found in checked sources,0.0,0,0,0,0,"bluesky,hackernews,newsrss,reddit",,0.0,0,0,0,0,"bluesky,hackernews,newsrss,reddit",,0.0,0,0,0,0,"bluesky,hackernews,newsrss,reddit",
30d,0.0,0.0,NYC Rules - Adopted,rule,DHS,DHS Rule Relating to Low Barrier Transition Housing Eligibility Criteria,2026-02-12,https://rules.cityofnewyork.us/rule/dhs-rule-relating-to-low-barrier-transition-housing-eligibility-criteria,,html,no public link pickups found in checked sources,0.0,0,0,0,0,"bluesky,hackernews,newsrss,reddit",,0.0,0,0,0,0,"bluesky,hackernews,newsrss,reddit",,0.0,0,0,0,0,"bluesky,hackernews,newsrss,reddit",
30d,0.0,0.0,NYC Rules - Adopted,rule,DEP,Noise Monitoring Rules,2026-04-21,https://rules.cityofnewyork.us/rule/noise-monitoring-rules,,html,no public link pickups found in checked sources,0.0,0,0,0,0,"bluesky,hackernews,newsrss,reddit",,0.0,0,0,0,0,"bluesky,hackernews,newsrss,reddit",,0.0,0,0,0,0,"bluesky,hackernews,newsrss,reddit",
30d,0.0,0.0,NYC Rules - Adopted,rule,DSNY,DSNY Proposed Implementation Dates for Sixth and Seventh Commercial Waste Zones,2025-12-25,https://rules.cityofnewyork.us/rule/dsny-proposed-implementation-dates-for-sixth-and-seventh-commercial-waste-zones,,html,no public link pickups found in checked sources,0.0,0,0,0,0,"bluesky,hackernews,newsrss,reddit",,0.0,0,0,0,0,"bluesky,hackernews,newsrss,reddit",,0.0,0,0,0,0,"bluesky,hackernews,newsrss,reddit",
30d,0.0,0.0,NYC Rules - Adopted,rule,DOB,Gas Piping Inspections,2026-01-03,https://rules.cityofnewyork.us/rule/amendment-of-rules-relating-to-gas-piping-inspections,,html,no public link pickups found in checked sources,0.0,0,0,0,0,"bluesky,hackernews,newsrss,reddit",,0.0,0,0,0,0,"bluesky,hackernews,newsrss,reddit",,0.0,0,0,0,0,"bluesky,hackernews,newsrss,reddit",
30d,0.0,0.0,NYC Rules - Adopted,rule,DOF,RACE for Space Program and Industrial and Commercial Abatement Program,2025-12-20,https://rules.cityofnewyork.us/rule/proposed-rules-for-race-for-space-program-and-industrial-and-commercial-abatement-program,,html,no public link pickups found in checked sources,0.0,0,0,0,0,"bluesky,hackernews,newsrss,reddit",,0.0,0,0,0,0,"bluesky,hackernews,newsrss,reddit",,0.0,0,0,0,0,"bluesky,hackernews,newsrss,reddit",
30d,0.0,0.0,NYC Rules - Adopted,rule,PPB,Design Build Services Procurements,2026-01-11,https://rules.cityofnewyork.us/rule/design-build-services-procurements,,html,no public link pickups found in checked sources,0.0,0,0,0,0,"bluesky,hackernews,newsrss,reddit",,0.0,0,0,0,0,"bluesky,hackernews,newsrss,reddit",,0.0,0,0,0,0,"bluesky,hackernews,newsrss,reddit",
30d,0.0,0.0,NYC Rules - Adopted,rule,OATH-ECB,OATH Proposed Amendment of Rule Relating to Violations Eligible for Community Service,2025-11-28,https://rules.cityofnewyork.us/rule/oath-proposed-amendment-of-rule-relating-to-violations-eligible-for-community-service,,html,no public link pickups found in checked sources,0.0,0,0,0,0,"bluesky,hackernews,newsrss,reddit",,0.0,0,0,0,0,"bluesky,hackernews,newsrss,reddit",,0.0,0,0,0,0,"bluesky,hackernews,newsrss,reddit",
30d,0.0,0.0,NYC Rules - Adopted,rule,DCWP,Immigration Assistance Service Provider Penalty Schedule Updates,2025-11-21,https://rules.cityofnewyork.us/rule/immigration-assistance-service-provider-penalty-schedule-updates,,html,no public link pickups found in checked sources,0.0,0,0,0,0,"bluesky,hackernews,newsrss,reddit",,0.0,0,0,0,0,"bluesky,hackernews,newsrss,reddit",,0.0,0,0,0,0,"bluesky,hackernews,newsrss,reddit",
30d,0.0,0.0,NYC Rules - Adopted,rule,DOB,Repeal of Rules Relating to the Electrical Code,2025-12-21,https://rules.cityofnewyork.us/rule/repeal-of-rules-relating-to-the-electrical-code,,html,no public link pickups found in checked sources,0.0,0,0,0,0,"bluesky,hackernews,newsrss,reddit",,0.0,0,0,0,0,"bluesky,hackernews,newsrss,reddit",,0.0,0,0,0,0,"bluesky,hackernews,newsrss,reddit",
30d,0.0,0.0,NYC Rules - Adopted,rule,DCWP,Hotel Junk Fees,2026-02-21,https://rules.cityofnewyork.us/rule/hotel-junk-fees,,html,no public link pickups found in checked sources,0.0,0,0,0,0,"bluesky,hackernews,newsrss,reddit",,0.0,0,0,0,0,"bluesky,hackernews,newsrss,reddit",,0.0,0,0,0,0,"bluesky,hackernews,newsrss,reddit",
30d,0.0,0.0,NYC Rules - Adopted,rule,DOHMH,Child Care and Child Supervision Programs,2025-11-20,https://rules.cityofnewyork.us/rule/amendment-of-rules-relating-to-child-care-and-child-supervision-programs,,html,no public link pickups found in checked sources,0.0,0,0,0,0,"bluesky,hackernews,newsrss,reddit",,0.0,0,0,0,0,"bluesky,hackernews,newsrss,reddit",,0.0,0,0,0,0,"bluesky,hackernews,newsrss,reddit",
30d,0.0,0.0,NYC Rules - Adopted,rule,FCRC,FCRC Concession Rules - Hearing Date Updated,2025-11-28,https://rules.cityofnewyork.us/rule/fcrc-concession-rules,,html,no public link pickups found in checked sources,0.0,0,0,0,0,"bluesky,hackernews,newsrss,reddit",,0.0,0,0,0,0,"bluesky,hackernews,newsrss,reddit",,0.0,0,0,0,0,"bluesky,hackernews,newsrss,reddit",
30d,0.0,0.0,NYC Rules - Adopted,rule,DOHMH,Emergency Rule - Child Care Programs and Family Shelter-Based Drop-off Child Supervision Programs,2025-08-13,https://rules.cityofnewyork.us/rule/emergency-rule-child-care-programs-and-family-shelter-based-drop-off-child-supervision-programs,,html,no public link pickups found in checked sources,0.0,0,0,0,0,"bluesky,hackernews,newsrss,reddit",,0.0,0,0,0,0,"bluesky,hackernews,newsrss,reddit",,0.0,0,0,0,0,"bluesky,hackernews,newsrss,reddit",
30d,0.0,0.0,NYC Rules - Adopted,rule,TLC,Cyclist Awareness Decal,2025-10-25,https://rules.cityofnewyork.us/rule/cyclist-awareness-decal,,html,no public link pickups found in checked sources,0.0,0,0,0,0,"bluesky,hackernews,newsrss,reddit",,0.0,0,0,0,0,"bluesky,hackernews,newsrss,reddit",,0.0,0,0,0,0,"bluesky,hackernews,newsrss,reddit",
30d,0.0,0.0,NYC Rules - Adopted,rule,DSNY,Amendment of Rules Relating to Collection of Commercial Waste,2025-11-08,https://rules.cityofnewyork.us/rule/dsny-proposed-amendment-of-rules-relating-to-collection-of-commercial-waste,,html,no public link pickups found in checked sources,0.0,0,0,0,0,"bluesky,hackernews,newsrss,reddit",,0.0,0,0,0,0,"bluesky,hackernews,newsrss,reddit",,0.0,0,0,0,0,"bluesky,hackernews,newsrss,reddit",
30d,0.0,0.0,NYC Rules - Adopted,rule,TLC,Wheelchair Accessible Vehicle Conversion,2025-10-25,https://rules.cityofnewyork.us/rule/wheelchair-accessible-vehicle-conversion,,html,no public link pickups found in checked sources,0.0,0,0,0,0,"bluesky,hackernews,newsrss,reddit",,0.0,0,0,0,0,"bluesky,hackernews,newsrss,reddit",,0.0,0,0,0,0,"bluesky,hackernews,newsrss,reddit",
30d,0.0,0.0,NYC Rules - Adopted,rule,TLC,Driver Minimum Pay Rule Amendment,2025-09-22,https://rules.cityofnewyork.us/rule/driver-minimum-pay-rule-amendment,,html,no public link pickups found in checked sources,0.0,0,0,0,0,"bluesky,hackernews,newsrss,reddit",,0.0,0,0,0,0,"bluesky,hackernews,newsrss,reddit",,0.0,0,0,0,0,"bluesky,hackernews,newsrss,reddit",
30d,0.0,0.0,NYC Rules - Adopted,rule,TLC,Personal Injury Insurance Coverage,2026-03-01,https://rules.cityofnewyork.us/rule/personal-injury-insurance-coverage,,html,no public link pickups found in checked sources,0.0,0,0,0,0,"bluesky,hackernews,newsrss,reddit",,0.0,0,0,0,0,"bluesky,hackernews,newsrss,reddit",,0.0,0,0,0,0,"bluesky,hackernews,newsrss,reddit",
30d,0.0,0.0,NYC Rules - Adopted,rule,HPD,Paint Chip Sample Challenge of XRF Test Results - New Effective Date,2026-02-02,https://rules.cityofnewyork.us/rule/paint-chip-sample-challenge-of-xrf-test-results,,html,no public link pickups found in checked sources,0.0,0,0,0,0,"bluesky,hackernews,newsrss,reddit",,0.0,0,0,0,0,"bluesky,hackernews,newsrss,reddit",,0.0,0,0,0,0,"bluesky,hackernews,newsrss,reddit",
30d,0.0,0.0,NYC Rules - Adopted,rule,HRA,Eligibility for Fair Fares Program (increasing income eligibility to 150% of Federal Poverty Level),2025-10-30,https://rules.cityofnewyork.us/rule/eligibility-for-fair-fares-program-increasing-income-eligibility-to-150-fpl,,html,no public link pickups found in checked sources,0.0,0,0,0,0,"bluesky,hackernews,newsrss,reddit",,0.0,0,0,0,0,"bluesky,hackernews,newsrss,reddit",,0.0,0,0,0,0,"bluesky,hackernews,newsrss,reddit",
30d,0.0,0.0,NYC Rules - Adopted,rule,DOF,Rules Implementing Industrial and Commercial Abatement Program (ICAP),2025-11-05,https://rules.cityofnewyork.us/rule/proposed-rules-implementing-industrial-and-commercial-abatement-program-icap,,html,no public link pickups found in checked sources,0.0,0,0,0,0,"bluesky,hackernews,newsrss,reddit",,0.0,0,0,0,0,"bluesky,hackernews,newsrss,reddit",,0.0,0,0,0,0,"bluesky,hackernews,newsrss,reddit",
30d,0.0,0.0,NYC Rules - Adopted,rule,DOB,Ancillary Dwelling Units in 1 and 2 Family Dwellings,2025-09-30,https://rules.cityofnewyork.us/rule/proposed-rule-rules-relating-to-ancillary-dwelling-units-in-1-and-2-family-dwellings,,html,no public link pickups found in checked sources,0.0,0,0,0,0,"bluesky,hackernews,newsrss,reddit",,0.0,0,0,0,0,"bluesky,hackernews,newsrss,reddit",,0.0,0,0,0,0,"bluesky,hackernews,newsrss,reddit",
30d,0.0,0.0,NYC Rules - Adopted,rule,DEP,Interim Flood Risk Area Map,2025-09-23,https://rules.cityofnewyork.us/rule/interim-flood-risk-area-map,,html,no public link pickups found in checked sources,0.0,0,0,0,0,"bluesky,hackernews,newsrss,reddit",,0.0,0,0,0,0,"bluesky,hackernews,newsrss,reddit",,0.0,0,0,0,0,"bluesky,hackernews,newsrss,reddit",
30d,0.0,0.0,NYC Rules - Adopted,rule,DOHMH,Examination of Indoor Air in Basements and Cellar Apartments for Radon and Certain Organic Chemical Vapors,2025-10-09,https://rules.cityofnewyork.us/rule/examination-of-indoor-air-in-basements-and-cellar-apartments-for-radon-and-certain-organic-chemical-vapors,,html,no public link pickups found in checked sources,0.0,0,0,0,0,"bluesky,hackernews,newsrss,reddit",,0.0,0,0,0,0,"bluesky,hackernews,newsrss,reddit",,0.0,0,0,0,0,"bluesky,hackernews,newsrss,reddit",
30d,0.0,0.0,NYC Rules - Adopted,rule,COIB,Contract Filers,2025-10-09,https://rules.cityofnewyork.us/rule/contract-filers,,html,no public link pickups found in checked sources,0.0,0,0,0,0,"bluesky,hackernews,newsrss,reddit",,0.0,0,0,0,0,"bluesky,hackernews,newsrss,reddit",,0.0,0,0,0,0,"bluesky,hackernews,newsrss,reddit",
30d,0.0,0.0,NYC Rules - Adopted,rule,DOHMH,Disclosure of Individually Identifying Information,2025-09-20,https://rules.cityofnewyork.us/rule/amendment-of-rules-relating-to-disclosure-of-individually-identifying-information,,html,no public link pickups found in checked sources,0.0,0,0,0,0,"bluesky,hackernews,newsrss,reddit",,0.0,0,0,0,0,"bluesky,hackernews,newsrss,reddit",,0.0,0,0,0,0,"bluesky,hackernews,newsrss,reddit",
30d,0.0,0.0,NYC Rules - Adopted,rule,DOT,"Speed Limits for E-Bikes, E-Scooters, and Pedal-Assist Commercial Bicycles",2025-10-24,https://rules.cityofnewyork.us/rule/speed-limits-for-e-bikes-e-scooters-and-pedal-assist-commercial-bicycles,,html,no public link pickups found in checked sources,0.0,0,0,0,0,"bluesky,hackernews,newsrss,reddit",,0.0,0,0,0,0,"bluesky,hackernews,newsrss,reddit",,0.0,0,0,0,0,"bluesky,hackernews,newsrss,reddit",
30d,0.0,0.0,NYC Rules - Adopted,rule,HPD,Digital Signs,2026-02-02,https://rules.cityofnewyork.us/rule/hpd-proposed-rule-amendments-regarding-digital-signs,,html,no public link pickups found in checked sources,0.0,0,0,0,0,"bluesky,hackernews,newsrss,reddit",,0.0,0,0,0,0,"bluesky,hackernews,newsrss,reddit",,0.0,0,0,0,0,"bluesky,hackernews,newsrss,reddit",
30d,0.0,0.0,NYC Rules - Adopted,rule,RGB,"Rent Guidelines for October 1, 2025 through September 30, 2026",2025-10-01,https://rules.cityofnewyork.us/rule/proposed-rent-guidelines-for-october-1-2025-through-september-30-2026-revised,,html,no public link pickups found in checked sources,0.0,0,0,0,0,"bluesky,hackernews,newsrss,reddit",,0.0,0,0,0,0,"bluesky,hackernews,newsrss,reddit",,0.0,0,0,0,0,"bluesky,hackernews,newsrss,reddit",
30d,0.0,0.0,NYC Rules - Adopted,rule,DOT,Busways - Clarification of Bus Lane Restrictions,2025-11-02,https://rules.cityofnewyork.us/rule/busways,,html,no public link pickups found in checked sources,0.0,0,0,0,0,"bluesky,hackernews,newsrss,reddit",,0.0,0,0,0,0,"bluesky,hackernews,newsrss,reddit",,0.0,0,0,0,0,"bluesky,hackernews,newsrss,reddit",
30d,0.0,0.0,NYC Rules - Adopted,rule,DOHMH,Food Service Establishment Sanitary Inspection Requirements,2025-11-15,https://rules.cityofnewyork.us/rule/food-service-establishment-sanitary-inspection-requirements,,html,no public link pickups found in checked sources,0.0,0,0,0,0,"bluesky,hackernews,newsrss,reddit",,0.0,0,0,0,0,"bluesky,hackernews,newsrss,reddit",,0.0,0,0,0,0,"bluesky,hackernews,newsrss,reddit",
30d,0.0,0.0,NYC Rules - Adopted,rule,DCAS,Amendment of Rules Relating to Security Assistance for Non-Public Schools,2025-07-28,https://rules.cityofnewyork.us/rule/amendment-of-rules-relating-to-security-assistance-for-non-public-schools,,html,no public link pickups found in checked sources,0.0,0,0,0,0,"bluesky,hackernews,newsrss,reddit",,0.0,0,0,0,0,"bluesky,hackernews,newsrss,reddit",,0.0,0,0,0,0,"bluesky,hackernews,newsrss,reddit",
30d,0.0,0.0,NYC Rules - Adopted,rule,PPB,"Further Amendment of Rules Relating to Public Hearings, Notice and Comment - No Public Hearing",2025-09-26,https://rules.cityofnewyork.us/rule/ppb-proposed-further-amendment-of-rules-relating-to-public-hearings-notice-and-comment-no-public-hearing,,html,no public link pickups found in checked sources,0.0,0,0,0,0,"bluesky,hackernews,newsrss,reddit",,0.0,0,0,0,0,"bluesky,hackernews,newsrss,reddit",,0.0,0,0,0,0,"bluesky,hackernews,newsrss,reddit",
30d,0.0,0.0,NYC Rules - Adopted,rule,DFTA,Amendment of Social Adult Day Cares (SADC) Registration Requirements and Enforcement Procedures,2025-08-07,https://rules.cityofnewyork.us/rule/amendment-of-social-adult-day-cares-sadc-registration-requirements-and-enforcement-procedures,,html,no public link pickups found in checked sources,0.0,0,0,0,0,"bluesky,hackernews,newsrss,reddit",,0.0,0,0,0,0,"bluesky,hackernews,newsrss,reddit",,0.0,0,0,0,0,"bluesky,hackernews,newsrss,reddit",
30d,0.0,0.0,NYC Rules - Adopted,rule,PPB,Performance Evaluations,2025-09-26,https://rules.cityofnewyork.us/rule/performance-evaluations,,html,no public link pickups found in checked sources,0.0,0,0,0,0,"bluesky,hackernews,newsrss,reddit",,0.0,0,0,0,0,"bluesky,hackernews,newsrss,reddit",,0.0,0,0,0,0,"bluesky,hackernews,newsrss,reddit",
30d,0.0,0.0,NYC Rules - Adopted,rule,PPB,PASSPort Questionnaires,2025-09-26,https://rules.cityofnewyork.us/rule/passport-questionnaires,,html,no public link pickups found in checked sources,0.0,0,0,0,0,"bluesky,hackernews,newsrss,reddit",,0.0,0,0,0,0,"bluesky,hackernews,newsrss,reddit",,0.0,0,0,0,0,"bluesky,hackernews,newsrss,reddit",
30d,0.0,0.0,NYC Rules - Adopted,rule,HRA,CityFHEPS and Pathway Home Rule Amendments,2025-09-13,https://rules.cityofnewyork.us/rule/cityfheps-and-pathway-home-rule-amendments,,html,no public link pickups found in checked sources,0.0,0,0,0,0,"bluesky,hackernews,newsrss,reddit",,0.0,0,0,0,0,"bluesky,hackernews,newsrss,reddit",,0.0,0,0,0,0,"bluesky,hackernews,newsrss,reddit",
30d,0.0,0.0,NYC Rules - Adopted,rule,DCWP,Amendment of Rules Relating to General Vendors,2025-09-03,https://rules.cityofnewyork.us/rule/amendment-of-rules-relating-to-general-vendors,,html,no public link pickups found in checked sources,0.0,0,0,0,0,"bluesky,hackernews,newsrss,reddit",,0.0,0,0,0,0,"bluesky,hackernews,newsrss,reddit",,0.0,0,0,0,0,"bluesky,hackernews,newsrss,reddit",
30d,0.0,0.0,NYC Rules - Adopted,rule,DEP,Penalties for Violations of Water Supply Code and Corresponding Rules,2025-08-01,https://rules.cityofnewyork.us/rule/penalties-for-violations-of-water-supply-code-and-corresponding-rules,,html,no public link pickups found in checked sources,0.0,0,0,0,0,"bluesky,hackernews,newsrss,reddit",,0.0,0,0,0,0,"bluesky,hackernews,newsrss,reddit",,0.0,0,0,0,0,"bluesky,hackernews,newsrss,reddit",
30d,0.0,0.0,NYC Rules - Adopted,rule,DEP,Asbestos Penalty Schedule Amendments,2025-08-01,https://rules.cityofnewyork.us/rule/asbestos-penalty-schedule-amendments,,html,no public link pickups found in checked sources,0.0,0,0,0,0,"bluesky,hackernews,newsrss,reddit",,0.0,0,0,0,0,"bluesky,hackernews,newsrss,reddit",,0.0,0,0,0,0,"bluesky,hackernews,newsrss,reddit",
30d,0.0,0.0,NYC Rules - Adopted,rule,DOB,Structurally Compromised Buildings,2026-01-03,https://rules.cityofnewyork.us/rule/amendment-of-rules-relating-to-structurally-compromised-buildings,,html,no public link pickups found in checked sources,0.0,0,0,0,0,"bluesky,hackernews,newsrss,reddit",,0.0,0,0,0,0,"bluesky,hackernews,newsrss,reddit",,0.0,0,0,0,0,"bluesky,hackernews,newsrss,reddit",
30d,0.0,0.0,NYC Rules - Adopted,rule,DOB,Permitting Requirements for Rotating Telehandlers and Articulating Boom Cranes,2025-09-20,https://rules.cityofnewyork.us/rule/amendment-of-rules-relating-to-permitting-requirements-for-rotating-telehandlers-and-articulating-boom-cranes,,html,no public link pickups found in checked sources,0.0,0,0,0,0,"bluesky,hackernews,newsrss,reddit",,0.0,0,0,0,0,"bluesky,hackernews,newsrss,reddit",,0.0,0,0,0,0,"bluesky,hackernews,newsrss,reddit",
30d,0.0,0.0,NYC Rules - Adopted,rule,DOHMH,Window Guard Rules,2026-01-01,https://rules.cityofnewyork.us/rule/window-guard-rules,,html,no public link pickups found in checked sources,0.0,0,0,0,0,"bluesky,hackernews,newsrss,reddit",,0.0,0,0,0,0,"bluesky,hackernews,newsrss,reddit",,0.0,0,0,0,0,"bluesky,hackernews,newsrss,reddit",
30d,0.0,0.0,NYC Rules - Adopted,rule,DSNY,DSNY Proposed Rule Relating to the Implementation of the Second and Third Commercial Waste Zones,2025-07-30,https://rules.cityofnewyork.us/rule/dsny-proposed-rule-relating-to-the-implementation-of-the-second-and-third-commercial-waste-zones,,html,no public link pickups found in checked sources,0.0,0,0,0,0,"bluesky,hackernews,newsrss,reddit",,0.0,0,0,0,0,"bluesky,hackernews,newsrss,reddit",,0.0,0,0,0,0,"bluesky,hackernews,newsrss,reddit",
30d,0.0,0.0,NYC Rules - Adopted,rule,DCWP,Proposed Penalties for Violation of Prohibition of Certain Fees Charged to Tenants by Landlords and Real Estate Agents,2025-07-10,https://rules.cityofnewyork.us/rule/proposed-penalties-for-violation-of-prohibition-of-certain-fees-charged-to-tenants-by-landlords-and-real-estate-agents,,html,no public link pickups found in checked sources,0.0,0,0,0,0,"bluesky,hackernews,newsrss,reddit",,0.0,0,0,0,0,"bluesky,hackernews,newsrss,reddit",,0.0,0,0,0,0,"bluesky,hackernews,newsrss,reddit",
30d,0.0,0.0,NYC Rules - Adopted,rule,DCWP,Further Amendments of Debt Collector Rules,2026-09-01,https://rules.cityofnewyork.us/rule/further-amendments-of-debt-collector,,html,no public link pickups found in checked sources,0.0,0,0,0,0,"bluesky,hackernews,newsrss,reddit",,0.0,0,0,0,0,"bluesky,hackernews,newsrss,reddit",,0.0,0,0,0,0,"bluesky,hackernews,newsrss,reddit",
30d,0.0,0.0,NYC Rules - Adopted,rule,PPB,Vendor Protest,2025-06-14,https://rules.cityofnewyork.us/rule/vendor-protest,,html,no public link pickups found in checked sources,0.0,0,0,0,0,"bluesky,hackernews,newsrss,reddit",,0.0,0,0,0,0,"bluesky,hackernews,newsrss,reddit",,0.0,0,0,0,0,"bluesky,hackernews,newsrss,reddit",
30d,0.0,0.0,NYC Rules - Adopted,rule,DOHMH,Amendment of Health Code Provisions Relating to Requests for Modification,2025-07-13,https://rules.cityofnewyork.us/rule/amendment-of-health-code-provisions-relating-to-requests-for-modification,,html,no public link pickups found in checked sources,0.0,0,0,0,0,"bluesky,hackernews,newsrss,reddit",,0.0,0,0,0,0,"bluesky,hackernews,newsrss,reddit",,0.0,0,0,0,0,"bluesky,hackernews,newsrss,reddit",
30d,0.0,0.0,NYC Rules - Adopted,rule,DOHMH,Amendment of Rules Relating to Use of Certain Radioactive Materials (HC Article 175),2025-07-13,https://rules.cityofnewyork.us/rule/amendment-of-rules-relating-to-use-of-certain-radioactive-materials-hc-article-175,,html,no public link pickups found in checked sources,0.0,0,0,0,0,"bluesky,hackernews,newsrss,reddit",,0.0,0,0,0,0,"bluesky,hackernews,newsrss,reddit",,0.0,0,0,0,0,"bluesky,hackernews,newsrss,reddit",
30d,0.0,0.0,NYC Rules - Adopted,rule,DOHMH,Amendment of Rules Relating to Treatment of Drinking Water (HC Article 141),2025-07-13,https://rules.cityofnewyork.us/rule/amendment-of-rules-relating-to-treatment-of-drinking-water-hc-article-141,,html,no public link pickups found in checked sources,0.0,0,0,0,0,"bluesky,hackernews,newsrss,reddit",,0.0,0,0,0,0,"bluesky,hackernews,newsrss,reddit",,0.0,0,0,0,0,"bluesky,hackernews,newsrss,reddit",
30d,0.0,0.0,NYC Rules - Adopted,rule,DOB,Artwork on Temporary Protective Structures,2025-06-11,https://rules.cityofnewyork.us/rule/amendment-of-permitting-requirements-to-exempt-certain-structures-under-department-of-parks-and-recreation-jurisdiction,,html,no public link pickups found in checked sources,0.0,0,0,0,0,"bluesky,hackernews,newsrss,reddit",,0.0,0,0,0,0,"bluesky,hackernews,newsrss,reddit",,0.0,0,0,0,0,"bluesky,hackernews,newsrss,reddit",
30d,0.0,0.0,NYC Rules - Adopted,rule,DCWP,Debt Collectors and Collection Agencies (Effective Date TBD),2025-10-01,https://rules.cityofnewyork.us/rule/debt-collectors-and-collection-agencies,,html,no public link pickups found in checked sources,0.0,0,0,0,0,"bluesky,hackernews,newsrss,reddit",,0.0,0,0,0,0,"bluesky,hackernews,newsrss,reddit",,0.0,0,0,0,0,"bluesky,hackernews,newsrss,reddit",
30d,0.0,0.0,NYC Rules - Adopted,rule,DOT,Concession Seating in DOT Pedestrian Plazas and Open Streets,2025-08-27,https://rules.cityofnewyork.us/rule/exclusive-seating-in-dot-pedestrian-plazas-and-open-streets,,html,no public link pickups found in checked sources,0.0,0,0,0,0,"bluesky,hackernews,newsrss,reddit",,0.0,0,0,0,0,"bluesky,hackernews,newsrss,reddit",,0.0,0,0,0,0,"bluesky,hackernews,newsrss,reddit",
30d,0.0,0.0,NYC Rules - Adopted,rule,DOB,Amendment of Permitting Requirements to Exempt Certain Structures under the Department of Parks and Recreation,2025-08-23,https://rules.cityofnewyork.us/rule/proposed-rule-amendment-of-permitting-requirements-to-exempt-certain-structures-under-department-of-parks-and-recreation,,html,no public link pickups found in checked sources,0.0,0,0,0,0,"bluesky,hackernews,newsrss,reddit",,0.0,0,0,0,0,"bluesky,hackernews,newsrss,reddit",,0.0,0,0,0,0,"bluesky,hackernews,newsrss,reddit",
30d,0.0,0.0,NYC Rules - Adopted,rule,DOT,Jaywalking,2025-06-26,https://rules.cityofnewyork.us/rule/jaywalking,,html,no public link pickups found in checked sources,0.0,0,0,0,0,"bluesky,hackernews,newsrss,reddit",,0.0,0,0,0,0,"bluesky,hackernews,newsrss,reddit",,0.0,0,0,0,0,"bluesky,hackernews,newsrss,reddit",
30d,0.0,0.0,NYC Rules - Adopted,rule,DOT,Operation of Mopeds on Bridges,2025-06-26,https://rules.cityofnewyork.us/rule/operation-of-mopeds-on-bridges,,html,no public link pickups found in checked sources,0.0,0,0,0,0,"bluesky,hackernews,newsrss,reddit",,0.0,0,0,0,0,"bluesky,hackernews,newsrss,reddit",,0.0,0,0,0,0,"bluesky,hackernews,newsrss,reddit",
30d,0.0,0.0,NYC Rules - Adopted,rule,DCWP,Home Improvement Business Trust Fund,2025-07-18,https://rules.cityofnewyork.us/rule/hic-trust-fund,,html,no public link pickups found in checked sources,0.0,0,0,0,0,"bluesky,hackernews,newsrss,reddit",,0.0,0,0,0,0,"bluesky,hackernews,newsrss,reddit",,0.0,0,0,0,0,"bluesky,hackernews,newsrss,reddit",
30d,0.0,0.0,NYC Rules - Adopted,rule,HRA,IDNYC Expansion of Eligible Documents,2025-08-10,https://rules.cityofnewyork.us/rule/idnyc-expansion-of-eligible-documents,,html,no public link pickups found in checked sources,0.0,0,0,0,0,"bluesky,hackernews,newsrss,reddit",,0.0,0,0,0,0,"bluesky,hackernews,newsrss,reddit",,0.0,0,0,0,0,"bluesky,hackernews,newsrss,reddit",
30d,0.0,0.0,NYC Rules - Adopted,rule,DOHMH,Performance Summary Cards for Child Care Programs,2025-06-16,https://rules.cityofnewyork.us/rule/performance-summary-cards-for-child-care-programs,,html,no public link pickups found in checked sources,0.0,0,0,0,0,"bluesky,hackernews,newsrss,reddit",,0.0,0,0,0,0,"bluesky,hackernews,newsrss,reddit",,0.0,0,0,0,0,"bluesky,hackernews,newsrss,reddit",
30d,0.0,0.0,NYC Rules - Adopted,rule,HPD,Implementation of the Real Property Tax Incentive Program Which Replaces the J-51 Program,2025-06-20,https://rules.cityofnewyork.us/rule/proposed-rules-governing-tax-abatement-pursuant-to-administrative-code-section-11-243-2,,html,no public link pickups found in checked sources,0.0,0,0,0,0,"bluesky,hackernews,newsrss,reddit",,0.0,0,0,0,0,"bluesky,hackernews,newsrss,reddit",,0.0,0,0,0,0,"bluesky,hackernews,newsrss,reddit",
30d,0.0,0.0,NYC Rules - Adopted,rule,DCWP,Credit Card Limitations,2025-08-05,https://rules.cityofnewyork.us/rule/credit-card-limitations,,html,no public link pickups found in checked sources,0.0,0,0,0,0,"bluesky,hackernews,newsrss,reddit",,0.0,0,0,0,0,"bluesky,hackernews,newsrss,reddit",,0.0,0,0,0,0,"bluesky,hackernews,newsrss,reddit",
30d,0.0,0.0,NYC Rules - Adopted,rule,OATH-ECB,Water Penalty Schedule - The Effective Date will be the same as the Effective Date of the companion DEP rule. The Effective Date will be amended when DEP publishes its final rule.,2026-06-11,https://rules.cityofnewyork.us/rule/office-of-administrative-trials-and-hearings-proposed-rule-to-amend-the-water-penalty-schedule,,html,no public link pickups found in checked sources,0.0,0,0,0,0,"bluesky,hackernews,newsrss,reddit",,0.0,0,0,0,0,"bluesky,hackernews,newsrss,reddit",,0.0,0,0,0,0,"bluesky,hackernews,newsrss,reddit",
30d,0.0,0.0,NYC Rules - Adopted,rule,DOHMH,Amendment of Penalty Schedule for Violations of Certain Provisions of Health Code and Other Health-Related Provisions of Law,2025-07-12,https://rules.cityofnewyork.us/rule/amendment-of-penalty-schedule-for-violations-of-certain-provisions-of-health-code-and-other-health-related-provisions-of-law,,html,no public link pickups found in checked sources,0.0,0,0,0,0,"bluesky,hackernews,newsrss,reddit",,0.0,0,0,0,0,"bluesky,hackernews,newsrss,reddit",,0.0,0,0,0,0,"bluesky,hackernews,newsrss,reddit",
30d,0.0,0.0,NYC Rules - Adopted,rule,DCWP,Paid Prenatal Personal Leave,2025-07-02,https://rules.cityofnewyork.us/rule/paid-prenatal-personal-leave,,html,no public link pickups found in checked sources,0.0,0,0,0,0,"bluesky,hackernews,newsrss,reddit",,0.0,0,0,0,0,"bluesky,hackernews,newsrss,reddit",,0.0,0,0,0,0,"bluesky,hackernews,newsrss,reddit",
30d,0.0,0.0,NYC Rules - Adopted,rule,DOB,Construction Site Safety Training Course Providers,2025-06-19,https://rules.cityofnewyork.us/rule/proposed-rule-rule-relating-to-course-providers,,html,no public link pickups found in checked sources,0.0,0,0,0,0,"bluesky,hackernews,newsrss,reddit",,0.0,0,0,0,0,"bluesky,hackernews,newsrss,reddit",,0.0,0,0,0,0,"bluesky,hackernews,newsrss,reddit",
30d,0.0,0.0,NYC Rules - Adopted,rule,DEP,Emission Controls for Existing Underfired Charbroilers,2025-11-20,https://rules.cityofnewyork.us/rule/emission-controls-for-existing-underfired-charbroilers,,html,no public link pickups found in checked sources,0.0,0,0,0,0,"bluesky,hackernews,newsrss,reddit",,0.0,0,0,0,0,"bluesky,hackernews,newsrss,reddit",,0.0,0,0,0,0,"bluesky,hackernews,newsrss,reddit",
30d,0.0,0.0,NYC Rules - Adopted,rule,DSNY,Rule Relating to Entities Engaging in Cleaning Services,2025-08-01,https://rules.cityofnewyork.us/rule/dsny-proposed-rule-relating-to-entities-engaging-in-cleaning-services,,html,no public link pickups found in checked sources,0.0,0,0,0,0,"bluesky,hackernews,newsrss,reddit",,0.0,0,0,0,0,"bluesky,hackernews,newsrss,reddit",,0.0,0,0,0,0,"bluesky,hackernews,newsrss,reddit",
30d,0.0,0.0,NYC Rules - Adopted,rule,DOB,Installation of Electrical Energy Storage Systems,2025-10-26,https://rules.cityofnewyork.us/rule/proposed-rule-rules-governing-installation-of-electrical-energy-storage-systems,,html,no public link pickups found in checked sources,0.0,0,0,0,0,"bluesky,hackernews,newsrss,reddit",,0.0,0,0,0,0,"bluesky,hackernews,newsrss,reddit",,0.0,0,0,0,0,"bluesky,hackernews,newsrss,reddit",
30d,0.0,0.0,NYC Rules - Adopted,rule,DCWP,Specialized Vending License,2025-10-10,https://rules.cityofnewyork.us/rule/specialized-vending-license,,html,no public link pickups found in checked sources,0.0,0,0,0,0,"bluesky,hackernews,newsrss,reddit",,0.0,0,0,0,0,"bluesky,hackernews,newsrss,reddit",,0.0,0,0,0,0,"bluesky,hackernews,newsrss,reddit",
30d,0.0,0.0,NYC Rules - Adopted,rule,SBS,Gowanus Small Business Relocation Grant Program,2025-06-30,https://rules.cityofnewyork.us/rule/gowanus-small-business-relocation-grant-program,,html,no public link pickups found in checked sources,0.0,0,0,0,0,"bluesky,hackernews,newsrss,reddit",,0.0,0,0,0,0,"bluesky,hackernews,newsrss,reddit",,0.0,0,0,0,0,"bluesky,hackernews,newsrss,reddit",
30d,0.0,0.0,NYC Rules - Adopted,rule,DSNY,Commercial Waste Generation Audits - NOTE: The rules become effective in each zone as the commercial waste zones get implemented. The effective date reflected below does not apply.,2026-06-11,https://rules.cityofnewyork.us/rule/33143,,html,no public link pickups found in checked sources,0.0,0,0,0,0,"bluesky,hackernews,newsrss,reddit",,0.0,0,0,0,0,"bluesky,hackernews,newsrss,reddit",,0.0,0,0,0,0,"bluesky,hackernews,newsrss,reddit",
30d,0.0,0.0,NYC Rules - Adopted,rule,DSNY,Public Safety Requirements for Carters Operating in Commercial Waste Zones - NOTE: The rules become effective in each zone as the commercial waste zones get implemented. The effective date reflected below does not apply.,2026-06-11,https://rules.cityofnewyork.us/rule/public-safety-requirements-for-carters-operating-in-commercial-waste-zones,,html,no public link pickups found in checked sources,0.0,0,0,0,0,"bluesky,hackernews,newsrss,reddit",,0.0,0,0,0,0,"bluesky,hackernews,newsrss,reddit",,0.0,0,0,0,0,"bluesky,hackernews,newsrss,reddit",
30d,0.0,0.0,NYC Rules - Adopted,rule,DSNY,Commercial Waste Zones Customer Service and Operations Rules - NOTE: The rules become effective in each zone as the commercial waste zones get implemented. The effective date reflected below does not apply.,2026-06-11,https://rules.cityofnewyork.us/rule/commercial-waste-zones,,html,no public link pickups found in checked sources,0.0,0,0,0,0,"bluesky,hackernews,newsrss,reddit",,0.0,0,0,0,0,"bluesky,hackernews,newsrss,reddit",,0.0,0,0,0,0,"bluesky,hackernews,newsrss,reddit",
30d,0.0,0.0,NYC Housing Authority,report,,Bi-Annual Compliance Report January 2021 (PDF),,https://www.nyc.gov/assets/nycha/downloads/pdf/4B_Bi-Annual%20Certification%2001-31-2021.pdf,https://www.nyc.gov/assets/nycha/downloads/pdf/4B_Bi-Annual%20Certification%2001-31-2021.pdf,pdf,no public link pickups found in checked sources,0.0,0,0,0,0,"bluesky,hackernews,newsrss,reddit",,0.0,0,0,0,0,"bluesky,hackernews,newsrss,reddit",,0.0,0,0,0,0,"bluesky,hackernews,newsrss,reddit",
30d,0.0,0.0,NYC Housing Authority,report,,EHS Lead Compliance Inspection Report Jan–June 2021 (PDF),,https://www.nyc.gov/assets/nycha/downloads/pdf/EHS-Lead-Compliance-Inspection-Report-Jan-June-2021.pdf,https://www.nyc.gov/assets/nycha/downloads/pdf/EHS-Lead-Compliance-Inspection-Report-Jan-June-2021.pdf,pdf,no public link pickups found in checked sources,0.0,0,0,0,0,"bluesky,hackernews,newsrss,reddit",,0.0,0,0,0,0,"bluesky,hackernews,newsrss,reddit",,0.0,0,0,0,0,"bluesky,hackernews,newsrss,reddit",
30d,0.0,0.0,NYC Housing Authority,report,,Bi-Annual Compliance Report July 2021 (PDF),,https://www.nyc.gov/assets/nycha/downloads/pdf/Bi-Annual-Compliance-Report-July-2021.pdf,https://www.nyc.gov/assets/nycha/downloads/pdf/Bi-Annual-Compliance-Report-July-2021.pdf,pdf,no public link pickups found in checked sources,0.0,0,0,0,0,"bluesky,hackernews,newsrss,reddit",,0.0,0,0,0,0,"bluesky,hackernews,newsrss,reddit",,0.0,0,0,0,0,"bluesky,hackernews,newsrss,reddit",
