rank_window,heat_score,heat_rank_score,source,kind,agency,title,published_date,url,document_url,format,rationale,heat_score_today,coverage_mentions_today,exact_url_mentions_today,filename_mentions_today,canonical_mentions_today,social_exact_mentions_today,crawl_hits_today,providers_checked_today,errors_today,heat_score_7d,coverage_mentions_7d,exact_url_mentions_7d,filename_mentions_7d,canonical_mentions_7d,social_exact_mentions_7d,crawl_hits_7d,providers_checked_7d,errors_7d,heat_score_30d,coverage_mentions_30d,exact_url_mentions_30d,filename_mentions_30d,canonical_mentions_30d,social_exact_mentions_30d,crawl_hits_30d,providers_checked_30d,errors_30d
7d,23.0,23.0,NYC Independent Budget Office,report,,About Those Services You Prioritized,,https://ibo.nyc.ny.us/cgi-park?p=42,,html,23 news articles referencing the report by title,0.0,0,0,0,0,0,0,gdelt,gdelt-coverage:Prioritized Services Those You:429 Client Error: Too Many Requests for url: https://api.gdeltproject.org/api/v2/doc/doc?query=Prioritized+Services+Those+You&mode=ArtList&format=json&maxrecords=75&timespan=30d&sort=DateDesc,23.0,23,0,0,0,0,0,gdelt,,23.0,23,0,0,0,0,0,gdelt,
7d,19.0,19.0,NYC Independent Budget Office,report,,Analysis of the 2025 Executive Budget and Financial Plan by the Independent Budget Office,2024-05-15,https://ibo.nyc.ny.us/iboreports/executive-budget-may-2024.html,,html,19 news articles referencing the report by title,0.0,0,0,0,0,0,0,gdelt,gdelt-coverage:Independent Executive Financial Analysis Budget:429 Client Error: Too Many Requests for url: https://api.gdeltproject.org/api/v2/doc/doc?query=Independent+Executive+Financial+Analysis+Budget&mode=ArtList&format=json&maxrecords=75&timespan=30d&sort=DateDesc,19.0,19,0,0,0,0,0,gdelt,,19.0,19,0,0,0,0,0,gdelt,
7d,16.0,16.0,NYC Independent Budget Office,report,,"Testimony of Louisa Chafee, Director, New York City Independent Budget Office on IBO’s Analysis of the January 2025 Financial Plan for 2025-2029""",2025-03-05,https://www.ibo.nyc.ny.us/iboreports/ibo-preliminary-budget-testimony-march-2025.pdf,https://www.ibo.nyc.ny.us/iboreports/ibo-preliminary-budget-testimony-march-2025.pdf,pdf,16 news articles referencing the report by title,16.0,16,0,0,0,0,0,gdelt,,16.0,16,0,0,0,0,0,gdelt,,16.0,16,0,0,0,0,0,gdelt,
7d,16.0,16.0,NYC Government Publications Portal,publication,,Current State of Rent Stabilized Housing,2026-05-20,https://a860-gpp.nyc.gov/concern/nyc_government_publications/3t945x34h?locale=en,,html,16 news articles referencing the report by title,16.0,16,0,0,0,0,0,gdelt,,16.0,16,0,0,0,0,0,gdelt,,16.0,16,0,0,0,0,0,gdelt,
7d,14.0,14.0,NYS Comptroller,report,,"Review of the Financial Plan of the City of New York, March 2026",,https://www.osc.ny.gov/files/reports/osdc/pdf/report-23-2026.pdf,https://www.osc.ny.gov/files/reports/osdc/pdf/report-23-2026.pdf,pdf,14 news articles referencing the report by title,14.0,14,0,0,0,0,0,gdelt,,14.0,14,0,0,0,0,0,gdelt,,14.0,14,0,0,0,0,0,gdelt,
7d,13.0,13.0,NYC Independent Budget Office,report,,Testimony to the New York City Council on The Mayor's May 2024 Executive Budget,2024-05-22,https://ibo.nyc.ny.us/iboreports/executive-budget-testimony-may-2024.pdf,https://ibo.nyc.ny.us/iboreports/executive-budget-testimony-may-2024.pdf,pdf,13 news articles referencing the report by title,0.0,0,0,0,0,0,0,gdelt,gdelt-coverage:Executive Council Mayor's Budget May:429 Client Error: Too Many Requests for url: https://api.gdeltproject.org/api/v2/doc/doc?query=Executive+Council+Mayor%27s+Budget+May&mode=ArtList&format=json&maxrecords=75&timespan=30d&sort=DateDesc,13.0,13,0,0,0,0,0,gdelt,,13.0,13,0,0,0,0,0,gdelt,
7d,13.0,13.0,NYC Independent Budget Office,report,,How Have City Costs for Homeless Shelters Changed With Shifts in State and Federal Support?,2023-03-10,https://www.ibo.nyc.ny.us/iboreports/how-have-city-costs-changed-with-shifts-in-state-and-federal-support-for-homeless-shelters-march-2023.html,,html,13 news articles referencing the report by title,0.0,0,0,0,0,0,0,gdelt,gdelt-coverage:Homeless Shelters Changed Federal Support:429 Client Error: Too Many Requests for url: https://api.gdeltproject.org/api/v2/doc/doc?query=Homeless+Shelters+Changed+Federal+Support&mode=ArtList&format=json&maxrecords=75&timespan=30d&sort=DateDesc,13.0,13,0,0,0,0,0,gdelt,,13.0,13,0,0,0,0,0,gdelt,
7d,13.0,13.0,NYC Independent Budget Office,report,,Another Hole in the Budget Plan,,https://ibo.nyc.ny.us/cgi-park?p=57,,html,13 news articles referencing the report by title,0.0,0,0,0,0,0,0,gdelt,gdelt-coverage:Another Budget Hole Plan:429 Client Error: Too Many Requests for url: https://api.gdeltproject.org/api/v2/doc/doc?query=Another+Budget+Hole+Plan&mode=ArtList&format=json&maxrecords=75&timespan=30d&sort=DateDesc,13.0,13,0,0,0,0,0,gdelt,,13.0,13,0,0,0,0,0,gdelt,
7d,12.0,12.0,NYC Independent Budget Office,report,,The Independent Budget Office’s Estimates for City Expenditures for The January 2025 Financial Plan,2025-02-27,https://www.ibo.nyc.ny.us/iboreports/the-independent-budget-offices-estimates-for-city-expenditures-for-the-January-2025-financial-plan-february-2025.pdf,https://www.ibo.nyc.ny.us/iboreports/the-independent-budget-offices-estimates-for-city-expenditures-for-the-January-2025-financial-plan-february-2025.pdf,pdf,12 news articles referencing the report by title,12.0,12,0,0,0,0,0,gdelt,,12.0,12,0,0,0,0,0,gdelt,,12.0,12,0,0,0,0,0,gdelt,
7d,12.0,12.0,NYC Government Publications Portal,publication,,"The City Record, May 22, 2026",2026-05-22,https://a860-gpp.nyc.gov/concern/nyc_government_publications/x346d9786?locale=en,,html,12 news articles referencing the report by title,0.0,0,0,0,0,0,0,gdelt,gdelt-coverage:Record May 2026:429 Client Error: Too Many Requests for url: https://api.gdeltproject.org/api/v2/doc/doc?query=Record+May+2026&mode=ArtList&format=json&maxrecords=75&timespan=30d&sort=DateDesc,12.0,12,0,0,0,0,0,gdelt,,12.0,12,0,0,0,0,0,gdelt,
7d,12.0,12.0,NYC Government Publications Portal,publication,,"The City Record, May 21, 2026",2026-05-21,https://a860-gpp.nyc.gov/concern/nyc_government_publications/jm214v795?locale=en,,html,12 news articles referencing the report by title,12.0,12,0,0,0,0,0,gdelt,,12.0,12,0,0,0,0,0,gdelt,,12.0,12,0,0,0,0,0,gdelt,
7d,12.0,12.0,NYC Government Publications Portal,publication,,"The City Record, May 20, 2026",2026-05-20,https://a860-gpp.nyc.gov/concern/nyc_government_publications/s7526j657?locale=en,,html,12 news articles referencing the report by title,12.0,12,0,0,0,0,0,gdelt,,12.0,12,0,0,0,0,0,gdelt,,12.0,12,0,0,0,0,0,gdelt,
7d,12.0,12.0,NYC Independent Budget Office,report,,Summary of the New York City Financial Plan,,https://www.ibo.nyc.ny.us/iboreports/financialplansummary.pdf,https://www.ibo.nyc.ny.us/iboreports/financialplansummary.pdf,pdf,12 news articles referencing the report by title,12.0,12,0,0,0,0,0,gdelt,,12.0,12,0,0,0,0,0,gdelt,,12.0,12,0,0,0,0,0,gdelt,
7d,11.0,11.0,NYC Department of Investigation,report,,Fire Safety and Prevention in Public Housing,2023-03-30,https://www.nyc.gov/assets/doi/reports/pdf/2023/12NYCHAfiresafety.Rpt.Release03.30.2023.pdf,https://www.nyc.gov/assets/doi/reports/pdf/2023/12NYCHAfiresafety.Rpt.Release03.30.2023.pdf,pdf,11 news articles referencing the report by title,11.0,11,0,0,0,0,0,gdelt,,11.0,11,0,0,0,0,0,gdelt,,11.0,11,0,0,0,0,0,gdelt,
7d,11.0,11.0,NYS Comptroller,report,,New York City Government Services: Services for the Unsheltered,,https://www.osc.ny.gov/files/reports/osdc/pdf/report-21-2026.pdf,https://www.osc.ny.gov/files/reports/osdc/pdf/report-21-2026.pdf,pdf,11 news articles referencing the report by title,11.0,11,0,0,0,0,0,gdelt,,11.0,11,0,0,0,0,0,gdelt,,11.0,11,0,0,0,0,0,gdelt,
7d,11.0,11.0,NYC Independent Budget Office,report,,Testimony to the New York City Council on the Mayor's Executive Budget for Fiscal Year 2023,2022-05-24,https://ibo.nyc.ny.us/iboreports/executive-budget-testimony-may-2022.pdf,https://ibo.nyc.ny.us/iboreports/executive-budget-testimony-may-2022.pdf,pdf,11 news articles referencing the report by title,11.0,11,0,0,0,0,0,gdelt,,11.0,11,0,0,0,0,0,gdelt,,11.0,11,0,0,0,0,0,gdelt,
7d,11.0,11.0,NYC Independent Budget Office,report,,How Much Did He Say in Pension Savings?,,https://ibo.nyc.ny.us/cgi-park?p=39,,html,11 news articles referencing the report by title,11.0,11,0,0,0,0,0,gdelt,,11.0,11,0,0,0,0,0,gdelt,,11.0,11,0,0,0,0,0,gdelt,
7d,9.0,9.0,NYC Independent Budget Office,report,,"DOE Needs Additional City Funding to Continue Programs Funded with Covid Aid, For Carter Cases, & More",2023-03-15,https://www.ibo.nyc.ny.us/iboreports/doe-needs-additional-city-funding-to-continue-programs-funded-with-covid-aid-for-carter-cases-and-more-slide-march-2023.html,,html,9 news articles referencing the report by title,9.0,9,0,0,0,0,0,gdelt,,9.0,9,0,0,0,0,0,gdelt,,9.0,9,0,0,0,0,0,gdelt,
7d,8.0,8.0,NYC Independent Budget Office,report,,Analysis of the November 2024 Financial Plan Fiscal Years 2025-2028 By The Independent Budget Office,2024-12-18,https://www.ibo.nyc.ny.us/iboreports/analysis-of-the-november-2024-financial-plan-fiscal-years-2025-2028-december2024.html,,html,8 news articles referencing the report by title,8.0,8,0,0,0,0,0,gdelt,,8.0,8,0,0,0,0,0,gdelt,,8.0,8,0,0,0,0,0,gdelt,
7d,7.0,7.0,NYC Independent Budget Office,report,,Spending on New Arrivals,2025-01-08,https://www.ibo.nyc.ny.us/iboreports/spending-on-new-arrivals-january-2025.pdf,https://www.ibo.nyc.ny.us/iboreports/spending-on-new-arrivals-january-2025.pdf,pdf,7 news articles referencing the report by title,7.0,7,0,0,0,0,0,gdelt,,7.0,7,0,0,0,0,0,gdelt,,7.0,7,0,0,0,0,0,gdelt,
7d,7.0,7.0,NYC Independent Budget Office,report,,Highlights of Recent State Policy & Budget Impacts For New York City,2024-07-25,https://ibo.nyc.ny.us/iboreports/highlights-of-recent-state-policy-and-budget-impacts-for-new-york-city-july2024.pdf,https://ibo.nyc.ny.us/iboreports/highlights-of-recent-state-policy-and-budget-impacts-for-new-york-city-july2024.pdf,pdf,7 news articles referencing the report by title,0.0,0,0,0,0,0,0,gdelt,gdelt-coverage:Highlights Impacts Recent Policy Budget:429 Client Error: Too Many Requests for url: https://api.gdeltproject.org/api/v2/doc/doc?query=Highlights+Impacts+Recent+Policy+Budget&mode=ArtList&format=json&maxrecords=75&timespan=30d&sort=DateDesc,7.0,7,0,0,0,0,0,gdelt,,7.0,7,0,0,0,0,0,gdelt,
7d,7.0,7.0,NYC Independent Budget Office,report,,Testimony on the Mayor’s Preliminary Budget For 2024 and Financial Plan through 2027,2023-03-06,https://www.ibo.nyc.ny.us/iboreports/preliminary-budget-testimony-march-2023.pdf,https://www.ibo.nyc.ny.us/iboreports/preliminary-budget-testimony-march-2023.pdf,pdf,7 news articles referencing the report by title,7.0,7,0,0,0,0,0,gdelt,,7.0,7,0,0,0,0,0,gdelt,,7.0,7,0,0,0,0,0,gdelt,
7d,7.0,7.0,NYC Independent Budget Office,report,,Capital Spending by Community Board and Project Type,,https://www.ibo.nyc.ny.us/iboreports/CBcapital.pdf,https://www.ibo.nyc.ny.us/iboreports/CBcapital.pdf,pdf,7 news articles referencing the report by title,7.0,7,0,0,0,0,0,gdelt,,7.0,7,0,0,0,0,0,gdelt,,7.0,7,0,0,0,0,0,gdelt,
7d,6.0,6.0,NYC Independent Budget Office,report,,Focus on: The Mayor’s Fiscal Year 2024 November Plan,,https://www.ibo.nyc.ny.us/iboreports/publicationsAnnualsFiscalOutlook2023.html,,html,6 news articles referencing the report by title,6.0,6,0,0,0,0,0,gdelt,,6.0,6,0,0,0,0,0,gdelt,,6.0,6,0,0,0,0,0,gdelt,
7d,6.0,6.0,NYC Independent Budget Office,report,,Testimony on IBO’s Latest Economic Forecast & The Mayor’s November Financial Plan,2022-12-08,https://www.ibo.nyc.ny.us/iboreports/ibo-november-plan-testimony-december-2022.pdf,https://www.ibo.nyc.ny.us/iboreports/ibo-november-plan-testimony-december-2022.pdf,pdf,6 news articles referencing the report by title,6.0,6,0,0,0,0,0,gdelt,,6.0,6,0,0,0,0,0,gdelt,,6.0,6,0,0,0,0,0,gdelt,
7d,6.0,6.0,NYC Independent Budget Office,report,,A Closer Look at the New Housing Opportunities Program,,https://www.ibo.nyc.ny.us/iboreports/NewHOPbp.pdf,https://www.ibo.nyc.ny.us/iboreports/NewHOPbp.pdf,pdf,6 news articles referencing the report by title,6.0,6,0,0,0,0,0,gdelt,,6.0,6,0,0,0,0,0,gdelt,,6.0,6,0,0,0,0,0,gdelt,
7d,6.0,6.0,NYC Independent Budget Office,report,,School Tax Relief and Education Aid Proposals: Impacts on New York City,,https://www.ibo.nyc.ny.us/iboreports/pubstar.html,,html,6 news articles referencing the report by title,6.0,6,0,0,0,0,0,gdelt,,6.0,6,0,0,0,0,0,gdelt,,6.0,6,0,0,0,0,0,gdelt,
7d,6.0,6.0,NYC Independent Budget Office,report,,Considering Tax Cuts: Current Proposals by the Mayor and the City Council,,https://www.ibo.nyc.ny.us/iboreports/taxprograms.pdf,https://www.ibo.nyc.ny.us/iboreports/taxprograms.pdf,pdf,6 news articles referencing the report by title,0.0,0,0,0,0,0,0,gdelt,gdelt-coverage:Considering Proposals Council Mayor Cuts:429 Client Error: Too Many Requests for url: https://api.gdeltproject.org/api/v2/doc/doc?query=Considering+Proposals+Council+Mayor+Cuts&mode=ArtList&format=json&maxrecords=75&timespan=30d&sort=DateDesc,6.0,6,0,0,0,0,0,gdelt,,6.0,6,0,0,0,0,0,gdelt,
7d,5.0,5.0,NYS Comptroller,report,,Challenges Facing Small Businesses in New York,,https://www.osc.ny.gov/files/reports/pdf/challenges-facing-small-businesses-in-ny.pdf,https://www.osc.ny.gov/files/reports/pdf/challenges-facing-small-businesses-in-ny.pdf,pdf,5 news articles referencing the report by title,0.0,0,0,0,0,0,0,gdelt,gdelt-coverage:Challenges Businesses Facing Small:429 Client Error: Too Many Requests for url: https://api.gdeltproject.org/api/v2/doc/doc?query=Challenges+Businesses+Facing+Small&mode=ArtList&format=json&maxrecords=75&timespan=30d&sort=DateDesc,5.0,5,0,0,0,0,0,gdelt,,5.0,5,0,0,0,0,0,gdelt,
7d,5.0,5.0,NYC Independent Budget Office,report,,Changes to New York City Employee Staffing Levels,2025-02-25,https://www.ibo.nyc.ny.us/iboreports/changes-to-new-york-city-employee-staffing-levels-february-2025.html,,html,5 news articles referencing the report by title,5.0,5,0,0,0,0,0,gdelt,,5.0,5,0,0,0,0,0,gdelt,,5.0,5,0,0,0,0,0,gdelt,
7d,5.0,5.0,NYC Independent Budget Office,report,,Quiet on the Set?,,https://ibo.nyc.ny.us/cgi-park?p=90,,html,5 news articles referencing the report by title,5.0,5,0,0,0,0,0,gdelt,,5.0,5,0,0,0,0,0,gdelt,,5.0,5,0,0,0,0,0,gdelt,
7d,5.0,5.0,NYC Independent Budget Office,report,,Results of Review of IBO and Administration Analyses of the Fiscal Impact of Intro 101A (The Lead Paint Bill),,https://www.ibo.nyc.ny.us/iboreports/Intro101AReview.pdf,https://www.ibo.nyc.ny.us/iboreports/Intro101AReview.pdf,pdf,5 news articles referencing the report by title,5.0,5,0,0,0,0,0,gdelt,,5.0,5,0,0,0,0,0,gdelt,,5.0,5,0,0,0,0,0,gdelt,
7d,4.0,4.0,NYS Comptroller,report,,"Local Sales Tax Collections Total $6.1 Billion, Up 5.1% in First Quarter",,https://www.osc.ny.gov/files/local-government/publications/pdf/2026-sales-tax-first-quarter.pdf,https://www.osc.ny.gov/files/local-government/publications/pdf/2026-sales-tax-first-quarter.pdf,pdf,4 news articles referencing the report by title,4.0,4,0,0,0,0,0,gdelt,,4.0,4,0,0,0,0,0,gdelt,,4.0,4,0,0,0,0,0,gdelt,
7d,4.0,4.0,NYC Independent Budget Office,report,,Analysis of the 2026 Preliminary Budget and Financial Plan by the Independent Budget Office,2025-02-27,https://www.ibo.nyc.ny.us/iboreports/analysis-of-the-january-2025-preliminary-budget-and-2025-2029-financial-plan-february-2025.pdf,https://www.ibo.nyc.ny.us/iboreports/analysis-of-the-january-2025-preliminary-budget-and-2025-2029-financial-plan-february-2025.pdf,pdf,4 news articles referencing the report by title,4.0,4,0,0,0,0,0,gdelt,,4.0,4,0,0,0,0,0,gdelt,,4.0,4,0,0,0,0,0,gdelt,
7d,4.0,4.0,NYC Independent Budget Office,report,,Local Projections Amidst National Uncertainty Details on IBO’s Economic and Revenue Forecasts,2024-12-18,https://www.ibo.nyc.ny.us/iboreports/local-projections-amidst-national-uncertainty-details-on-ibos-economic-and-revenue-forecasts-december-2024.pdf,https://www.ibo.nyc.ny.us/iboreports/local-projections-amidst-national-uncertainty-details-on-ibos-economic-and-revenue-forecasts-december-2024.pdf,pdf,4 news articles referencing the report by title,0.0,0,0,0,0,0,0,gdelt,gdelt-coverage:Projections Uncertainty Forecasts National Econo:429 Client Error: Too Many Requests for url: https://api.gdeltproject.org/api/v2/doc/doc?query=Projections+Uncertainty+Forecasts+National+Economic&mode=ArtList&format=json&maxrecords=75&timespan=30d&sort=DateDesc,4.0,4,0,0,0,0,0,gdelt,,4.0,4,0,0,0,0,0,gdelt,
7d,4.0,4.0,NYC Independent Budget Office,report,,Alternative Allocations for The City Budget,2025-01-31,https://www.ibo.nyc.ny.us/iboreports/alternative-allocations-for-city-budget-january-2025.pdf,https://www.ibo.nyc.ny.us/iboreports/alternative-allocations-for-city-budget-january-2025.pdf,pdf,4 news articles referencing the report by title,0.0,0,0,0,0,0,0,gdelt,gdelt-coverage:Alternative Allocations Budget:429 Client Error: Too Many Requests for url: https://api.gdeltproject.org/api/v2/doc/doc?query=Alternative+Allocations+Budget&mode=ArtList&format=json&maxrecords=75&timespan=30d&sort=DateDesc,4.0,4,0,0,0,0,0,gdelt,,4.0,4,0,0,0,0,0,gdelt,
7d,4.0,4.0,NYC Independent Budget Office,report,,Analysis of the 2025 Preliminary Budget and Financial Plan by the Independent Budget Office,,https://www.ibo.nyc.ny.us/iboreports/publicationsAnnualsprelimbudget2024.html,,html,4 news articles referencing the report by title,4.0,4,0,0,0,0,0,gdelt,,4.0,4,0,0,0,0,0,gdelt,,4.0,4,0,0,0,0,0,gdelt,
7d,4.0,4.0,NYC Independent Budget Office,report,,Webinar: Key Findings From Our Latest Economic Forecast & Review of the November Financial Plan,2022-01-25,https://ibo.nyc.ny.us/iboreports/key-findings-from-our-latest-economic-forecast-and-review%20-of-the-november-finacial-plan-webinar-slides-january-2022.html,,html,4 news articles referencing the report by title,4.0,4,0,0,0,0,0,gdelt,,4.0,4,0,0,0,0,0,gdelt,,4.0,4,0,0,0,0,0,gdelt,
7d,4.0,4.0,NYC Independent Budget Office,report,,"Since 2000, Funding Changes Cause Annual Uncertainty for Summer Jobs Program",,https://www.ibo.nyc.ny.us/iboreports/SYEP_jun2006.pdf,https://www.ibo.nyc.ny.us/iboreports/SYEP_jun2006.pdf,pdf,4 news articles referencing the report by title,4.0,4,0,0,0,0,0,gdelt,,4.0,4,0,0,0,0,0,gdelt,,4.0,4,0,0,0,0,0,gdelt,
7d,4.0,4.0,NYC Independent Budget Office,report,,Outlook for the City’s Economy: A Slow and Fragile Recovery,,https://ibo.nyc.ny.us/iboreports/outlook-for-the-citys-cconomy-a-slow-and-fragile-recovery-march-2021.pdf,https://ibo.nyc.ny.us/iboreports/outlook-for-the-citys-cconomy-a-slow-and-fragile-recovery-march-2021.pdf,pdf,4 news articles referencing the report by title,4.0,4,0,0,0,0,0,gdelt,,4.0,4,0,0,0,0,0,gdelt,,4.0,4,0,0,0,0,0,gdelt,
7d,4.0,4.0,NYC Independent Budget Office,report,,Salaries for Local Government Employees: How Does NYC Measure Up?,,https://ibo.nyc.ny.us/cgi-park2?p=295,,html,4 news articles referencing the report by title,4.0,4,0,0,0,0,0,gdelt,,4.0,4,0,0,0,0,0,gdelt,,4.0,4,0,0,0,0,0,gdelt,
7d,4.0,4.0,NYC Independent Budget Office,report,,Department of Buildings Expenses and Revenues for Fiscal Years 2004-2009,,https://www.ibo.nyc.ny.us/iboreports/111608Oddoletter.pdf,https://www.ibo.nyc.ny.us/iboreports/111608Oddoletter.pdf,pdf,4 news articles referencing the report by title,4.0,4,0,0,0,0,0,gdelt,,4.0,4,0,0,0,0,0,gdelt,,4.0,4,0,0,0,0,0,gdelt,
7d,4.0,4.0,NYC Independent Budget Office,report,,Testimony to the New York City Council Committee on Education’s Hearing on The Department of Education’s Monitoring of Students at Closing Schools,,https://www.ibo.nyc.ny.us/iboreports/schoolclosingtestimonyjan2011.pdf,https://www.ibo.nyc.ny.us/iboreports/schoolclosingtestimonyjan2011.pdf,pdf,4 news articles referencing the report by title,0.0,0,0,0,0,0,0,gdelt,gdelt-coverage:Monitoring Committee Education Students Council:429 Client Error: Too Many Requests for url: https://api.gdeltproject.org/api/v2/doc/doc?query=Monitoring+Committee+Education+Students+Council&mode=ArtList&format=json&maxrecords=75&timespan=30d&sort=DateDesc,4.0,4,0,0,0,0,0,gdelt,,4.0,4,0,0,0,0,0,gdelt,
7d,3.0,3.0,NYC Comptroller,report,,"Letter to SpaceX re: IPO From NYC Comptroller Levine, NYS Comptroller DiNapoli, and CalPERS CEO Frost",2026-05-14,https://comptroller.nyc.gov/reports/letter-to-spacex-re-ipo-from-nyc-comptroller-levine-nys-comptroller-dinapoli-and-calpers-ceo-frost,,html,3 news articles referencing the report by title,0.0,0,0,0,0,0,0,gdelt,gdelt-coverage:Comptroller DiNapoli CalPERS SpaceX Levine:429 Client Error: Too Many Requests for url: https://api.gdeltproject.org/api/v2/doc/doc?query=Comptroller+DiNapoli+CalPERS+SpaceX+Levine&mode=ArtList&format=json&maxrecords=75&timespan=30d&sort=DateDesc,3.0,3,0,0,0,0,0,gdelt,,3.0,3,0,0,0,0,0,gdelt,
7d,3.0,3.0,NYS Comptroller,report,,Federal Impact: Travel and Tourism to New York,,https://www.osc.ny.gov/reports/budget/fed-funding-ny/federal-impact-travel-and-tourism-new-york,,html,3 news articles referencing the report by title,0.0,0,0,0,0,0,0,gdelt,gdelt-coverage:Federal Tourism Impact Travel:429 Client Error: Too Many Requests for url: https://api.gdeltproject.org/api/v2/doc/doc?query=Federal+Tourism+Impact+Travel&mode=ArtList&format=json&maxrecords=75&timespan=30d&sort=DateDesc,3.0,3,0,0,0,0,0,gdelt,,3.0,3,0,0,0,0,0,gdelt,
7d,3.0,3.0,NYC Independent Budget Office,report,,"Modest Economic Recovery, With Persistent Budget Challenges",2023-05-15,https://www.ibo.nyc.ny.us/iboreports/modest-economic-recovery-with-persistent-budget-challenges-may-2023.pdf,https://www.ibo.nyc.ny.us/iboreports/modest-economic-recovery-with-persistent-budget-challenges-may-2023.pdf,pdf,3 news articles referencing the report by title,3.0,3,0,0,0,0,0,gdelt,,3.0,3,0,0,0,0,0,gdelt,,3.0,3,0,0,0,0,0,gdelt,
7d,3.0,3.0,NYC Independent Budget Office,report,,Key Findings From IBO’s Latest Economic Forecast and Review of the Mayor’s 2023 Preliminary Budget and Financial Plan,2022-03-02,https://ibo.nyc.ny.us/iboreports/preliminary-budget-snapshot-march-2022.html,,html,3 news articles referencing the report by title,3.0,3,0,0,0,0,0,gdelt,,3.0,3,0,0,0,0,0,gdelt,,3.0,3,0,0,0,0,0,gdelt,
7d,3.0,3.0,NYC Government Publications Portal,publication,,Quarterly EEO and Diversity Plan Implementation,2026-05-21,https://a860-gpp.nyc.gov/concern/nyc_government_publications/kk91fs170?locale=en,,html,3 news articles referencing the report by title,0.0,0,0,0,0,0,0,gdelt,gdelt-coverage:Diversity Plan EEO:429 Client Error: Too Many Requests for url: https://api.gdeltproject.org/api/v2/doc/doc?query=Diversity+Plan+EEO&mode=ArtList&format=json&maxrecords=75&timespan=30d&sort=DateDesc,3.0,3,0,0,0,0,0,gdelt,,3.0,3,0,0,0,0,0,gdelt,
7d,3.0,3.0,NYC Independent Budget Office,report,,"Living Wage, Again",,https://ibo.nyc.ny.us/cgi-park?p=403,,html,3 news articles referencing the report by title,3.0,3,0,0,0,0,0,gdelt,,3.0,3,0,0,0,0,0,gdelt,,3.0,3,0,0,0,0,0,gdelt,
7d,3.0,3.0,NYC Independent Budget Office,report,,"City’s Capital Plan Grows: More Projects, Some More Spending",,https://ibo.nyc.ny.us/cgi-park?p=106,,html,3 news articles referencing the report by title,3.0,3,0,0,0,0,0,gdelt,,3.0,3,0,0,0,0,0,gdelt,,3.0,3,0,0,0,0,0,gdelt,
7d,3.0,3.0,NYC Independent Budget Office,report,,How Much Is Too Much? Debt Affordability Measures for the City,,https://www.ibo.nyc.ny.us/iboreports/Debtaffordability_fbapr2006.pdf,https://www.ibo.nyc.ny.us/iboreports/Debtaffordability_fbapr2006.pdf,pdf,3 news articles referencing the report by title,3.0,3,0,0,0,0,0,gdelt,,3.0,3,0,0,0,0,0,gdelt,,3.0,3,0,0,0,0,0,gdelt,
7d,3.0,3.0,NYC Independent Budget Office,report,,Supply & Demand: City and State May Be Planning Too Much Office Space,,https://www.ibo.nyc.ny.us/iboreports/officespacebp.pdf,https://www.ibo.nyc.ny.us/iboreports/officespacebp.pdf,pdf,3 news articles referencing the report by title,3.0,3,0,0,0,0,0,gdelt,,3.0,3,0,0,0,0,0,gdelt,,3.0,3,0,0,0,0,0,gdelt,
7d,3.0,3.0,NYC Independent Budget Office,report,,New York City: Your Ad Here,,https://ibo.nyc.ny.us/cgi-park?p=528,,html,3 news articles referencing the report by title,3.0,3,0,0,0,0,0,gdelt,,3.0,3,0,0,0,0,0,gdelt,,3.0,3,0,0,0,0,0,gdelt,
7d,3.0,3.0,NYC Independent Budget Office,report,,Testimony to the New York City Council on Mayoral Control of New York City Schools,,https://www.ibo.nyc.ny.us/iboreports/060409Testimony.pdf,https://www.ibo.nyc.ny.us/iboreports/060409Testimony.pdf,pdf,3 news articles referencing the report by title,3.0,3,0,0,0,0,0,gdelt,,3.0,3,0,0,0,0,0,gdelt,,3.0,3,0,0,0,0,0,gdelt,
7d,2.0,2.0,NYC Comptroller,report,,Review of the Small Business Forward Initiative and Its Impact on Violations Enforcement,2026-04-07,https://comptroller.nyc.gov/reports/review-of-the-small-business-forward-initiative-and-its-impact-on-violations-enforcement,,html,2 news articles referencing the report by title,2.0,2,0,0,0,0,0,gdelt,,2.0,2,0,0,0,0,0,gdelt,,2.0,2,0,0,0,0,0,gdelt,
7d,2.0,2.0,NYS Comptroller,report,,Economic Impact of Tariffs,,https://www.osc.ny.gov/reports/budget/fed-funding-ny/economic-impact-tariffs,,html,2 news articles referencing the report by title,2.0,2,0,0,0,0,0,gdelt,,2.0,2,0,0,0,0,0,gdelt,,2.0,2,0,0,0,0,0,gdelt,
7d,2.0,2.0,NYC Independent Budget Office,report,,"Hard Times Ahead?: While Projected Budget Gaps Are Modest, the Economic and Fiscal Risks NYC Faces Are Not",2021-01-06,https://ibo.nyc.ny.us/iboreports/hard-times-ahead-while-projected-budget-gaps-are-modest-the-economic-and-fiscal-risks-nyc-faces-are-not-fiscal-outlook-january-2021.pdf,https://ibo.nyc.ny.us/iboreports/hard-times-ahead-while-projected-budget-gaps-are-modest-the-economic-and-fiscal-risks-nyc-faces-are-not-fiscal-outlook-january-2021.pdf,pdf,2 news articles referencing the report by title,2.0,2,0,0,0,0,0,gdelt,,2.0,2,0,0,0,0,0,gdelt,,2.0,2,0,0,0,0,0,gdelt,
7d,2.0,2.0,NYC Independent Budget Office,report,,Testimony on the Executive Budget for 2020,2019-05-23,https://ibo.nyc.ny.us/iboreports/executive-budget-testimony-may-2019.pdf,https://ibo.nyc.ny.us/iboreports/executive-budget-testimony-may-2019.pdf,pdf,2 news articles referencing the report by title,0.0,0,0,0,0,0,0,gdelt,gdelt-coverage:Executive Budget 2020:429 Client Error: Too Many Requests for url: https://api.gdeltproject.org/api/v2/doc/doc?query=Executive+Budget+2020&mode=ArtList&format=json&maxrecords=75&timespan=30d&sort=DateDesc,2.0,2,0,0,0,0,0,gdelt,,2.0,2,0,0,0,0,0,gdelt,
7d,2.0,2.0,NYC Independent Budget Office,report,,Governor’s Budget Would Add to City’s Rising Share of Homeless Shelter Costs,,https://ibo.nyc.ny.us/iboreports/governors-budget-would-add-to-citys-rising-share-of-homeless-sheltercosts-fopb-march-2019.pdf,https://ibo.nyc.ny.us/iboreports/governors-budget-would-add-to-citys-rising-share-of-homeless-sheltercosts-fopb-march-2019.pdf,pdf,2 news articles referencing the report by title,0.0,0,0,0,0,0,0,gdelt,gdelt-coverage:Governor Homeless Shelter Budget Rising:429 Client Error: Too Many Requests for url: https://api.gdeltproject.org/api/v2/doc/doc?query=Governor+Homeless+Shelter+Budget+Rising&mode=ArtList&format=json&maxrecords=75&timespan=30d&sort=DateDesc,2.0,2,0,0,0,0,0,gdelt,,2.0,2,0,0,0,0,0,gdelt,
7d,2.0,2.0,NYC Independent Budget Office,report,,"Big City, Big Staff—But Maybe Not as Big as It Seems",,https://ibo.nyc.ny.us/cgi-park?p=16,,html,2 news articles referencing the report by title,0.0,0,0,0,0,0,0,gdelt,gdelt-coverage:Staff Maybe Seems Big But:429 Client Error: Too Many Requests for url: https://api.gdeltproject.org/api/v2/doc/doc?query=Staff+Maybe+Seems+Big+But&mode=ArtList&format=json&maxrecords=75&timespan=30d&sort=DateDesc,2.0,2,0,0,0,0,0,gdelt,,2.0,2,0,0,0,0,0,gdelt,
7d,2.0,2.0,NYC Independent Budget Office,report,,Does City Capital Spending Match the 10-Year Strategy?,,https://www.ibo.nyc.ny.us/iboreports/10YearCapPlan.pdf,https://www.ibo.nyc.ny.us/iboreports/10YearCapPlan.pdf,pdf,2 news articles referencing the report by title,2.0,2,0,0,0,0,0,gdelt,,2.0,2,0,0,0,0,0,gdelt,,2.0,2,0,0,0,0,0,gdelt,
7d,2.0,2.0,NYC Independent Budget Office,report,,Expanding Yellow School Bus Service: Fiscal Impact of Three Proposed Policy Changes,,https://www.ibo.nyc.ny.us/iboreports/schoolbus.pdf,https://www.ibo.nyc.ny.us/iboreports/schoolbus.pdf,pdf,2 news articles referencing the report by title,0.0,0,0,0,0,0,0,gdelt,gdelt-coverage:Expanding Service Changes Yellow School:429 Client Error: Too Many Requests for url: https://api.gdeltproject.org/api/v2/doc/doc?query=Expanding+Service+Changes+Yellow+School&mode=ArtList&format=json&maxrecords=75&timespan=30d&sort=DateDesc,2.0,2,0,0,0,0,0,gdelt,,2.0,2,0,0,0,0,0,gdelt,
7d,2.0,2.0,NYC Independent Budget Office,report,,Where the Jobs Are Growing the Money Isn’t Always So Good,,https://ibo.nyc.ny.us/cgi-park?p=416,,html,2 news articles referencing the report by title,2.0,2,0,0,0,0,0,gdelt,,2.0,2,0,0,0,0,0,gdelt,,2.0,2,0,0,0,0,0,gdelt,
7d,2.0,2.0,NYS Comptroller,report,,Prompt Payment Interest Report: State Fiscal Year 2025-26,,https://www.osc.ny.gov/files/reports/special-topics/pdf/prompt-payment-interest-2025-26.pdf,https://www.osc.ny.gov/files/reports/special-topics/pdf/prompt-payment-interest-2025-26.pdf,pdf,2 news articles referencing the report by title,2.0,2,0,0,0,0,0,gdelt,,2.0,2,0,0,0,0,0,gdelt,,2.0,2,0,0,0,0,0,gdelt,
7d,1.0,1.0,NYC Department of Investigation,report,,DOI Investigation into Theft Involving Pension Funds Managed by the NYC Employees' Retirement System (NYCERS) and Related Recommendations,2025-09-17,https://www.nyc.gov/assets/doi/reports/pdf/2025/36NYCERS.Release.Rpt.09.17.2025.pdf,https://www.nyc.gov/assets/doi/reports/pdf/2025/36NYCERS.Release.Rpt.09.17.2025.pdf,pdf,1 news article referencing the report by title,1.0,1,0,0,0,0,0,gdelt,,1.0,1,0,0,0,0,0,gdelt,,1.0,1,0,0,0,0,0,gdelt,
7d,1.0,1.0,NYC Department of Investigation,report,,An Assessment of NYPD's Response to the POST (Public Oversight of Surveillance Technology) Act,2022-11-03,https://www.nyc.gov/assets/doi/reports/pdf/2022/20PostActRelease.Rpt.11.03.2022.pdf,https://www.nyc.gov/assets/doi/reports/pdf/2022/20PostActRelease.Rpt.11.03.2022.pdf,pdf,1 news article referencing the report by title,1.0,1,0,0,0,0,0,gdelt,,1.0,1,0,0,0,0,0,gdelt,,1.0,1,0,0,0,0,0,gdelt,
7d,1.0,1.0,NYS Comptroller,report,,"For Many New Yorkers, Incomes Not Keeping Pace with Inflation",,https://www.osc.ny.gov/reports/median-income,,html,1 news article referencing the report by title,1.0,1,0,0,0,0,0,gdelt,,1.0,1,0,0,0,0,0,gdelt,,1.0,1,0,0,0,0,0,gdelt,
7d,1.0,1.0,NYC Independent Budget Office,report,,Testimony to the New York City Council On the Mayor's 2019 Executive Budget,2018-05-24,https://ibo.nyc.ny.us/iboreports/executive-budget-testimony-may-2018.pdf,https://ibo.nyc.ny.us/iboreports/executive-budget-testimony-may-2018.pdf,pdf,1 news article referencing the report by title,1.0,1,0,0,0,0,0,gdelt,,1.0,1,0,0,0,0,0,gdelt,,1.0,1,0,0,0,0,0,gdelt,
7d,1.0,1.0,NYC Independent Budget Office,report,,Who Are the Main Sources for Reports of Alleged Child Abuse and Maltreatment in New York City?,2018-10-18,https://ibo.nyc.ny.us/cgi-park2/2018/10/who-are-the-main-sources-for-reports-of-alleged-child-abuse-and-maltreatment-in-new-york-city,,html,1 news article referencing the report by title,0.0,0,0,0,0,0,0,gdelt,gdelt-coverage:Maltreatment Sources Alleged Child Abuse:429 Client Error: Too Many Requests for url: https://api.gdeltproject.org/api/v2/doc/doc?query=Maltreatment+Sources+Alleged+Child+Abuse&mode=ArtList&format=json&maxrecords=75&timespan=30d&sort=DateDesc,1.0,1,0,0,0,0,0,gdelt,,1.0,1,0,0,0,0,0,gdelt,
7d,1.0,1.0,NYC Government Publications Portal,publication,,DPR | Q2 2026 - Quarterly Equal Employment Opportunity and Diversity Plan Implementation,2026-05-21,https://a860-gpp.nyc.gov/concern/nyc_government_publications/0p096d81b?locale=en,,html,1 news article referencing the report by title,1.0,1,0,0,0,0,0,gdelt,,1.0,1,0,0,0,0,0,gdelt,,1.0,1,0,0,0,0,0,gdelt,
7d,1.0,1.0,NYC Government Publications Portal,publication,,DPR | Q3 2026 - Quarterly Equal Employment Opportunity and Diversity Plan Implementation,2026-05-20,https://a860-gpp.nyc.gov/concern/nyc_government_publications/ns064c74t?locale=en,,html,1 news article referencing the report by title,1.0,1,0,0,0,0,0,gdelt,,1.0,1,0,0,0,0,0,gdelt,,1.0,1,0,0,0,0,0,gdelt,
7d,1.0,1.0,NYC Independent Budget Office,report,,Estimated Costs of Language Access Policies in New York City Agencies,,https://www.ibo.nyc.ny.us/iboreports/OddoLetterSeptember2009.pdf,https://www.ibo.nyc.ny.us/iboreports/OddoLetterSeptember2009.pdf,pdf,1 news article referencing the report by title,1.0,1,0,0,0,0,0,gdelt,,1.0,1,0,0,0,0,0,gdelt,,1.0,1,0,0,0,0,0,gdelt,
7d,1.0,1.0,NYC Independent Budget Office,report,,Sick Days and the City,,https://ibo.nyc.ny.us/cgi-park?p=237,,html,1 news article referencing the report by title,0.0,0,0,0,0,0,0,gdelt,gdelt-coverage:Sick Days:429 Client Error: Too Many Requests for url: https://api.gdeltproject.org/api/v2/doc/doc?query=Sick+Days&mode=ArtList&format=json&maxrecords=75&timespan=30d&sort=DateDesc,1.0,1,0,0,0,0,0,gdelt,,1.0,1,0,0,0,0,0,gdelt,
7d,1.0,1.0,NYC Independent Budget Office,report,,The Transportation Infrastructure Bond Act of 2000,,https://www.ibo.nyc.ny.us/iboreports/October2000.pdf,https://www.ibo.nyc.ny.us/iboreports/October2000.pdf,pdf,1 news article referencing the report by title,1.0,1,0,0,0,0,0,gdelt,,1.0,1,0,0,0,0,0,gdelt,,1.0,1,0,0,0,0,0,gdelt,
7d,1.0,1.0,NYC Independent Budget Office,report,,Testimony to the New York City Council Community Development Committee On the Effect of the Recession on the City’s Communities,,https://www.ibo.nyc.ny.us/iboreports/communitydevlpttestoct2010.pdf,https://www.ibo.nyc.ny.us/iboreports/communitydevlpttestoct2010.pdf,pdf,1 news article referencing the report by title,0.0,0,0,0,0,0,0,gdelt,gdelt-coverage:Development Communities Community Committee Rece:429 Client Error: Too Many Requests for url: https://api.gdeltproject.org/api/v2/doc/doc?query=Development+Communities+Community+Committee+Recession&mode=ArtList&format=json&maxrecords=75&timespan=30d&sort=DateDesc,1.0,1,0,0,0,0,0,gdelt,,1.0,1,0,0,0,0,0,gdelt,
7d,1.0,1.0,NYC Independent Budget Office,report,,HPD Code Enforcement: Resources and Level of Effort,,https://www.ibo.nyc.ny.us/iboreports/hpd.pdf,https://www.ibo.nyc.ny.us/iboreports/hpd.pdf,pdf,1 news article referencing the report by title,0.0,0,0,0,0,0,0,gdelt,gdelt-coverage:Enforcement Resources Effort Level Code:429 Client Error: Too Many Requests for url: https://api.gdeltproject.org/api/v2/doc/doc?query=Enforcement+Resources+Effort+Level+Code&mode=ArtList&format=json&maxrecords=75&timespan=30d&sort=DateDesc,1.0,1,0,0,0,0,0,gdelt,,1.0,1,0,0,0,0,0,gdelt,
7d,1.0,1.0,NYC Independent Budget Office,report,,"Fees at City Recreation Centers: More Pay, Fewer Play",,https://www.ibo.nyc.ny.us/iboreports/Parkfees_fb_march2006.pdf,https://www.ibo.nyc.ny.us/iboreports/Parkfees_fb_march2006.pdf,pdf,1 news article referencing the report by title,1.0,1,0,0,0,0,0,gdelt,,1.0,1,0,0,0,0,0,gdelt,,1.0,1,0,0,0,0,0,gdelt,
7d,1.0,1.0,NYC Independent Budget Office,report,,Update: Detailed Summary of Individual Interim Export Contracts,,https://www.ibo.nyc.ny.us/iboreports/Exportcontractstable.pdf,https://www.ibo.nyc.ny.us/iboreports/Exportcontractstable.pdf,pdf,1 news article referencing the report by title,0.0,0,0,0,0,0,0,gdelt,gdelt-coverage:Individual Contracts Detailed Summary Interim:429 Client Error: Too Many Requests for url: https://api.gdeltproject.org/api/v2/doc/doc?query=Individual+Contracts+Detailed+Summary+Interim&mode=ArtList&format=json&maxrecords=75&timespan=30d&sort=DateDesc,1.0,1,0,0,0,0,0,gdelt,,1.0,1,0,0,0,0,0,gdelt,
7d,1.0,1.0,NYC Independent Budget Office,report,,Comparing the Level of Public Support: Charter Schools versus Traditional Public Schools,,https://www.ibo.nyc.ny.us/iboreports/charterschoolsfeb2010.pdf,https://www.ibo.nyc.ny.us/iboreports/charterschoolsfeb2010.pdf,pdf,1 news article referencing the report by title,1.0,1,0,0,0,0,0,gdelt,,1.0,1,0,0,0,0,0,gdelt,,1.0,1,0,0,0,0,0,gdelt,
7d,1.0,1.0,NYC Independent Budget Office,report,,Tax Effort and Spending Effort Across New York State,,https://www.ibo.nyc.ny.us/iboreports/tnydec2011.pdf,https://www.ibo.nyc.ny.us/iboreports/tnydec2011.pdf,pdf,1 news article referencing the report by title,1.0,1,0,0,0,0,0,gdelt,,1.0,1,0,0,0,0,0,gdelt,,1.0,1,0,0,0,0,0,gdelt,
7d,1.0,1.0,NYC Independent Budget Office,report,,Boom & Bust: Commercial Property Taxes Are a Key to Revenues From Property Transfer Taxes,,https://www.ibo.nyc.ny.us/iboreports/rpttjan2012.pdf,https://www.ibo.nyc.ny.us/iboreports/rpttjan2012.pdf,pdf,1 news article referencing the report by title,0.0,0,0,0,0,0,0,gdelt,gdelt-coverage:Commercial Property Revenues Transfer Taxes:429 Client Error: Too Many Requests for url: https://api.gdeltproject.org/api/v2/doc/doc?query=Commercial+Property+Revenues+Transfer+Taxes&mode=ArtList&format=json&maxrecords=75&timespan=30d&sort=DateDesc,1.0,1,0,0,0,0,0,gdelt,,1.0,1,0,0,0,0,0,gdelt,
7d,1.0,1.0,NYC Independent Budget Office,report,,Analysis of Income Distribution in NYC and Relative NYC Personal Income Tax Burden,,https://www.ibo.nyc.ny.us/iboreports/120611letterwenc.pdf,https://www.ibo.nyc.ny.us/iboreports/120611letterwenc.pdf,pdf,1 news article referencing the report by title,1.0,1,0,0,0,0,0,gdelt,,1.0,1,0,0,0,0,0,gdelt,,1.0,1,0,0,0,0,0,gdelt,
7d,1.0,1.0,NYC Independent Budget Office,report,,Attention Shoppers! For a Limited Time Only: The Clothing Tax Returns,,https://ibo.nyc.ny.us/cgi-park?p=232,,html,1 news article referencing the report by title,1.0,1,0,0,0,0,0,gdelt,,1.0,1,0,0,0,0,0,gdelt,,1.0,1,0,0,0,0,0,gdelt,
7d,0.0,0.0,NYC Department of Investigation,report,,OIG-NYPD Twelfth Annual Report,2026-04-15,https://www.nyc.gov/assets/doi/reports/pdf/2026/08OIGNYPD.AR.Release.Rpt.04.15.2026.pdf,https://www.nyc.gov/assets/doi/reports/pdf/2026/08OIGNYPD.AR.Release.Rpt.04.15.2026.pdf,pdf,no public news coverage or exact-link mentions found in checked sources,0.0,0,0,0,0,0,0,gdelt,gdelt-coverage:OIG-NYPD Twelfth:429 Client Error: Too Many Requests for url: https://api.gdeltproject.org/api/v2/doc/doc?query=OIG-NYPD+Twelfth&mode=ArtList&format=json&maxrecords=75&timespan=30d&sort=DateDesc,0.0,0,0,0,0,0,0,gdelt,gdelt-coverage:OIG-NYPD Twelfth:Expecting value: line 1 column 1 (char 0),0.0,0,0,0,0,0,0,gdelt,gdelt-coverage:OIG-NYPD Twelfth:Expecting value: line 1 column 1 (char 0)
7d,0.0,0.0,NYC Department of Investigation,report,,Access Denied: Challenges to DOI's Oversight of the City's Child Welfare System,2026-05-05,https://www.nyc.gov/assets/doi/reports/pdf/2026/10ACSReport.Release05.05.2026FINAL.pdf,https://www.nyc.gov/assets/doi/reports/pdf/2026/10ACSReport.Release05.05.2026FINAL.pdf,pdf,no public news coverage or exact-link mentions found in checked sources,0.0,0,0,0,0,0,0,gdelt,gdelt-coverage:Challenges Oversight Welfare Access Denied:429 Client Error: Too Many Requests for url: https://api.gdeltproject.org/api/v2/doc/doc?query=Challenges+Oversight+Welfare+Access+Denied&mode=ArtList&format=json&maxrecords=75&timespan=30d&sort=DateDesc,0.0,0,0,0,0,0,0,gdelt,,0.0,0,0,0,0,0,0,gdelt,
7d,0.0,0.0,NYC Department of Investigation,report,,Report on the New York City Conflicts of Interest Board's Advisory Opinion and Moonlighting Waiver Practices,2025-12-18,https://www.nyc.gov/assets/doi/reports/pdf/2025/50COIBRelease.Rpt.12.18.2025.pdf,https://www.nyc.gov/assets/doi/reports/pdf/2025/50COIBRelease.Rpt.12.18.2025.pdf,pdf,no public news coverage or exact-link mentions found in checked sources,0.0,0,0,0,0,0,0,gdelt,,0.0,0,0,0,0,0,0,gdelt,,0.0,0,0,0,0,0,0,gdelt,
7d,0.0,0.0,NYC Department of Investigation,report,,DOI Investigation into the NYPD's Compliance with Local Laws Restricting City Assistance with Immigration Enforcement,2025-12-03,https://www.nyc.gov/assets/doi/reports/pdf/2025/49NYPD.SancLawsRelease.Rpt.12.03.2025.pdf,https://www.nyc.gov/assets/doi/reports/pdf/2025/49NYPD.SancLawsRelease.Rpt.12.03.2025.pdf,pdf,no public news coverage or exact-link mentions found in checked sources,0.0,0,0,0,0,0,0,gdelt,,0.0,0,0,0,0,0,0,gdelt,,0.0,0,0,0,0,0,0,gdelt,
7d,0.0,0.0,NYC Department of Investigation,report,,DOI's Investigation into the Reclamation of Vacant NYCHA Apartments,2026-03-03,https://www.nyc.gov/assets/doi/reports/pdf/2026/05NYCHAReclaim.Release.Rpt.03.03.2026.pdf,https://www.nyc.gov/assets/doi/reports/pdf/2026/05NYCHAReclaim.Release.Rpt.03.03.2026.pdf,pdf,no public news coverage or exact-link mentions found in checked sources,0.0,0,0,0,0,0,0,gdelt,gdelt-coverage:Reclamation Apartments Vacant DOI's NYCHA:429 Client Error: Too Many Requests for url: https://api.gdeltproject.org/api/v2/doc/doc?query=Reclamation+Apartments+Vacant+DOI%27s+NYCHA&mode=ArtList&format=json&maxrecords=75&timespan=30d&sort=DateDesc,0.0,0,0,0,0,0,0,gdelt,gdelt-coverage:Reclamation Apartments Vacant DOI's NYCHA:429 Client Error: Too Many Requests for url: https://api.gdeltproject.org/api/v2/doc/doc?query=Reclamation+Apartments+Vacant+DOI%27s+NYCHA&mode=ArtList&format=json&maxrecords=75&timespan=30d&sort=DateDesc,0.0,0,0,0,0,0,0,gdelt,
7d,0.0,0.0,NYC Department of Investigation,report,,Update on NYPD's Implementation of DOI's 2023 Criminal Group Database Recommendations,2025-10-15,https://www.nyc.gov/assets/doi/reports/pdf/2025/41CGDRelease.Rpt.10.15.2025.pdf,https://www.nyc.gov/assets/doi/reports/pdf/2025/41CGDRelease.Rpt.10.15.2025.pdf,pdf,no public news coverage or exact-link mentions found in checked sources,0.0,0,0,0,0,0,0,gdelt,,0.0,0,0,0,0,0,0,gdelt,,0.0,0,0,0,0,0,0,gdelt,
7d,0.0,0.0,NYC Department of Investigation,report,,"DOI's Findings Regarding ""Skimming"" of Electronic Benefit Transfer Cards that Provide Vital Funds to Low-Income New Yorkers and Related Recommendations",2025-09-04,https://www.nyc.gov/assets/doi/reports/pdf/2025/34SkimmingRelease.Rpt.09.04.2025.pdf,https://www.nyc.gov/assets/doi/reports/pdf/2025/34SkimmingRelease.Rpt.09.04.2025.pdf,pdf,no public news coverage or exact-link mentions found in checked sources,0.0,0,0,0,0,0,0,gdelt,gdelt-coverage:Recommendations Electronic Low-Income Findings S:Expecting value: line 1 column 1 (char 0),0.0,0,0,0,0,0,0,gdelt,gdelt-coverage:Recommendations Electronic Low-Income Findings S:Expecting value: line 1 column 1 (char 0),0.0,0,0,0,0,0,0,gdelt,gdelt-coverage:Recommendations Electronic Low-Income Findings S:Expecting value: line 1 column 1 (char 0)
7d,0.0,0.0,NYC Department of Investigation,report,,DOI Investigation into DOC Correction Intelligence Bureau Investigator Assisting Federal Agents with Immigration Enforcement,2025-09-25,https://www.nyc.gov/assets/doi/reports/pdf/2025/38DOC.Release.Rpt.09.25.2025.pdf,https://www.nyc.gov/assets/doi/reports/pdf/2025/38DOC.Release.Rpt.09.25.2025.pdf,pdf,no public news coverage or exact-link mentions found in checked sources,0.0,0,0,0,0,0,0,gdelt,gdelt-coverage:Intelligence Investigator Immigration Enforcemen:429 Client Error: Too Many Requests for url: https://api.gdeltproject.org/api/v2/doc/doc?query=Intelligence+Investigator+Immigration+Enforcement+Correction&mode=ArtList&format=json&maxrecords=75&timespan=30d&sort=DateDesc,0.0,0,0,0,0,0,0,gdelt,,0.0,0,0,0,0,0,0,gdelt,
7d,0.0,0.0,NYC Department of Investigation,report,,DOI's Investigation of Excessive Workers' Compensation Claims by City Department of Correction Employees,2025-05-19,https://www.nyc.gov/assets/doi/reports/pdf/2025/25Rpt.Release.WorkersComp05.19.2025.pdf,https://www.nyc.gov/assets/doi/reports/pdf/2025/25Rpt.Release.WorkersComp05.19.2025.pdf,pdf,no public news coverage or exact-link mentions found in checked sources,0.0,0,0,0,0,0,0,gdelt,,0.0,0,0,0,0,0,0,gdelt,,0.0,0,0,0,0,0,0,gdelt,
7d,0.0,0.0,NYC Department of Investigation,report,,Eleventh Annual Report of DOI's Office of the Inspector General for the NYPD,2025-04-01,https://www.nyc.gov/assets/doi/reports/pdf/2025/17OIGNYPDARRelease.Rpt.04.01.2025.pdf,https://www.nyc.gov/assets/doi/reports/pdf/2025/17OIGNYPDARRelease.Rpt.04.01.2025.pdf,pdf,no public news coverage or exact-link mentions found in checked sources,0.0,0,0,0,0,0,0,gdelt,gdelt-coverage:Inspector Eleventh General DOI's NYPD:429 Client Error: Too Many Requests for url: https://api.gdeltproject.org/api/v2/doc/doc?query=Inspector+Eleventh+General+DOI%27s+NYPD&mode=ArtList&format=json&maxrecords=75&timespan=30d&sort=DateDesc,0.0,0,0,0,0,0,0,gdelt,,0.0,0,0,0,0,0,0,gdelt,
7d,0.0,0.0,NYC Department of Investigation,report,,DOI's 2024 Annual Anti-Corruption Report,2025-09-03,https://www.nyc.gov/assets/doi/reports/pdf/2025/33AntiCorruption.Release.Rpt.09.03.2025.pdf,https://www.nyc.gov/assets/doi/reports/pdf/2025/33AntiCorruption.Release.Rpt.09.03.2025.pdf,pdf,no public news coverage or exact-link mentions found in checked sources,0.0,0,0,0,0,0,0,gdelt,gdelt-coverage:Anti-Corruption DOI's 2024:429 Client Error: Too Many Requests for url: https://api.gdeltproject.org/api/v2/doc/doc?query=Anti-Corruption+DOI%27s+2024&mode=ArtList&format=json&maxrecords=75&timespan=30d&sort=DateDesc,0.0,0,0,0,0,0,0,gdelt,gdelt-coverage:Anti-Corruption DOI's 2024:429 Client Error: Too Many Requests for url: https://api.gdeltproject.org/api/v2/doc/doc?query=Anti-Corruption+DOI%27s+2024&mode=ArtList&format=json&maxrecords=75&timespan=30d&sort=DateDesc,0.0,0,0,0,0,0,0,gdelt,gdelt-coverage:Anti-Corruption DOI's 2024:429 Client Error: Too Many Requests for url: https://api.gdeltproject.org/api/v2/doc/doc?query=Anti-Corruption+DOI%27s+2024&mode=ArtList&format=json&maxrecords=75&timespan=30d&sort=DateDesc
7d,0.0,0.0,NYC Department of Investigation,report,,Safeguarding NYCHA Residents: A Review of Select Safety Measures at Senior Buildings & Compliance with Fire Guard Requirements,2025-03-26,https://www.nyc.gov/assets/doi/reports/pdf/2025/14NYCHASecurityFireReleaseRpt03.26.2025.pdf,https://www.nyc.gov/assets/doi/reports/pdf/2025/14NYCHASecurityFireReleaseRpt03.26.2025.pdf,pdf,no public news coverage or exact-link mentions found in checked sources,0.0,0,0,0,0,0,0,gdelt,gdelt-coverage:Safeguarding Requirements Compliance Residents B:429 Client Error: Too Many Requests for url: https://api.gdeltproject.org/api/v2/doc/doc?query=Safeguarding+Requirements+Compliance+Residents+Buildings&mode=ArtList&format=json&maxrecords=75&timespan=30d&sort=DateDesc,0.0,0,0,0,0,0,0,gdelt,,0.0,0,0,0,0,0,0,gdelt,
7d,0.0,0.0,NYC Department of Investigation,report,,Investigation into the October 2023 Physical Altercation Involving Former Senior Advisor to the Mayor for Public Safety Timothy Pearson,2025-02-20,https://www.nyc.gov/assets/doi/reports/pdf/2025/10TouroRpt.Release.02.20.2025.pdf,https://www.nyc.gov/assets/doi/reports/pdf/2025/10TouroRpt.Release.02.20.2025.pdf,pdf,no public news coverage or exact-link mentions found in checked sources,0.0,0,0,0,0,0,0,gdelt,gdelt-coverage:Altercation Involving Physical October Advisor:429 Client Error: Too Many Requests for url: https://api.gdeltproject.org/api/v2/doc/doc?query=Altercation+Involving+Physical+October+Advisor&mode=ArtList&format=json&maxrecords=75&timespan=30d&sort=DateDesc,0.0,0,0,0,0,0,0,gdelt,gdelt-coverage:Altercation Involving Physical October Advisor:429 Client Error: Too Many Requests for url: https://api.gdeltproject.org/api/v2/doc/doc?query=Altercation+Involving+Physical+October+Advisor&mode=ArtList&format=json&maxrecords=75&timespan=30d&sort=DateDesc,0.0,0,0,0,0,0,0,gdelt,
7d,0.0,0.0,NYC Department of Investigation,report,,An Assessment of NYPD's Use of Social Media,2025-01-28,https://www.nyc.gov/assets/doi/reports/pdf/2025/04SocialMediaRpt_Release_01.28.2025.pdf,https://www.nyc.gov/assets/doi/reports/pdf/2025/04SocialMediaRpt_Release_01.28.2025.pdf,pdf,no public news coverage or exact-link mentions found in checked sources,0.0,0,0,0,0,0,0,gdelt,gdelt-coverage:Assessment NYPD's Social Media Use:429 Client Error: Too Many Requests for url: https://api.gdeltproject.org/api/v2/doc/doc?query=Assessment+NYPD%27s+Social+Media+Use&mode=ArtList&format=json&maxrecords=75&timespan=30d&sort=DateDesc,0.0,0,0,0,0,0,0,gdelt,gdelt-coverage:Assessment NYPD's Social Media Use:429 Client Error: Too Many Requests for url: https://api.gdeltproject.org/api/v2/doc/doc?query=Assessment+NYPD%27s+Social+Media+Use&mode=ArtList&format=json&maxrecords=75&timespan=30d&sort=DateDesc,0.0,0,0,0,0,0,0,gdelt,
7d,0.0,0.0,NYC Department of Investigation,report,,Equal Employment Opportunity Policies and Practices at the New York City Board of Elections,2025-01-08,https://www.nyc.gov/assets/doi/reports/pdf/2025/02BOERpt.Release01.08.2025.pdf,https://www.nyc.gov/assets/doi/reports/pdf/2025/02BOERpt.Release01.08.2025.pdf,pdf,no public news coverage or exact-link mentions found in checked sources,0.0,0,0,0,0,0,0,gdelt,,0.0,0,0,0,0,0,0,gdelt,,0.0,0,0,0,0,0,0,gdelt,
7d,0.0,0.0,NYC Department of Investigation,report,,An Assessment of NYPD's Compliance with the POST Act,2024-12-18,https://www.nyc.gov/assets/doi/reports/pdf/2024/49PostActRelease.Rpt.12.18.2024.pdf,https://www.nyc.gov/assets/doi/reports/pdf/2024/49PostActRelease.Rpt.12.18.2024.pdf,pdf,no public news coverage or exact-link mentions found in checked sources,0.0,0,0,0,0,0,0,gdelt,,0.0,0,0,0,0,0,0,gdelt,,0.0,0,0,0,0,0,0,gdelt,
7d,0.0,0.0,NYC Department of Investigation,report,,A Review of NYPD's Community Response Team,2024-11-26,https://www.nyc.gov/assets/doi/reports/pdf/2024/45CRT.Rpt.Release11.26.2024.pdf,https://www.nyc.gov/assets/doi/reports/pdf/2024/45CRT.Rpt.Release11.26.2024.pdf,pdf,no public news coverage or exact-link mentions found in checked sources,0.0,0,0,0,0,0,0,gdelt,,0.0,0,0,0,0,0,0,gdelt,,0.0,0,0,0,0,0,0,gdelt,
7d,0.0,0.0,NYC Department of Investigation,report,,Investigation Concerning New York City Police Department Security Details for City Elected Officials,2025-01-08,https://www.nyc.gov/assets/doi/reports/pdf/2025/01SecurityDetailRpt.Release01.08.2025.pdf,https://www.nyc.gov/assets/doi/reports/pdf/2025/01SecurityDetailRpt.Release01.08.2025.pdf,pdf,no public news coverage or exact-link mentions found in checked sources,0.0,0,0,0,0,0,0,gdelt,gdelt-coverage:Officials Security Details Elected Police:429 Client Error: Too Many Requests for url: https://api.gdeltproject.org/api/v2/doc/doc?query=Officials+Security+Details+Elected+Police&mode=ArtList&format=json&maxrecords=75&timespan=30d&sort=DateDesc,0.0,0,0,0,0,0,0,gdelt,gdelt-coverage:Officials Security Details Elected Police:429 Client Error: Too Many Requests for url: https://api.gdeltproject.org/api/v2/doc/doc?query=Officials+Security+Details+Elected+Police&mode=ArtList&format=json&maxrecords=75&timespan=30d&sort=DateDesc,0.0,0,0,0,0,0,0,gdelt,gdelt-coverage:Officials Security Details Elected Police:429 Client Error: Too Many Requests for url: https://api.gdeltproject.org/api/v2/doc/doc?query=Officials+Security+Details+Elected+Police&mode=ArtList&format=json&maxrecords=75&timespan=30d&sort=DateDesc
7d,0.0,0.0,NYC Department of Investigation,report,,Contraband Smuggling in the City's Jails and Critical Recommendations for Improved Security Measures,2024-11-20,https://www.nyc.gov/assets/doi/reports/pdf/2024/ContrabandRpt.11.20.2024.pdf,https://www.nyc.gov/assets/doi/reports/pdf/2024/ContrabandRpt.11.20.2024.pdf,pdf,no public news coverage or exact-link mentions found in checked sources,0.0,0,0,0,0,0,0,gdelt,gdelt-coverage:Recommendations Contraband Smuggling Critical Im:429 Client Error: Too Many Requests for url: https://api.gdeltproject.org/api/v2/doc/doc?query=Recommendations+Contraband+Smuggling+Critical+Improved&mode=ArtList&format=json&maxrecords=75&timespan=30d&sort=DateDesc,0.0,0,0,0,0,0,0,gdelt,gdelt-coverage:Recommendations Contraband Smuggling Critical Im:429 Client Error: Too Many Requests for url: https://api.gdeltproject.org/api/v2/doc/doc?query=Recommendations+Contraband+Smuggling+Critical+Improved&mode=ArtList&format=json&maxrecords=75&timespan=30d&sort=DateDesc,0.0,0,0,0,0,0,0,gdelt,
7d,0.0,0.0,NYC Department of Investigation,report,,Field Testing for Fentanyl: An Examination of the Reliability of the New York City Department of Correction's Narcotics Testing,2024-11-20,https://www.nyc.gov/assets/doi/reports/pdf/2024/FieldTestingRpt11.20.2024.pdf,https://www.nyc.gov/assets/doi/reports/pdf/2024/FieldTestingRpt11.20.2024.pdf,pdf,no public news coverage or exact-link mentions found in checked sources,0.0,0,0,0,0,0,0,gdelt,gdelt-coverage:Correction's Examination Reliability Narcotics F:429 Client Error: Too Many Requests for url: https://api.gdeltproject.org/api/v2/doc/doc?query=Correction%27s+Examination+Reliability+Narcotics+Fentanyl&mode=ArtList&format=json&maxrecords=75&timespan=30d&sort=DateDesc,0.0,0,0,0,0,0,0,gdelt,gdelt-coverage:Correction's Examination Reliability Narcotics F:429 Client Error: Too Many Requests for url: https://api.gdeltproject.org/api/v2/doc/doc?query=Correction%27s+Examination+Reliability+Narcotics+Fentanyl&mode=ArtList&format=json&maxrecords=75&timespan=30d&sort=DateDesc,0.0,0,0,0,0,0,0,gdelt,
7d,0.0,0.0,NYC Department of Investigation,report,,"The Impact of Raise the Age & Bail Reform: Safety, Disciplinary, & Staffing Challenges at the City's Juvenile Detention Facilities",2024-10-24,https://www.nyc.gov/assets/doi/press-releases/2024/October/40DYFJRpt.Release.pdf,https://www.nyc.gov/assets/doi/press-releases/2024/October/40DYFJRpt.Release.pdf,pdf,no public news coverage or exact-link mentions found in checked sources,0.0,0,0,0,0,0,0,gdelt,gdelt-coverage:Disciplinary Challenges Facilities Detention Sta:429 Client Error: Too Many Requests for url: https://api.gdeltproject.org/api/v2/doc/doc?query=Disciplinary+Challenges+Facilities+Detention+Staffing&mode=ArtList&format=json&maxrecords=75&timespan=30d&sort=DateDesc,0.0,0,0,0,0,0,0,gdelt,,0.0,0,0,0,0,0,0,gdelt,
7d,0.0,0.0,NYC Department of Investigation,report,,DOI's Examination of Compliance Risks at City-Funded Homeless Shelter Providers and the City's Oversight of Shelter Providers,2024-10-17,https://www.nyc.gov/assets/doi/press-releases/2024/October/39DHSRptRelease10.17.2024.pdf,https://www.nyc.gov/assets/doi/press-releases/2024/October/39DHSRptRelease10.17.2024.pdf,pdf,no public news coverage or exact-link mentions found in checked sources,0.0,0,0,0,0,0,0,gdelt,gdelt-coverage:Examination City-Funded Compliance Providers Ove:429 Client Error: Too Many Requests for url: https://api.gdeltproject.org/api/v2/doc/doc?query=Examination+City-Funded+Compliance+Providers+Oversight&mode=ArtList&format=json&maxrecords=75&timespan=30d&sort=DateDesc,0.0,0,0,0,0,0,0,gdelt,gdelt-coverage:Examination City-Funded Compliance Providers Ove:Expecting value: line 1 column 1 (char 0),0.0,0,0,0,0,0,0,gdelt,gdelt-coverage:Examination City-Funded Compliance Providers Ove:Expecting value: line 1 column 1 (char 0)
7d,0.0,0.0,NYC Department of Investigation,report,,DOI and NYC Comptroller Report Concerning Contracting of For-Hire Vehicle Services by the NYC Board of Elections,2024-07-18,https://www.nyc.gov/assets/doi/reports/pdf/2024/BOE_FHV_Rpt_Release_07.18.2024.pdf,https://www.nyc.gov/assets/doi/reports/pdf/2024/BOE_FHV_Rpt_Release_07.18.2024.pdf,pdf,no public news coverage or exact-link mentions found in checked sources,0.0,0,0,0,0,0,0,gdelt,gdelt-coverage:Comptroller Contracting Elections For-Hire Servi:Expecting value: line 1 column 1 (char 0),0.0,0,0,0,0,0,0,gdelt,gdelt-coverage:Comptroller Contracting Elections For-Hire Servi:Expecting value: line 1 column 1 (char 0),0.0,0,0,0,0,0,0,gdelt,gdelt-coverage:Comptroller Contracting Elections For-Hire Servi:Expecting value: line 1 column 1 (char 0)
7d,0.0,0.0,NYC Department of Investigation,report,,2023 Annual Anti-Corruption Report,2024-07-11,https://www.nyc.gov/assets/doi/press-releases/2024/July/31AntiCorrRpt.Release.07.11.2024.pdf,https://www.nyc.gov/assets/doi/press-releases/2024/July/31AntiCorrRpt.Release.07.11.2024.pdf,pdf,no public news coverage or exact-link mentions found in checked sources,0.0,0,0,0,0,0,0,gdelt,gdelt-coverage:Anti-Corruption 2023:Expecting value: line 1 column 1 (char 0),0.0,0,0,0,0,0,0,gdelt,gdelt-coverage:Anti-Corruption 2023:Expecting value: line 1 column 1 (char 0),0.0,0,0,0,0,0,0,gdelt,gdelt-coverage:Anti-Corruption 2023:Expecting value: line 1 column 1 (char 0)
7d,0.0,0.0,NYC Department of Investigation,report,,NYC Board of Elections' Misuse of Annual and Sick Leave Related to Its Former General Counsel,2024-07-02,https://www.nyc.gov/assets/doi/reports/pdf/2024/30BOE.Richman.Release.Rpt.07.02.2024.pdf,https://www.nyc.gov/assets/doi/reports/pdf/2024/30BOE.Richman.Release.Rpt.07.02.2024.pdf,pdf,no public news coverage or exact-link mentions found in checked sources,0.0,0,0,0,0,0,0,gdelt,gdelt-coverage:Elections' Related General Counsel Misuse:429 Client Error: Too Many Requests for url: https://api.gdeltproject.org/api/v2/doc/doc?query=Elections%27+Related+General+Counsel+Misuse&mode=ArtList&format=json&maxrecords=75&timespan=30d&sort=DateDesc,0.0,0,0,0,0,0,0,gdelt,gdelt-coverage:Elections' Related General Counsel Misuse:429 Client Error: Too Many Requests for url: https://api.gdeltproject.org/api/v2/doc/doc?query=Elections%27+Related+General+Counsel+Misuse&mode=ArtList&format=json&maxrecords=75&timespan=30d&sort=DateDesc,0.0,0,0,0,0,0,0,gdelt,
7d,0.0,0.0,NYC Department of Investigation,report,,Report on the City Department of Citywide Administrative Services' (DCAS) Administration of the 2022 NYPD Promotion to Sergeant Exam,2024-06-03,https://www.nyc.gov/assets/doi/reports/pdf/2024/26DCASExamRelease.Rpt.06.03.2024.pdf,https://www.nyc.gov/assets/doi/reports/pdf/2024/26DCASExamRelease.Rpt.06.03.2024.pdf,pdf,no public news coverage or exact-link mentions found in checked sources,0.0,0,0,0,0,0,0,gdelt,gdelt-coverage:Administrative Administration Services' Promotio:429 Client Error: Too Many Requests for url: https://api.gdeltproject.org/api/v2/doc/doc?query=Administrative+Administration+Services%27+Promotion+Citywide&mode=ArtList&format=json&maxrecords=75&timespan=30d&sort=DateDesc,0.0,0,0,0,0,0,0,gdelt,gdelt-coverage:Administrative Administration Services' Promotio:429 Client Error: Too Many Requests for url: https://api.gdeltproject.org/api/v2/doc/doc?query=Administrative+Administration+Services%27+Promotion+Citywide&mode=ArtList&format=json&maxrecords=75&timespan=30d&sort=DateDesc,0.0,0,0,0,0,0,0,gdelt,
7d,0.0,0.0,NYC Department of Investigation,report,,Investigation of Water-Related Concerns in 2022 at NYCHA's Jacob Riis Houses,2024-05-16,https://www.nyc.gov/assets/doi/reports/pdf/2024/23ArsenicRpt.Release.05.16.2024.pdf,https://www.nyc.gov/assets/doi/reports/pdf/2024/23ArsenicRpt.Release.05.16.2024.pdf,pdf,no public news coverage or exact-link mentions found in checked sources,0.0,0,0,0,0,0,0,gdelt,gdelt-coverage:Water-Related Concerns NYCHA's Houses Jacob:Expecting value: line 1 column 1 (char 0),0.0,0,0,0,0,0,0,gdelt,gdelt-coverage:Water-Related Concerns NYCHA's Houses Jacob:Expecting value: line 1 column 1 (char 0),0.0,0,0,0,0,0,0,gdelt,gdelt-coverage:Water-Related Concerns NYCHA's Houses Jacob:Expecting value: line 1 column 1 (char 0)
7d,0.0,0.0,NYC Department of Investigation,report,,The Department of Investigation's Report Pursuant to Local Law 6 of 2020 (Related to City-Issued Parking Placards),2024-04-03,https://www.nyc.gov/assets/doi/press-releases/2024/April/17LL6.Rpt.Release.04.03.2024.pdf,https://www.nyc.gov/assets/doi/press-releases/2024/April/17LL6.Rpt.Release.04.03.2024.pdf,pdf,no public news coverage or exact-link mentions found in checked sources,0.0,0,0,0,0,0,0,gdelt,gdelt-coverage:Investigation's City-Issued Pursuant Placards Re:Expecting value: line 1 column 1 (char 0),0.0,0,0,0,0,0,0,gdelt,gdelt-coverage:Investigation's City-Issued Pursuant Placards Re:Expecting value: line 1 column 1 (char 0),0.0,0,0,0,0,0,0,gdelt,gdelt-coverage:Investigation's City-Issued Pursuant Placards Re:Expecting value: line 1 column 1 (char 0)
7d,0.0,0.0,NYC Department of Investigation,report,,An Assessment of NYPD's Compliance with the POST Act,2024-05-30,https://www.nyc.gov/assets/doi/reports/pdf/2024/25PostActRelease_Rpt_05_30_2024.pdf,https://www.nyc.gov/assets/doi/reports/pdf/2024/25PostActRelease_Rpt_05_30_2024.pdf,pdf,no public news coverage or exact-link mentions found in checked sources,0.0,0,0,0,0,0,0,gdelt,,0.0,0,0,0,0,0,0,gdelt,,0.0,0,0,0,0,0,0,gdelt,
7d,0.0,0.0,NYC Department of Investigation,report,,2024 Annual Report of the Office of the Inspector General for the NYPD: Ten Years of Oversight,2024-03-28,https://www.nyc.gov/assets/doi/reports/pdf/2024/OIGNYPD2024AR.Rpt.Release.03.28.2024.pdf,https://www.nyc.gov/assets/doi/reports/pdf/2024/OIGNYPD2024AR.Rpt.Release.03.28.2024.pdf,pdf,no public news coverage or exact-link mentions found in checked sources,0.0,0,0,0,0,0,0,gdelt,,0.0,0,0,0,0,0,0,gdelt,,0.0,0,0,0,0,0,0,gdelt,
7d,0.0,0.0,NYC Department of Investigation,report,,Investigation into Two Allegations Concerning Data Maintenance and Reporting at the Department of Homeless Services PATH Intake Center,2024-01-09,https://www.nyc.gov/assets/doi/press-releases/2024/January/02DSSRelease.Rpt.01.09.2024.pdf,https://www.nyc.gov/assets/doi/press-releases/2024/January/02DSSRelease.Rpt.01.09.2024.pdf,pdf,no public news coverage or exact-link mentions found in checked sources,0.0,0,0,0,0,0,0,gdelt,,0.0,0,0,0,0,0,0,gdelt,,0.0,0,0,0,0,0,0,gdelt,
7d,0.0,0.0,NYC Department of Investigation,report,,A Report on New York City Department of Social Services' Improper Payments to Brokers Who Place Clients into Private Housing,2023-06-29,https://www.nyc.gov/assets/doi/press-releases/2023/June/27DSS.BrokerRpt.Release.06.29.2023.pdf,https://www.nyc.gov/assets/doi/press-releases/2023/June/27DSS.BrokerRpt.Release.06.29.2023.pdf,pdf,no public news coverage or exact-link mentions found in checked sources,0.0,0,0,0,0,0,0,gdelt,gdelt-coverage:Services' Improper Payments Brokers Clients:429 Client Error: Too Many Requests for url: https://api.gdeltproject.org/api/v2/doc/doc?query=Services%27+Improper+Payments+Brokers+Clients&mode=ArtList&format=json&maxrecords=75&timespan=30d&sort=DateDesc,0.0,0,0,0,0,0,0,gdelt,,0.0,0,0,0,0,0,0,gdelt,
7d,0.0,0.0,NYC Department of Investigation,report,,DOI's Investigation into Asbestos Safety Regulation Governing Certified Asbestos Investigators (CAIs),2023-12-14,https://www.nyc.gov/assets/doi/press-releases/2023/December/40CAIRpt.Release.12.14.2023.pdf,https://www.nyc.gov/assets/doi/press-releases/2023/December/40CAIRpt.Release.12.14.2023.pdf,pdf,no public news coverage or exact-link mentions found in checked sources,0.0,0,0,0,0,0,0,gdelt,gdelt-coverage:Investigators Regulation Governing Certified Asb:429 Client Error: Too Many Requests for url: https://api.gdeltproject.org/api/v2/doc/doc?query=Investigators+Regulation+Governing+Certified+Asbestos&mode=ArtList&format=json&maxrecords=75&timespan=30d&sort=DateDesc,0.0,0,0,0,0,0,0,gdelt,,0.0,0,0,0,0,0,0,gdelt,
7d,0.0,0.0,NYC Department of Investigation,report,,Securus Technologies and Breached Attorney-Client Privileged Department of Correction Telephone Calls,2023-05-04,https://www.nyc.gov/assets/doi/press-releases/2023/May/22SecurusTechRpt.Release.05.04.2023.pdf,https://www.nyc.gov/assets/doi/press-releases/2023/May/22SecurusTechRpt.Release.05.04.2023.pdf,pdf,no public news coverage or exact-link mentions found in checked sources,0.0,0,0,0,0,0,0,gdelt,gdelt-coverage:Attorney-Client Technologies Privileged Correcti:429 Client Error: Too Many Requests for url: https://api.gdeltproject.org/api/v2/doc/doc?query=Attorney-Client+Technologies+Privileged+Correction+Telephone&mode=ArtList&format=json&maxrecords=75&timespan=30d&sort=DateDesc,0.0,0,0,0,0,0,0,gdelt,gdelt-coverage:Attorney-Client Technologies Privileged Correcti:Expecting value: line 1 column 1 (char 0),0.0,0,0,0,0,0,0,gdelt,gdelt-coverage:Attorney-Client Technologies Privileged Correcti:Expecting value: line 1 column 1 (char 0)
7d,0.0,0.0,NYC Department of Investigation,report,,Statement of Findings Regarding NYPD's Technical Assistance and Response Unit and the Revised Handschu Guidelines,2023-06-28,https://www.nyc.gov/assets/doi/press-releases/2023/June/26Handschu.Stment.Release.06.28.2023.pdf,https://www.nyc.gov/assets/doi/press-releases/2023/June/26Handschu.Stment.Release.06.28.2023.pdf,pdf,no public news coverage or exact-link mentions found in checked sources,0.0,0,0,0,0,0,0,gdelt,gdelt-coverage:Assistance Guidelines Statement Technical Findin:429 Client Error: Too Many Requests for url: https://api.gdeltproject.org/api/v2/doc/doc?query=Assistance+Guidelines+Statement+Technical+Findings&mode=ArtList&format=json&maxrecords=75&timespan=30d&sort=DateDesc,0.0,0,0,0,0,0,0,gdelt,gdelt-coverage:Assistance Guidelines Statement Technical Findin:429 Client Error: Too Many Requests for url: https://api.gdeltproject.org/api/v2/doc/doc?query=Assistance+Guidelines+Statement+Technical+Findings&mode=ArtList&format=json&maxrecords=75&timespan=30d&sort=DateDesc,0.0,0,0,0,0,0,0,gdelt,
7d,0.0,0.0,NYC Department of Investigation,report,,2022 Annual Anti-Corruption Report,2023-05-01,https://www.nyc.gov/assets/doi/press-releases/2023/May/19AntiCorrRpt.Release.05.01.2023.docx.pdf,https://www.nyc.gov/assets/doi/press-releases/2023/May/19AntiCorrRpt.Release.05.01.2023.docx.pdf,pdf,no public news coverage or exact-link mentions found in checked sources,0.0,0,0,0,0,0,0,gdelt,gdelt-coverage:Anti-Corruption 2022:Expecting value: line 1 column 1 (char 0),0.0,0,0,0,0,0,0,gdelt,gdelt-coverage:Anti-Corruption 2022:Expecting value: line 1 column 1 (char 0),0.0,0,0,0,0,0,0,gdelt,gdelt-coverage:Anti-Corruption 2022:Expecting value: line 1 column 1 (char 0)
7d,0.0,0.0,NYC Department of Investigation,report,,Overtime Under Review: NYPD Overtime and the Increased Risk of Negative Policing Outcomes,2023-05-03,https://www.nyc.gov/assets/doi/press-releases/2023/May/21OIGNYPD.OT.Rpt.Release.05.03.2023.pdf,https://www.nyc.gov/assets/doi/press-releases/2023/May/21OIGNYPD.OT.Rpt.Release.05.03.2023.pdf,pdf,no public news coverage or exact-link mentions found in checked sources,0.0,0,0,0,0,0,0,gdelt,gdelt-coverage:Increased Overtime Negative Policing Outcomes:429 Client Error: Too Many Requests for url: https://api.gdeltproject.org/api/v2/doc/doc?query=Increased+Overtime+Negative+Policing+Outcomes&mode=ArtList&format=json&maxrecords=75&timespan=30d&sort=DateDesc,0.0,0,0,0,0,0,0,gdelt,,0.0,0,0,0,0,0,0,gdelt,
7d,0.0,0.0,NYC Department of Investigation,report,,An Investigation into NYPD's Criminal Group Database,2023-04-18,https://www.nyc.gov/assets/doi/reports/pdf/2023/16CGDRpt.Release04.18.2023.pdf,https://www.nyc.gov/assets/doi/reports/pdf/2023/16CGDRpt.Release04.18.2023.pdf,pdf,no public news coverage or exact-link mentions found in checked sources,0.0,0,0,0,0,0,0,gdelt,,0.0,0,0,0,0,0,0,gdelt,,0.0,0,0,0,0,0,0,gdelt,
7d,0.0,0.0,NYC Department of Investigation,report,,Ninth Annual Report: Office of the Inspector General for the NYPD,2023-03-30,https://www.nyc.gov/assets/doi/reports/pdf/2023/13OIGNYPDRpt.Release.03.30.2023.pdf,https://www.nyc.gov/assets/doi/reports/pdf/2023/13OIGNYPDRpt.Release.03.30.2023.pdf,pdf,no public news coverage or exact-link mentions found in checked sources,0.0,0,0,0,0,0,0,gdelt,,0.0,0,0,0,0,0,0,gdelt,,0.0,0,0,0,0,0,0,gdelt,
7d,0.0,0.0,NYC Department of Investigation,report,,Eighth Annual Report Issued by DOI’s Office of The Inspector General for The New York City Police Department,2022-03-31,https://www.nyc.gov/assets/doi/press-releases/2022/March/08OIGNYPDAnnualRpt_Release_3312022.pdf,https://www.nyc.gov/assets/doi/press-releases/2022/March/08OIGNYPDAnnualRpt_Release_3312022.pdf,pdf,no public news coverage or exact-link mentions found in checked sources,0.0,0,0,0,0,0,0,gdelt,,0.0,0,0,0,0,0,0,gdelt,,0.0,0,0,0,0,0,0,gdelt,
7d,0.0,0.0,NYC Comptroller,report,,AI and New York City’s Fiscal Future,2026-05-21,https://comptroller.nyc.gov/reports/ai-and-new-york-citys-fiscal-future,,html,no public news coverage or exact-link mentions found in checked sources,0.0,0,0,0,0,0,0,gdelt,gdelt-coverage:Fiscal Future:429 Client Error: Too Many Requests for url: https://api.gdeltproject.org/api/v2/doc/doc?query=Fiscal+Future&mode=ArtList&format=json&maxrecords=75&timespan=30d&sort=DateDesc,0.0,0,0,0,0,0,0,gdelt,gdelt-coverage:Fiscal Future:429 Client Error: Too Many Requests for url: https://api.gdeltproject.org/api/v2/doc/doc?query=Fiscal+Future&mode=ArtList&format=json&maxrecords=75&timespan=30d&sort=DateDesc,0.0,0,0,0,0,0,0,gdelt,
7d,0.0,0.0,NYC Department of Investigation,report,,DOI's Investigation into Arverne by the Sea Homeowners,2022-02-08,https://www.nyc.gov/assets/doi/press-releases/2022/February/ArverneRpt.02.08.22.pdf,https://www.nyc.gov/assets/doi/press-releases/2022/February/ArverneRpt.02.08.22.pdf,pdf,no public news coverage or exact-link mentions found in checked sources,0.0,0,0,0,0,0,0,gdelt,gdelt-coverage:Homeowners Arverne DOI's Sea:429 Client Error: Too Many Requests for url: https://api.gdeltproject.org/api/v2/doc/doc?query=Homeowners+Arverne+DOI%27s+Sea&mode=ArtList&format=json&maxrecords=75&timespan=30d&sort=DateDesc,0.0,0,0,0,0,0,0,gdelt,gdelt-coverage:Homeowners Arverne DOI's Sea:429 Client Error: Too Many Requests for url: https://api.gdeltproject.org/api/v2/doc/doc?query=Homeowners+Arverne+DOI%27s+Sea&mode=ArtList&format=json&maxrecords=75&timespan=30d&sort=DateDesc,0.0,0,0,0,0,0,0,gdelt,
7d,0.0,0.0,NYC Comptroller,report,,The Monty Hall Contracts: Unchecked Spending Across the City’s Master Agreements,2026-05-06,https://comptroller.nyc.gov/reports/the-monty-hall-contracts-unchecked-spending-across-the-citys-master-agreements,,html,no public news coverage or exact-link mentions found in checked sources,0.0,0,0,0,0,0,0,gdelt,gdelt-coverage:Agreements Contracts Unchecked Spending Across:429 Client Error: Too Many Requests for url: https://api.gdeltproject.org/api/v2/doc/doc?query=Agreements+Contracts+Unchecked+Spending+Across&mode=ArtList&format=json&maxrecords=75&timespan=30d&sort=DateDesc,0.0,0,0,0,0,0,0,gdelt,gdelt-coverage:Agreements Contracts Unchecked Spending Across:429 Client Error: Too Many Requests for url: https://api.gdeltproject.org/api/v2/doc/doc?query=Agreements+Contracts+Unchecked+Spending+Across&mode=ArtList&format=json&maxrecords=75&timespan=30d&sort=DateDesc,0.0,0,0,0,0,0,0,gdelt,gdelt-coverage:Agreements Contracts Unchecked Spending Across:429 Client Error: Too Many Requests for url: https://api.gdeltproject.org/api/v2/doc/doc?query=Agreements+Contracts+Unchecked+Spending+Across&mode=ArtList&format=json&maxrecords=75&timespan=30d&sort=DateDesc
7d,0.0,0.0,NYC Comptroller,report,,Review of the City’s Animal Population Control Efforts,2026-05-08,https://comptroller.nyc.gov/reports/review-of-the-citys-animal-population-control-efforts,,html,no public news coverage or exact-link mentions found in checked sources,0.0,0,0,0,0,0,0,gdelt,gdelt-coverage:Population Control Efforts Animal:429 Client Error: Too Many Requests for url: https://api.gdeltproject.org/api/v2/doc/doc?query=Population+Control+Efforts+Animal&mode=ArtList&format=json&maxrecords=75&timespan=30d&sort=DateDesc,0.0,0,0,0,0,0,0,gdelt,gdelt-coverage:Population Control Efforts Animal:429 Client Error: Too Many Requests for url: https://api.gdeltproject.org/api/v2/doc/doc?query=Population+Control+Efforts+Animal&mode=ArtList&format=json&maxrecords=75&timespan=30d&sort=DateDesc,7.0,7,0,0,0,0,0,gdelt,
7d,0.0,0.0,NYC Comptroller,report,,“The Phantom of the Opera”-ting Budget,2026-05-05,https://comptroller.nyc.gov/reports/the-phantom-of-the-opera-ting-budget,,html,no public news coverage or exact-link mentions found in checked sources,0.0,0,0,0,0,0,0,gdelt,,0.0,0,0,0,0,0,0,gdelt,,0.0,0,0,0,0,0,0,gdelt,
7d,0.0,0.0,NYC Comptroller,report,,Five-Year Accessibility Plan 2026 Benchmark,2026-05-01,https://comptroller.nyc.gov/reports/five-year-accessibility-plan-2026-benchmark,,html,no public news coverage or exact-link mentions found in checked sources,0.0,0,0,0,0,0,0,gdelt,gdelt-coverage:Accessibility Five-Year Benchmark Plan 2026:Expecting value: line 1 column 1 (char 0),0.0,0,0,0,0,0,0,gdelt,gdelt-coverage:Accessibility Five-Year Benchmark Plan 2026:Expecting value: line 1 column 1 (char 0),0.0,0,0,0,0,0,0,gdelt,gdelt-coverage:Accessibility Five-Year Benchmark Plan 2026:Expecting value: line 1 column 1 (char 0)
7d,0.0,0.0,NYC Comptroller,report,,The Pied-à-Terre Tax and Its Potential Revenues,2026-04-30,https://comptroller.nyc.gov/reports/the-pied-a-terre-tax-and-its-potential-revenues,,html,no public news coverage or exact-link mentions found in checked sources,0.0,0,0,0,0,0,0,gdelt,gdelt-coverage:Potential Revenues Pied- Terre Tax:Expecting value: line 1 column 1 (char 0),0.0,0,0,0,0,0,0,gdelt,gdelt-coverage:Potential Revenues Pied- Terre Tax:Expecting value: line 1 column 1 (char 0),0.0,0,0,0,0,0,0,gdelt,gdelt-coverage:Potential Revenues Pied- Terre Tax:Expecting value: line 1 column 1 (char 0)
7d,0.0,0.0,NYC Comptroller,report,,BERS Annual Climate Report FY2025,2026-04-24,https://comptroller.nyc.gov/reports/bers-annual-climate-report-fy2025,,html,no public news coverage or exact-link mentions found in checked sources,0.0,0,0,0,0,0,0,gdelt,,0.0,0,0,0,0,0,0,gdelt,,0.0,0,0,0,0,0,0,gdelt,
7d,0.0,0.0,NYC Comptroller,report,,NYCERS Annual Climate Report FY2025,2026-04-24,https://comptroller.nyc.gov/reports/nycers-annual-climate-report-fy2025,,html,no public news coverage or exact-link mentions found in checked sources,0.0,0,0,0,0,0,0,gdelt,gdelt-coverage:Climate NYCERS FY2025:429 Client Error: Too Many Requests for url: https://api.gdeltproject.org/api/v2/doc/doc?query=Climate+NYCERS+FY2025&mode=ArtList&format=json&maxrecords=75&timespan=30d&sort=DateDesc,0.0,0,0,0,0,0,0,gdelt,,0.0,0,0,0,0,0,0,gdelt,
7d,0.0,0.0,NYC Comptroller,report,,TRS Annual Climate Report FY2025,2026-04-24,https://comptroller.nyc.gov/reports/trs-annual-climate-report-fy2025,,html,no public news coverage or exact-link mentions found in checked sources,0.0,0,0,0,0,0,0,gdelt,gdelt-coverage:Climate FY2025 TRS:429 Client Error: Too Many Requests for url: https://api.gdeltproject.org/api/v2/doc/doc?query=Climate+FY2025+TRS&mode=ArtList&format=json&maxrecords=75&timespan=30d&sort=DateDesc,0.0,0,0,0,0,0,0,gdelt,,0.0,0,0,0,0,0,0,gdelt,
7d,0.0,0.0,NYC Comptroller,report,,New York City’s Living Infrastructure: Funding and Managing NYC’s Urban Forest and Tree Canopy,2026-04-23,https://comptroller.nyc.gov/reports/new-york-citys-living-infrastructure-funding-and-managing-nycs-urban-forest-and-tree-canopy,,html,no public news coverage or exact-link mentions found in checked sources,0.0,0,0,0,0,0,0,gdelt,gdelt-coverage:Infrastructure Managing Funding Living Forest:429 Client Error: Too Many Requests for url: https://api.gdeltproject.org/api/v2/doc/doc?query=Infrastructure+Managing+Funding+Living+Forest&mode=ArtList&format=json&maxrecords=75&timespan=30d&sort=DateDesc,0.0,0,0,0,0,0,0,gdelt,gdelt-coverage:Infrastructure Managing Funding Living Forest:429 Client Error: Too Many Requests for url: https://api.gdeltproject.org/api/v2/doc/doc?query=Infrastructure+Managing+Funding+Living+Forest&mode=ArtList&format=json&maxrecords=75&timespan=30d&sort=DateDesc,0.0,0,0,0,0,0,0,gdelt,gdelt-coverage:Infrastructure Managing Funding Living Forest:429 Client Error: Too Many Requests for url: https://api.gdeltproject.org/api/v2/doc/doc?query=Infrastructure+Managing+Funding+Living+Forest&mode=ArtList&format=json&maxrecords=75&timespan=30d&sort=DateDesc
7d,0.0,0.0,NYC Comptroller,report,,Sunlight in the City: A Practical Blueprint for FOIL Operations and Government Transparency,2026-04-10,https://comptroller.nyc.gov/reports/sunlight-in-the-city-a-practical-blueprint-for-foil-operations-and-government-transparency,,html,no public news coverage or exact-link mentions found in checked sources,0.0,0,0,0,0,0,0,gdelt,,0.0,0,0,0,0,0,0,gdelt,,0.0,0,0,0,0,0,0,gdelt,
7d,0.0,0.0,NYC Comptroller,report,,Review of Schools’ Food Donation and Composting Efforts,2026-04-21,https://comptroller.nyc.gov/reports/review-of-schools-food-donation-and-composting-efforts,,html,no public news coverage or exact-link mentions found in checked sources,0.0,0,0,0,0,0,0,gdelt,gdelt-coverage:Composting Donation Schools Efforts Food:429 Client Error: Too Many Requests for url: https://api.gdeltproject.org/api/v2/doc/doc?query=Composting+Donation+Schools+Efforts+Food&mode=ArtList&format=json&maxrecords=75&timespan=30d&sort=DateDesc,0.0,0,0,0,0,0,0,gdelt,gdelt-coverage:Composting Donation Schools Efforts Food:429 Client Error: Too Many Requests for url: https://api.gdeltproject.org/api/v2/doc/doc?query=Composting+Donation+Schools+Efforts+Food&mode=ArtList&format=json&maxrecords=75&timespan=30d&sort=DateDesc,0.0,0,0,0,0,0,0,gdelt,gdelt-coverage:Composting Donation Schools Efforts Food:429 Client Error: Too Many Requests for url: https://api.gdeltproject.org/api/v2/doc/doc?query=Composting+Donation+Schools+Efforts+Food&mode=ArtList&format=json&maxrecords=75&timespan=30d&sort=DateDesc
7d,0.0,0.0,NYC Comptroller,report,,Strengthening the City’s Rainy Day Fund,2026-04-09,https://comptroller.nyc.gov/reports/strengthening-the-citys-rainy-day-fund,,html,no public news coverage or exact-link mentions found in checked sources,0.0,0,0,0,0,0,0,gdelt,gdelt-coverage:Strengthening Rainy Fund Day:429 Client Error: Too Many Requests for url: https://api.gdeltproject.org/api/v2/doc/doc?query=Strengthening+Rainy+Fund+Day&mode=ArtList&format=json&maxrecords=75&timespan=30d&sort=DateDesc,0.0,0,0,0,0,0,0,gdelt,,0.0,0,0,0,0,0,0,gdelt,
7d,0.0,0.0,NYS Comptroller,report,,Annual Update: Metropolitan Transportation Authority’s Debt Profile,,https://www.osc.ny.gov/files/reports/osdc/pdf/report-3-2027.pdf,https://www.osc.ny.gov/files/reports/osdc/pdf/report-3-2027.pdf,pdf,no public news coverage or exact-link mentions found in checked sources,0.0,0,0,0,0,0,0,gdelt,,0.0,0,0,0,0,0,0,gdelt,,0.0,0,0,0,0,0,0,gdelt,
7d,0.0,0.0,NYC Comptroller,report,,Promoting Growth in NYC: Leveraging NYCIDA for Economic Development,2026-03-31,https://comptroller.nyc.gov/reports/promoting-growth-in-nyc-leveraging-nycida-for-economic-development,,html,no public news coverage or exact-link mentions found in checked sources,0.0,0,0,0,0,0,0,gdelt,gdelt-coverage:Development Leveraging Promoting Economic Growth:429 Client Error: Too Many Requests for url: https://api.gdeltproject.org/api/v2/doc/doc?query=Development+Leveraging+Promoting+Economic+Growth&mode=ArtList&format=json&maxrecords=75&timespan=30d&sort=DateDesc,0.0,0,0,0,0,0,0,gdelt,gdelt-coverage:Development Leveraging Promoting Economic Growth:429 Client Error: Too Many Requests for url: https://api.gdeltproject.org/api/v2/doc/doc?query=Development+Leveraging+Promoting+Economic+Growth&mode=ArtList&format=json&maxrecords=75&timespan=30d&sort=DateDesc,9.0,9,0,0,0,0,0,gdelt,
7d,0.0,0.0,NYS Comptroller,report,,New York Farms and Farmland Decrease at a Higher Rate Than Nationally in 2025,,https://www.osc.ny.gov/reports/new-york-farms-and-farmland-decrease-higher-rate-nationally-2025,,html,no public news coverage or exact-link mentions found in checked sources,0.0,0,0,0,0,0,0,gdelt,gdelt-coverage:Nationally Farmland Decrease Higher Farms:429 Client Error: Too Many Requests for url: https://api.gdeltproject.org/api/v2/doc/doc?query=Nationally+Farmland+Decrease+Higher+Farms&mode=ArtList&format=json&maxrecords=75&timespan=30d&sort=DateDesc,0.0,0,0,0,0,0,0,gdelt,gdelt-coverage:Nationally Farmland Decrease Higher Farms:429 Client Error: Too Many Requests for url: https://api.gdeltproject.org/api/v2/doc/doc?query=Nationally+Farmland+Decrease+Higher+Farms&mode=ArtList&format=json&maxrecords=75&timespan=30d&sort=DateDesc,0.0,0,0,0,0,0,0,gdelt,gdelt-coverage:Nationally Farmland Decrease Higher Farms:429 Client Error: Too Many Requests for url: https://api.gdeltproject.org/api/v2/doc/doc?query=Nationally+Farmland+Decrease+Higher+Farms&mode=ArtList&format=json&maxrecords=75&timespan=30d&sort=DateDesc
7d,0.0,0.0,NYS Comptroller,report,,State Parks a Growing Attraction,,https://www.osc.ny.gov/reports/state-parks-growing-attraction,,html,no public news coverage or exact-link mentions found in checked sources,0.0,0,0,0,0,0,0,gdelt,gdelt-coverage:Attraction Growing Parks:429 Client Error: Too Many Requests for url: https://api.gdeltproject.org/api/v2/doc/doc?query=Attraction+Growing+Parks&mode=ArtList&format=json&maxrecords=75&timespan=30d&sort=DateDesc,0.0,0,0,0,0,0,0,gdelt,gdelt-coverage:Attraction Growing Parks:429 Client Error: Too Many Requests for url: https://api.gdeltproject.org/api/v2/doc/doc?query=Attraction+Growing+Parks&mode=ArtList&format=json&maxrecords=75&timespan=30d&sort=DateDesc,5.0,5,0,0,0,0,0,gdelt,
7d,0.0,0.0,NYS Comptroller,report,,MTA Weekend Ridership Trends,,https://www.osc.ny.gov/files/reports/osdc/pdf/report-2-2027.pdf,https://www.osc.ny.gov/files/reports/osdc/pdf/report-2-2027.pdf,pdf,no public news coverage or exact-link mentions found in checked sources,0.0,0,0,0,0,0,0,gdelt,,0.0,0,0,0,0,0,0,gdelt,,0.0,0,0,0,0,0,0,gdelt,
7d,0.0,0.0,NYS Comptroller,report,,"New York State Agency Use of Overtime and State Workforce Trends, 2016 – 2025",,https://www.osc.ny.gov/files/reports/pdf/new-york-state-agency-use-of-overtime-and-state-workforce-trends-2016-2025.pdf,https://www.osc.ny.gov/files/reports/pdf/new-york-state-agency-use-of-overtime-and-state-workforce-trends-2016-2025.pdf,pdf,no public news coverage or exact-link mentions found in checked sources,0.0,0,0,0,0,0,0,gdelt,,0.0,0,0,0,0,0,0,gdelt,,0.0,0,0,0,0,0,0,gdelt,
7d,0.0,0.0,NYS Comptroller,report,,New York City’s Uneven Recovery: An Update on Labor Force Trends,,https://www.osc.ny.gov/files/reports/osdc/pdf/nyc-labor-force-2025.pdf,https://www.osc.ny.gov/files/reports/osdc/pdf/nyc-labor-force-2025.pdf,pdf,no public news coverage or exact-link mentions found in checked sources,0.0,0,0,0,0,0,0,gdelt,gdelt-coverage:Recovery Uneven Trends Labor Force:429 Client Error: Too Many Requests for url: https://api.gdeltproject.org/api/v2/doc/doc?query=Recovery+Uneven+Trends+Labor+Force&mode=ArtList&format=json&maxrecords=75&timespan=30d&sort=DateDesc,0.0,0,0,0,0,0,0,gdelt,gdelt-coverage:Recovery Uneven Trends Labor Force:429 Client Error: Too Many Requests for url: https://api.gdeltproject.org/api/v2/doc/doc?query=Recovery+Uneven+Trends+Labor+Force&mode=ArtList&format=json&maxrecords=75&timespan=30d&sort=DateDesc,0.0,0,0,0,0,0,0,gdelt,gdelt-coverage:Recovery Uneven Trends Labor Force:429 Client Error: Too Many Requests for url: https://api.gdeltproject.org/api/v2/doc/doc?query=Recovery+Uneven+Trends+Labor+Force&mode=ArtList&format=json&maxrecords=75&timespan=30d&sort=DateDesc
7d,0.0,0.0,NYS Comptroller,report,,Annual Report on Local Governments for Fiscal Year End 2024,,https://www.osc.ny.gov/files/local-government/publications/pdf/fye2024-annualreport.pdf,https://www.osc.ny.gov/files/local-government/publications/pdf/fye2024-annualreport.pdf,pdf,no public news coverage or exact-link mentions found in checked sources,0.0,0,0,0,0,0,0,gdelt,gdelt-coverage:Governments Fiscal Local Year End:429 Client Error: Too Many Requests for url: https://api.gdeltproject.org/api/v2/doc/doc?query=Governments+Fiscal+Local+Year+End&mode=ArtList&format=json&maxrecords=75&timespan=30d&sort=DateDesc,0.0,0,0,0,0,0,0,gdelt,gdelt-coverage:Governments Fiscal Local Year End:429 Client Error: Too Many Requests for url: https://api.gdeltproject.org/api/v2/doc/doc?query=Governments+Fiscal+Local+Year+End&mode=ArtList&format=json&maxrecords=75&timespan=30d&sort=DateDesc,0.0,0,0,0,0,0,0,gdelt,gdelt-coverage:Governments Fiscal Local Year End:429 Client Error: Too Many Requests for url: https://api.gdeltproject.org/api/v2/doc/doc?query=Governments+Fiscal+Local+Year+End&mode=ArtList&format=json&maxrecords=75&timespan=30d&sort=DateDesc
7d,0.0,0.0,NYS Comptroller,report,,Regional Composition of Industries in New York State,,https://www.osc.ny.gov/files/local-government/publications/pdf/2026-industries-nys.pdf,https://www.osc.ny.gov/files/local-government/publications/pdf/2026-industries-nys.pdf,pdf,no public news coverage or exact-link mentions found in checked sources,0.0,0,0,0,0,0,0,gdelt,,0.0,0,0,0,0,0,0,gdelt,,0.0,0,0,0,0,0,0,gdelt,
7d,0.0,0.0,NYS Comptroller,report,,New York City Government Services: Older Adult Case Management and Home Care,,https://www.osc.ny.gov/files/reports/osdc/pdf/report-22-2026.pdf,https://www.osc.ny.gov/files/reports/osdc/pdf/report-22-2026.pdf,pdf,no public news coverage or exact-link mentions found in checked sources,0.0,0,0,0,0,0,0,gdelt,gdelt-coverage:Government Management Services Older Adult:429 Client Error: Too Many Requests for url: https://api.gdeltproject.org/api/v2/doc/doc?query=Government+Management+Services+Older+Adult&mode=ArtList&format=json&maxrecords=75&timespan=30d&sort=DateDesc,0.0,0,0,0,0,0,0,gdelt,gdelt-coverage:Government Management Services Older Adult:429 Client Error: Too Many Requests for url: https://api.gdeltproject.org/api/v2/doc/doc?query=Government+Management+Services+Older+Adult&mode=ArtList&format=json&maxrecords=75&timespan=30d&sort=DateDesc,3.0,3,0,0,0,0,0,gdelt,
7d,0.0,0.0,NYS Comptroller,report,,Report on the State Fiscal Year 2026-27 Executive Budget,,https://www.osc.ny.gov/files/reports/pdf/sfy-2027-executive-budget-report.pdf,https://www.osc.ny.gov/files/reports/pdf/sfy-2027-executive-budget-report.pdf,pdf,no public news coverage or exact-link mentions found in checked sources,0.0,0,0,0,0,0,0,gdelt,gdelt-coverage:Executive Fiscal Budget Year 2026-27:Expecting value: line 1 column 1 (char 0),0.0,0,0,0,0,0,0,gdelt,gdelt-coverage:Executive Fiscal Budget Year 2026-27:Expecting value: line 1 column 1 (char 0),0.0,0,0,0,0,0,0,gdelt,gdelt-coverage:Executive Fiscal Budget Year 2026-27:Expecting value: line 1 column 1 (char 0)
7d,0.0,0.0,NYS Comptroller,report,,Post-COVID Trends in New York's Aging Prison Population,,https://www.osc.ny.gov/files/reports/pdf/post-covid-trends-in-new-yorks-aging-prison-population.pdf,https://www.osc.ny.gov/files/reports/pdf/post-covid-trends-in-new-yorks-aging-prison-population.pdf,pdf,no public news coverage or exact-link mentions found in checked sources,0.0,0,0,0,0,0,0,gdelt,gdelt-coverage:Post-COVID Population Trends York's Prison:Expecting value: line 1 column 1 (char 0),0.0,0,0,0,0,0,0,gdelt,gdelt-coverage:Post-COVID Population Trends York's Prison:Expecting value: line 1 column 1 (char 0),0.0,0,0,0,0,0,0,gdelt,gdelt-coverage:Post-COVID Population Trends York's Prison:Expecting value: line 1 column 1 (char 0)
7d,0.0,0.0,NYC Independent Budget Office,report,,Federal Policy Intersections With New York City’s Local Economy and Tax Revenues,2025-02-27,https://www.ibo.nyc.ny.us/iboreports/federal-policy-intersections-with-new-york-citys-local-economy-and-tax-revenue-february-2025.pdf,https://www.ibo.nyc.ny.us/iboreports/federal-policy-intersections-with-new-york-citys-local-economy-and-tax-revenue-february-2025.pdf,pdf,no public news coverage or exact-link mentions found in checked sources,0.0,0,0,0,0,0,0,gdelt,,0.0,0,0,0,0,0,0,gdelt,,0.0,0,0,0,0,0,0,gdelt,
7d,0.0,0.0,NYC Independent Budget Office,report,,Details on IBO’s May 2024 Economic and Tax Revenue Forecasts,2024-05-22,https://ibo.nyc.ny.us/iboreports/details-on-ibos-may-2024-economic-and-tax-revenue-forecast.pdf,https://ibo.nyc.ny.us/iboreports/details-on-ibos-may-2024-economic-and-tax-revenue-forecast.pdf,pdf,no public news coverage or exact-link mentions found in checked sources,0.0,0,0,0,0,0,0,gdelt,gdelt-coverage:Forecasts Economic Details Revenue IBO:429 Client Error: Too Many Requests for url: https://api.gdeltproject.org/api/v2/doc/doc?query=Forecasts+Economic+Details+Revenue+IBO&mode=ArtList&format=json&maxrecords=75&timespan=30d&sort=DateDesc,0.0,0,0,0,0,0,0,gdelt,gdelt-coverage:Forecasts Economic Details Revenue IBO:429 Client Error: Too Many Requests for url: https://api.gdeltproject.org/api/v2/doc/doc?query=Forecasts+Economic+Details+Revenue+IBO&mode=ArtList&format=json&maxrecords=75&timespan=30d&sort=DateDesc,0.0,0,0,0,0,0,0,gdelt,
7d,0.0,0.0,NYC Independent Budget Office,report,,NYC Independent Budget Office Asylum Seeker Cost Projections For Fiscal Years 2025 & 2026,2024-05-15,https://ibo.nyc.ny.us/iboreports/Ibo-asylum-seeker-projections-as-of-theexecutive-budget-may2024.html,,html,no public news coverage or exact-link mentions found in checked sources,0.0,0,0,0,0,0,0,gdelt,gdelt-coverage:Independent Projections Budget Asylum Seeker:429 Client Error: Too Many Requests for url: https://api.gdeltproject.org/api/v2/doc/doc?query=Independent+Projections+Budget+Asylum+Seeker&mode=ArtList&format=json&maxrecords=75&timespan=30d&sort=DateDesc,0.0,0,0,0,0,0,0,gdelt,gdelt-coverage:Independent Projections Budget Asylum Seeker:429 Client Error: Too Many Requests for url: https://api.gdeltproject.org/api/v2/doc/doc?query=Independent+Projections+Budget+Asylum+Seeker&mode=ArtList&format=json&maxrecords=75&timespan=30d&sort=DateDesc,0.0,0,0,0,0,0,0,gdelt,gdelt-coverage:Independent Projections Budget Asylum Seeker:429 Client Error: Too Many Requests for url: https://api.gdeltproject.org/api/v2/doc/doc?query=Independent+Projections+Budget+Asylum+Seeker&mode=ArtList&format=json&maxrecords=75&timespan=30d&sort=DateDesc
7d,0.0,0.0,NYC Independent Budget Office,report,,IBO's Testimony on the Mayor's Executive Budget for Fiscal Year 2024,2023-05-23,https://www.ibo.nyc.ny.us/iboreports/testimony-on-executive-budget-for-fiscal-year-2024-may-2023.pdf,https://www.ibo.nyc.ny.us/iboreports/testimony-on-executive-budget-for-fiscal-year-2024-may-2023.pdf,pdf,no public news coverage or exact-link mentions found in checked sources,0.0,0,0,0,0,0,0,gdelt,,0.0,0,0,0,0,0,0,gdelt,,0.0,0,0,0,0,0,0,gdelt,
7d,0.0,0.0,NYC Independent Budget Office,report,,"Union Contracts to Increase Personnel Costs, Partially Offset by Low Headcount",2023-04-10,https://www.ibo.nyc.ny.us/iboreports/union-contracts-to-increase-personnel-costs-partially-offset-by-low-headcount-april-2023.pdf,https://www.ibo.nyc.ny.us/iboreports/union-contracts-to-increase-personnel-costs-partially-offset-by-low-headcount-april-2023.pdf,pdf,no public news coverage or exact-link mentions found in checked sources,0.0,0,0,0,0,0,0,gdelt,,0.0,0,0,0,0,0,0,gdelt,,0.0,0,0,0,0,0,0,gdelt,
7d,0.0,0.0,NYC Independent Budget Office,report,,Snapshot: New York City Spending For Asylum Seekers,2023-05-08,https://www.ibo.nyc.ny.us/iboreports/snapshot-new-york-city-spending-for-asylum-seekers-may2023.html,,html,no public news coverage or exact-link mentions found in checked sources,0.0,0,0,0,0,0,0,gdelt,gdelt-coverage:Snapshot Spending Seekers Asylum:429 Client Error: Too Many Requests for url: https://api.gdeltproject.org/api/v2/doc/doc?query=Snapshot+Spending+Seekers+Asylum&mode=ArtList&format=json&maxrecords=75&timespan=30d&sort=DateDesc,0.0,0,0,0,0,0,0,gdelt,gdelt-coverage:Snapshot Spending Seekers Asylum:429 Client Error: Too Many Requests for url: https://api.gdeltproject.org/api/v2/doc/doc?query=Snapshot+Spending+Seekers+Asylum&mode=ArtList&format=json&maxrecords=75&timespan=30d&sort=DateDesc,0.0,0,0,0,0,0,0,gdelt,
7d,0.0,0.0,NYC Independent Budget Office,report,,"Budget Eliminates Hundreds of Vacant School Safety Positions, Following More Than 20 Percent Decline in Safety Agent Staffing in City’s Public Schools Over Three Years",2023-03-14,https://www.ibo.nyc.ny.us/iboreports/city-eliminates-hundreds-of-vacant-school-safety-positions-after-more-than-20-percent-decline-in-safety-agent-staffing-in-citys-public-schools-over-three-years-march-2023.pdf,https://www.ibo.nyc.ny.us/iboreports/city-eliminates-hundreds-of-vacant-school-safety-positions-after-more-than-20-percent-decline-in-safety-agent-staffing-in-citys-public-schools-over-three-years-march-2023.pdf,pdf,no public news coverage or exact-link mentions found in checked sources,0.0,0,0,0,0,0,0,gdelt,gdelt-coverage:Eliminates Positions Following Hundreds Staffing:429 Client Error: Too Many Requests for url: https://api.gdeltproject.org/api/v2/doc/doc?query=Eliminates+Positions+Following+Hundreds+Staffing&mode=ArtList&format=json&maxrecords=75&timespan=30d&sort=DateDesc,0.0,0,0,0,0,0,0,gdelt,gdelt-coverage:Eliminates Positions Following Hundreds Staffing:429 Client Error: Too Many Requests for url: https://api.gdeltproject.org/api/v2/doc/doc?query=Eliminates+Positions+Following+Hundreds+Staffing&mode=ArtList&format=json&maxrecords=75&timespan=30d&sort=DateDesc,0.0,0,0,0,0,0,0,gdelt,
7d,0.0,0.0,NYC Independent Budget Office,report,,Snapshot: Key Findings From IBO's Latest Economic Forecast & Review of the Mayor's 2024 Preliminary Budget and Financial Plan,2023-02-09,https://www.ibo.nyc.ny.us/iboreports/preliminary-budget-snapshot-march-2023.html,,html,no public news coverage or exact-link mentions found in checked sources,0.0,0,0,0,0,0,0,gdelt,,0.0,0,0,0,0,0,0,gdelt,,0.0,0,0,0,0,0,0,gdelt,
7d,0.0,0.0,NYC Independent Budget Office,report,,"Current Year Surplus Projected Despite Slowing Economy, Future Year Challenges Remain",2022-12-19,https://www.ibo.nyc.ny.us/iboreports/current-year-surplus-projected-despite-slowing-economy-future-year-challenges-remain-fiscal-outlook-december-2022.pdf,https://www.ibo.nyc.ny.us/iboreports/current-year-surplus-projected-despite-slowing-economy-future-year-challenges-remain-fiscal-outlook-december-2022.pdf,pdf,no public news coverage or exact-link mentions found in checked sources,0.0,0,0,0,0,0,0,gdelt,,0.0,0,0,0,0,0,0,gdelt,,0.0,0,0,0,0,0,0,gdelt,
7d,0.0,0.0,NYC Independent Budget Office,report,,Continued But Tempered Growth in Delicate Times: A Reestimate of the Mayor’s Executive Budget,2022-05-16,https://ibo.nyc.ny.us/iboreports/continued-but-tempered-growth-in-delicate-times-a-reestimate-of-the-mayors-executive-budget-may2022.pdf,https://ibo.nyc.ny.us/iboreports/continued-but-tempered-growth-in-delicate-times-a-reestimate-of-the-mayors-executive-budget-may2022.pdf,pdf,no public news coverage or exact-link mentions found in checked sources,0.0,0,0,0,0,0,0,gdelt,gdelt-coverage:Reestimate Continued Executive Tempered Delicate:429 Client Error: Too Many Requests for url: https://api.gdeltproject.org/api/v2/doc/doc?query=Reestimate+Continued+Executive+Tempered+Delicate&mode=ArtList&format=json&maxrecords=75&timespan=30d&sort=DateDesc,0.0,0,0,0,0,0,0,gdelt,gdelt-coverage:Reestimate Continued Executive Tempered Delicate:429 Client Error: Too Many Requests for url: https://api.gdeltproject.org/api/v2/doc/doc?query=Reestimate+Continued+Executive+Tempered+Delicate&mode=ArtList&format=json&maxrecords=75&timespan=30d&sort=DateDesc,0.0,0,0,0,0,0,0,gdelt,gdelt-coverage:Reestimate Continued Executive Tempered Delicate:429 Client Error: Too Many Requests for url: https://api.gdeltproject.org/api/v2/doc/doc?query=Reestimate+Continued+Executive+Tempered+Delicate&mode=ArtList&format=json&maxrecords=75&timespan=30d&sort=DateDesc
7d,0.0,0.0,NYC Independent Budget Office,report,,"Double Shot: An Infusion of Federal Funds Boosts City’s Bottom Line, as Vaccines Bring Optimism for Economic Recovery",2021-05-17,https://ibo.nyc.ny.us/iboreports/double-shot-an-infusion-of-federal-funds-boosts-citys-bottom-line-as-vaccines-bring-optimism-for-economic-recovery-executive-budget-report-may-2021.pdf,https://ibo.nyc.ny.us/iboreports/double-shot-an-infusion-of-federal-funds-boosts-citys-bottom-line-as-vaccines-bring-optimism-for-economic-recovery-executive-budget-report-may-2021.pdf,pdf,no public news coverage or exact-link mentions found in checked sources,0.0,0,0,0,0,0,0,gdelt,gdelt-coverage:Infusion Vaccines Optimism Economic Recovery:429 Client Error: Too Many Requests for url: https://api.gdeltproject.org/api/v2/doc/doc?query=Infusion+Vaccines+Optimism+Economic+Recovery&mode=ArtList&format=json&maxrecords=75&timespan=30d&sort=DateDesc,0.0,0,0,0,0,0,0,gdelt,,0.0,0,0,0,0,0,0,gdelt,
7d,0.0,0.0,NYC Independent Budget Office,report,,"A Forecast in Uncertain Times: Modest Budget Shortfalls Projected, But Risks To Outlook Increase as Infections Surge",2022-01-04,https://ibo.nyc.ny.us/iboreports/a-forecast-in-uncertain-times-modest-budget-shortfalls-projected-but-risks-to-outlook-increase-as-infections-surge-jamuary-2022.pdf,https://ibo.nyc.ny.us/iboreports/a-forecast-in-uncertain-times-modest-budget-shortfalls-projected-but-risks-to-outlook-increase-as-infections-surge-jamuary-2022.pdf,pdf,no public news coverage or exact-link mentions found in checked sources,0.0,0,0,0,0,0,0,gdelt,gdelt-coverage:Shortfalls Infections Uncertain Projected Foreca:429 Client Error: Too Many Requests for url: https://api.gdeltproject.org/api/v2/doc/doc?query=Shortfalls+Infections+Uncertain+Projected+Forecast&mode=ArtList&format=json&maxrecords=75&timespan=30d&sort=DateDesc,0.0,0,0,0,0,0,0,gdelt,gdelt-coverage:Shortfalls Infections Uncertain Projected Foreca:429 Client Error: Too Many Requests for url: https://api.gdeltproject.org/api/v2/doc/doc?query=Shortfalls+Infections+Uncertain+Projected+Forecast&mode=ArtList&format=json&maxrecords=75&timespan=30d&sort=DateDesc,0.0,0,0,0,0,0,0,gdelt,
7d,0.0,0.0,NYC Independent Budget Office,report,,Snapshot: IBO's Updated Economic and Revenue Forecast and Review of the Adopted Budget for 2021,2020-07-21,https://ibo.nyc.ny.us/iboreports/adopted-budget-snapshot-july-2020.html,,html,no public news coverage or exact-link mentions found in checked sources,0.0,0,0,0,0,0,0,gdelt,,0.0,0,0,0,0,0,0,gdelt,,0.0,0,0,0,0,0,0,gdelt,
7d,0.0,0.0,NYC Independent Budget Office,report,,How Much Did the 2021 Adopted Budget Reduce Spending For the New York City Police Department?,2020-08-18,https://ibo.nyc.ny.us/cgi-park2/2020/08/how-much-did-the-2021-adopted-budget-reduce-spending-for-the-new-york-city-police-department,,html,no public news coverage or exact-link mentions found in checked sources,0.0,0,0,0,0,0,0,gdelt,gdelt-coverage:Spending Budget Reduce Police Much:429 Client Error: Too Many Requests for url: https://api.gdeltproject.org/api/v2/doc/doc?query=Spending+Budget+Reduce+Police+Much&mode=ArtList&format=json&maxrecords=75&timespan=30d&sort=DateDesc,0.0,0,0,0,0,0,0,gdelt,gdelt-coverage:Spending Budget Reduce Police Much:429 Client Error: Too Many Requests for url: https://api.gdeltproject.org/api/v2/doc/doc?query=Spending+Budget+Reduce+Police+Much&mode=ArtList&format=json&maxrecords=75&timespan=30d&sort=DateDesc,0.0,0,0,0,0,0,0,gdelt,gdelt-coverage:Spending Budget Reduce Police Much:429 Client Error: Too Many Requests for url: https://api.gdeltproject.org/api/v2/doc/doc?query=Spending+Budget+Reduce+Police+Much&mode=ArtList&format=json&maxrecords=75&timespan=30d&sort=DateDesc
7d,0.0,0.0,NYC Independent Budget Office,report,,Snapshot: Key Findings From IBO's Review of the Mayor's Preliminary Budget for 2021,2020-02-05,https://ibo.nyc.ny.us/iboreports/preliminary-budget-snapshot-february-2020.html,,html,no public news coverage or exact-link mentions found in checked sources,0.0,0,0,0,0,0,0,gdelt,gdelt-coverage:Preliminary Snapshot Findings Mayor's Budget:429 Client Error: Too Many Requests for url: https://api.gdeltproject.org/api/v2/doc/doc?query=Preliminary+Snapshot+Findings+Mayor%27s+Budget&mode=ArtList&format=json&maxrecords=75&timespan=30d&sort=DateDesc,0.0,0,0,0,0,0,0,gdelt,gdelt-coverage:Preliminary Snapshot Findings Mayor's Budget:429 Client Error: Too Many Requests for url: https://api.gdeltproject.org/api/v2/doc/doc?query=Preliminary+Snapshot+Findings+Mayor%27s+Budget&mode=ArtList&format=json&maxrecords=75&timespan=30d&sort=DateDesc,0.0,0,0,0,0,0,0,gdelt,
7d,0.0,0.0,NYC Independent Budget Office,report,,"Revenues, Risks & Reserves: NYC’s Budget Remains Sound Despite Slowing Economy, Fiscal Perils from Albany & Beyond",2019-12-23,https://ibo.nyc.ny.us/iboreports/revenues-risks-reserves-nycs-budget-remains-sound-despite-slowing-economy-fiscal-perils-from-albany-beyond-fiscal-outlook-december-2019.pdf,https://ibo.nyc.ny.us/iboreports/revenues-risks-reserves-nycs-budget-remains-sound-despite-slowing-economy-fiscal-perils-from-albany-beyond-fiscal-outlook-december-2019.pdf,pdf,no public news coverage or exact-link mentions found in checked sources,0.0,0,0,0,0,0,0,gdelt,,0.0,0,0,0,0,0,0,gdelt,,0.0,0,0,0,0,0,0,gdelt,
7d,0.0,0.0,NYC Independent Budget Office,report,,"Recession Ahead? While Concerns Mount, Projections Show Moderate Growth In NYC Tax Revenue for the Upcoming Years",2019-05-15,https://ibo.nyc.ny.us/iboreports/recession-ahead-while-concerns-mount-projections-show-moderate-growth-in-nyc-tax-revenue-for-the-upcoming-years-may-2019.pdf,https://ibo.nyc.ny.us/iboreports/recession-ahead-while-concerns-mount-projections-show-moderate-growth-in-nyc-tax-revenue-for-the-upcoming-years-may-2019.pdf,pdf,no public news coverage or exact-link mentions found in checked sources,0.0,0,0,0,0,0,0,gdelt,,0.0,0,0,0,0,0,0,gdelt,,0.0,0,0,0,0,0,0,gdelt,
7d,0.0,0.0,NYC Independent Budget Office,report,,"Still Rolling On: Slower Economic Growth Ahead, But Tax Revenue Will Continue to Rise",2018-12-20,https://ibo.nyc.ny.us/iboreports/still-rolling-on-slower-economicg-growth-ahead-but-tax-revenue-will-continue-to-rise-december-2018.pdf,https://ibo.nyc.ny.us/iboreports/still-rolling-on-slower-economicg-growth-ahead-but-tax-revenue-will-continue-to-rise-december-2018.pdf,pdf,no public news coverage or exact-link mentions found in checked sources,0.0,0,0,0,0,0,0,gdelt,gdelt-coverage:Economic Continue Rolling Revenue Slower:429 Client Error: Too Many Requests for url: https://api.gdeltproject.org/api/v2/doc/doc?query=Economic+Continue+Rolling+Revenue+Slower&mode=ArtList&format=json&maxrecords=75&timespan=30d&sort=DateDesc,0.0,0,0,0,0,0,0,gdelt,gdelt-coverage:Economic Continue Rolling Revenue Slower:429 Client Error: Too Many Requests for url: https://api.gdeltproject.org/api/v2/doc/doc?query=Economic+Continue+Rolling+Revenue+Slower&mode=ArtList&format=json&maxrecords=75&timespan=30d&sort=DateDesc,0.0,0,0,0,0,0,0,gdelt,gdelt-coverage:Economic Continue Rolling Revenue Slower:429 Client Error: Too Many Requests for url: https://api.gdeltproject.org/api/v2/doc/doc?query=Economic+Continue+Rolling+Revenue+Slower&mode=ArtList&format=json&maxrecords=75&timespan=30d&sort=DateDesc
7d,0.0,0.0,NYC Independent Budget Office,report,,"Tough Times Ahead? The City’s Fiscal Condition Is Stable, At Least for Now",2018-05-15,https://ibo.nyc.ny.us/iboreports/tough-times-ahead-the-citys-fiscal-condition-is-stable-at-least-for-now-may-2018.pdf,https://ibo.nyc.ny.us/iboreports/tough-times-ahead-the-citys-fiscal-condition-is-stable-at-least-for-now-may-2018.pdf,pdf,no public news coverage or exact-link mentions found in checked sources,0.0,0,0,0,0,0,0,gdelt,,0.0,0,0,0,0,0,0,gdelt,,0.0,0,0,0,0,0,0,gdelt,
7d,0.0,0.0,NYC Independent Budget Office,report,,"Disruption Ahead? NYC’s Current Fiscal Outlook Looks Stable, But Federal Tax Overhaul & Budget Cuts Lurk",2018-05-24,https://www.ibo.nyc.ny.us/iboreports/disruption-ahead-nycs-current-fiscal-outlook-looks-stable-but-federal-tax-overhaul-and-budget-cuts-lurk-2017.pdf,https://www.ibo.nyc.ny.us/iboreports/disruption-ahead-nycs-current-fiscal-outlook-looks-stable-but-federal-tax-overhaul-and-budget-cuts-lurk-2017.pdf,pdf,no public news coverage or exact-link mentions found in checked sources,0.0,0,0,0,0,0,0,gdelt,,0.0,0,0,0,0,0,0,gdelt,,0.0,0,0,0,0,0,0,gdelt,
7d,0.0,0.0,NYC Independent Budget Office,report,,Facing Continued Threats From Washington: Mayor’s Budget Maintains Substantial Reserves & Increases Local Spending,2017-05-15,https://www.ibo.nyc.ny.us/iboreports/facing-continued-threats-from-washington-mayors-budget-maintains-substantial-reserves-and-increases-local-spending-may-2017.pdf,https://www.ibo.nyc.ny.us/iboreports/facing-continued-threats-from-washington-mayors-budget-maintains-substantial-reserves-and-increases-local-spending-may-2017.pdf,pdf,no public news coverage or exact-link mentions found in checked sources,0.0,0,0,0,0,0,0,gdelt,,0.0,0,0,0,0,0,0,gdelt,,0.0,0,0,0,0,0,0,gdelt,
7d,0.0,0.0,NYC Independent Budget Office,report,,Testimony on the Mayor's Executive Budget for 2018,2017-05-25,https://www.ibo.nyc.ny.us/iboreports/testimony-on-the-mayors-2018-executive-budget-may-2017.pdf,https://www.ibo.nyc.ny.us/iboreports/testimony-on-the-mayors-2018-executive-budget-may-2017.pdf,pdf,no public news coverage or exact-link mentions found in checked sources,0.0,0,0,0,0,0,0,gdelt,gdelt-coverage:Executive Mayor's Budget 2018:429 Client Error: Too Many Requests for url: https://api.gdeltproject.org/api/v2/doc/doc?query=Executive+Mayor%27s+Budget+2018&mode=ArtList&format=json&maxrecords=75&timespan=30d&sort=DateDesc,0.0,0,0,0,0,0,0,gdelt,,0.0,0,0,0,0,0,0,gdelt,
7d,0.0,0.0,NYC Independent Budget Office,report,,What the Budgeted Expansion Means for the City’s Summer Youth Employment Program & What Questions Remain,2022-03-11,https://ibo.nyc.ny.us/iboreports/what-the-budgeted-expansion-means-for-the-citys-summer-youth-employment-program-and-what-question-remain-fopb-march-2022.pdf,https://ibo.nyc.ny.us/iboreports/what-the-budgeted-expansion-means-for-the-citys-summer-youth-employment-program-and-what-question-remain-fopb-march-2022.pdf,pdf,no public news coverage or exact-link mentions found in checked sources,0.0,0,0,0,0,0,0,gdelt,,0.0,0,0,0,0,0,0,gdelt,,0.0,0,0,0,0,0,0,gdelt,
7d,0.0,0.0,NYC Independent Budget Office,report,,Two Covid-Necessitated Learning Programs Likely To Exceed Their $150 Million Budget,2021-04-08,https://ibo.nyc.ny.us/iboreports/two-covid-necessitated-learning-programs-likely-to-exceed-their-150-million-budget-april-2021.pdf,https://ibo.nyc.ny.us/iboreports/two-covid-necessitated-learning-programs-likely-to-exceed-their-150-million-budget-april-2021.pdf,pdf,no public news coverage or exact-link mentions found in checked sources,0.0,0,0,0,0,0,0,gdelt,gdelt-coverage:Covid-Necessitated Learning Programs Million Lik:Expecting value: line 1 column 1 (char 0),0.0,0,0,0,0,0,0,gdelt,gdelt-coverage:Covid-Necessitated Learning Programs Million Lik:Expecting value: line 1 column 1 (char 0),0.0,0,0,0,0,0,0,gdelt,gdelt-coverage:Covid-Necessitated Learning Programs Million Lik:Expecting value: line 1 column 1 (char 0)
7d,0.0,0.0,NYC Independent Budget Office,report,,A Summer of Discontent? Mayor Budgets for Summer Closures and Program Cancelation,2020-06-15,https://ibo.nyc.ny.us/iboreports/a-summer-of-discontent-mayor-budgets-for-summer-closures-and-program-cancelations-foem-june-2020.pdf,https://ibo.nyc.ny.us/iboreports/a-summer-of-discontent-mayor-budgets-for-summer-closures-and-program-cancelations-foem-june-2020.pdf,pdf,no public news coverage or exact-link mentions found in checked sources,0.0,0,0,0,0,0,0,gdelt,,0.0,0,0,0,0,0,0,gdelt,,0.0,0,0,0,0,0,0,gdelt,
7d,0.0,0.0,NYC Independent Budget Office,report,,A Forecast in Uncertain Times: Only Modest Budget Shortfalls Ahead Despite a Slowdown in Local Economic Growth,2016-12-15,https://www.ibo.nyc.ny.us/iboreports/a-forecast-in-uncertain-times-only-modest-budget-shortfalls-ahead-despite-a-slowdown-in-local-economic-growth.pdf,https://www.ibo.nyc.ny.us/iboreports/a-forecast-in-uncertain-times-only-modest-budget-shortfalls-ahead-despite-a-slowdown-in-local-economic-growth.pdf,pdf,no public news coverage or exact-link mentions found in checked sources,0.0,0,0,0,0,0,0,gdelt,gdelt-coverage:Shortfalls Uncertain Forecast Slowdown Economic:429 Client Error: Too Many Requests for url: https://api.gdeltproject.org/api/v2/doc/doc?query=Shortfalls+Uncertain+Forecast+Slowdown+Economic&mode=ArtList&format=json&maxrecords=75&timespan=30d&sort=DateDesc,0.0,0,0,0,0,0,0,gdelt,,0.0,0,0,0,0,0,0,gdelt,
7d,0.0,0.0,NYC Independent Budget Office,report,,How Much Might Youth and Their Families Lose in Wages If The Summer Youth Employment Program Is Canceled?,2020-06-11,https://ibo.nyc.ny.us/cgi-park2/2020/06/how-much-might-youth-and-their-families-lose-in-wages-if-the-summer-youth-employment-program-is-canceled,,html,no public news coverage or exact-link mentions found in checked sources,0.0,0,0,0,0,0,0,gdelt,,0.0,0,0,0,0,0,0,gdelt,,0.0,0,0,0,0,0,0,gdelt,
7d,0.0,0.0,NYC Independent Budget Office,report,,"Additional Funds for Summer Youth Employment, But Uncertainties Remain",2018-03-21,https://ibo.nyc.ny.us/iboreports/additional-funds-for-summer-youth-employment-but-uncertainties-remain-fopb-march-2019.pdf,https://ibo.nyc.ny.us/iboreports/additional-funds-for-summer-youth-employment-but-uncertainties-remain-fopb-march-2019.pdf,pdf,no public news coverage or exact-link mentions found in checked sources,0.0,0,0,0,0,0,0,gdelt,,0.0,0,0,0,0,0,0,gdelt,,0.0,0,0,0,0,0,0,gdelt,
7d,0.0,0.0,NYC Independent Budget Office,report,,Proposed State Budget Continues Pattern of Cuts to Child Welfare,2020-03-18,https://ibo.nyc.ny.us/iboreports/proposed-state-budget-continues-pattern-of-cuts-to-child-welfare-fopb-march-2020.pdf,https://ibo.nyc.ny.us/iboreports/proposed-state-budget-continues-pattern-of-cuts-to-child-welfare-fopb-march-2020.pdf,pdf,no public news coverage or exact-link mentions found in checked sources,0.0,0,0,0,0,0,0,gdelt,gdelt-coverage:Continues Pattern Welfare Budget Child:429 Client Error: Too Many Requests for url: https://api.gdeltproject.org/api/v2/doc/doc?query=Continues+Pattern+Welfare+Budget+Child&mode=ArtList&format=json&maxrecords=75&timespan=30d&sort=DateDesc,0.0,0,0,0,0,0,0,gdelt,,0.0,0,0,0,0,0,0,gdelt,
7d,0.0,0.0,NYC Independent Budget Office,report,,Governor’s Budget Would Cut Funding to NYC for Child Welfare and Juvenile Justice by $190 Million,,https://ibo.nyc.ny.us/iboreports/governors-budget-would-cut-funding-to-nyc-for-child-welfare-and-juvenile-justice-by-190-million-march-2018.pdf,https://ibo.nyc.ny.us/iboreports/governors-budget-would-cut-funding-to-nyc-for-child-welfare-and-juvenile-justice-by-190-million-march-2018.pdf,pdf,no public news coverage or exact-link mentions found in checked sources,0.0,0,0,0,0,0,0,gdelt,,0.0,0,0,0,0,0,0,gdelt,,0.0,0,0,0,0,0,0,gdelt,
7d,0.0,0.0,NYC Independent Budget Office,report,,Has the City’s Expansion of Alternative-to-Placement Programs Reduced the Share of Juvenile Delinquents Confined to Residential Facilities?,2016-06-20,https://ibo.nyc.ny.us/cgi-park2?p=1426,,html,no public news coverage or exact-link mentions found in checked sources,0.0,0,0,0,0,0,0,gdelt,gdelt-coverage:Alternative-to-Placement Delinquents Residential:Expecting value: line 1 column 1 (char 0),0.0,0,0,0,0,0,0,gdelt,gdelt-coverage:Alternative-to-Placement Delinquents Residential:Expecting value: line 1 column 1 (char 0),0.0,0,0,0,0,0,0,gdelt,gdelt-coverage:Alternative-to-Placement Delinquents Residential:Expecting value: line 1 column 1 (char 0)
7d,0.0,0.0,NYC Independent Budget Office,report,,Are Fewer Child Care Vouchers for 4-Year-Olds Being Used Because of the Expansion of Full-Day Pre-K?,2016-04-19,https://ibo.nyc.ny.us/cgi-park2?p=1379,,html,no public news coverage or exact-link mentions found in checked sources,0.0,0,0,0,0,0,0,gdelt,gdelt-coverage:Expansion Vouchers Full-Day Because Fewer:Expecting value: line 1 column 1 (char 0),0.0,0,0,0,0,0,0,gdelt,gdelt-coverage:Expansion Vouchers Full-Day Because Fewer:Expecting value: line 1 column 1 (char 0),0.0,0,0,0,0,0,0,gdelt,gdelt-coverage:Expansion Vouchers Full-Day Because Fewer:Expecting value: line 1 column 1 (char 0)
7d,0.0,0.0,NYC Independent Budget Office,report,,Governor’s Budget Shifts Larger Share of Foster Care Costs to the City,2017-03-27,https://www.ibo.nyc.ny.us/iboreports/governors-budget-shifts-larger-share-of-foster-care-costs-to-the-city-march-2017.pdf,https://www.ibo.nyc.ny.us/iboreports/governors-budget-shifts-larger-share-of-foster-care-costs-to-the-city-march-2017.pdf,pdf,no public news coverage or exact-link mentions found in checked sources,0.0,0,0,0,0,0,0,gdelt,"gdelt-coverage:Governor Budget Shifts Larger Foster:HTTPSConnectionPool(host='api.gdeltproject.org', port=443): Read timed out. (read timeout=15)",0.0,0,0,0,0,0,0,gdelt,gdelt-coverage:Governor Budget Shifts Larger Foster:429 Client Error: Too Many Requests for url: https://api.gdeltproject.org/api/v2/doc/doc?query=Governor+Budget+Shifts+Larger+Foster&mode=ArtList&format=json&maxrecords=75&timespan=30d&sort=DateDesc,0.0,0,0,0,0,0,0,gdelt,gdelt-coverage:Governor Budget Shifts Larger Foster:429 Client Error: Too Many Requests for url: https://api.gdeltproject.org/api/v2/doc/doc?query=Governor+Budget+Shifts+Larger+Foster&mode=ArtList&format=json&maxrecords=75&timespan=30d&sort=DateDesc
7d,0.0,0.0,NYC Independent Budget Office,report,,Will More Youth Get Jobs in the City’s Summer Jobs Program This Year Than in Recent Summers?,2013-07-15,https://ibo.nyc.ny.us/cgi-park2?p=461,,html,no public news coverage or exact-link mentions found in checked sources,0.0,0,0,0,0,0,0,gdelt,,0.0,0,0,0,0,0,0,gdelt,,0.0,0,0,0,0,0,0,gdelt,
7d,0.0,0.0,NYC Independent Budget Office,report,,How Has the Recent Decline in the Number of Children in Foster Care Affected Costs?,2013-10-08,https://ibo.nyc.ny.us/cgi-park2?p=538,,html,no public news coverage or exact-link mentions found in checked sources,0.0,0,0,0,0,0,0,gdelt,gdelt-coverage:Children Affected Decline Recent Number:429 Client Error: Too Many Requests for url: https://api.gdeltproject.org/api/v2/doc/doc?query=Children+Affected+Decline+Recent+Number&mode=ArtList&format=json&maxrecords=75&timespan=30d&sort=DateDesc,0.0,0,0,0,0,0,0,gdelt,gdelt-coverage:Children Affected Decline Recent Number:429 Client Error: Too Many Requests for url: https://api.gdeltproject.org/api/v2/doc/doc?query=Children+Affected+Decline+Recent+Number&mode=ArtList&format=json&maxrecords=75&timespan=30d&sort=DateDesc,1.0,1,0,0,0,0,0,gdelt,
7d,0.0,0.0,NYC Government Publications Portal,publication,,"DHS Daily Shelter Report (May 21, 2026)",2026-05-21,https://a860-gpp.nyc.gov/concern/nyc_government_publications/1544bv431?locale=en,,html,no public news coverage or exact-link mentions found in checked sources,0.0,0,0,0,0,0,0,gdelt,,0.0,0,0,0,0,0,0,gdelt,,0.0,0,0,0,0,0,0,gdelt,
7d,0.0,0.0,NYC Government Publications Portal,publication,,"DHS Daily Shelter Report (May 22, 2026)",2026-05-22,https://a860-gpp.nyc.gov/concern/nyc_government_publications/fb494f77s?locale=en,,html,no public news coverage or exact-link mentions found in checked sources,0.0,0,0,0,0,0,0,gdelt,gdelt-coverage:Shelter Daily DHS May 2026:429 Client Error: Too Many Requests for url: https://api.gdeltproject.org/api/v2/doc/doc?query=Shelter+Daily+DHS+May+2026&mode=ArtList&format=json&maxrecords=75&timespan=30d&sort=DateDesc,0.0,0,0,0,0,0,0,gdelt,,0.0,0,0,0,0,0,0,gdelt,
7d,0.0,0.0,NYC Government Publications Portal,publication,,"DHS Daily Shelter Report (May 20, 2026)",2026-05-20,https://a860-gpp.nyc.gov/concern/nyc_government_publications/r781wn43d?locale=en,,html,no public news coverage or exact-link mentions found in checked sources,0.0,0,0,0,0,0,0,gdelt,,0.0,0,0,0,0,0,0,gdelt,,0.0,0,0,0,0,0,0,gdelt,
7d,0.0,0.0,NYC Independent Budget Office,report,,Bearing the Cost of Early Intervention Services: Recent Changes Not Likely to Shift Much Spending From City & State to Private Insurers,,https://www.ibo.nyc.ny.us/iboreports/ei4192012.pdf,https://www.ibo.nyc.ny.us/iboreports/ei4192012.pdf,pdf,no public news coverage or exact-link mentions found in checked sources,0.0,0,0,0,0,0,0,gdelt,,0.0,0,0,0,0,0,0,gdelt,,0.0,0,0,0,0,0,0,gdelt,
7d,0.0,0.0,NYC Independent Budget Office,report,,The Effect of EarlyLearn NYC on Subsidized Childcare Capacity,,https://www.ibo.nyc.ny.us/iboreports/earlylearn53012.pdf,https://www.ibo.nyc.ny.us/iboreports/earlylearn53012.pdf,pdf,no public news coverage or exact-link mentions found in checked sources,0.0,0,0,0,0,0,0,gdelt,gdelt-coverage:EarlyLearn Subsidized Childcare Capacity Effect:429 Client Error: Too Many Requests for url: https://api.gdeltproject.org/api/v2/doc/doc?query=EarlyLearn+Subsidized+Childcare+Capacity+Effect&mode=ArtList&format=json&maxrecords=75&timespan=30d&sort=DateDesc,0.0,0,0,0,0,0,0,gdelt,,0.0,0,0,0,0,0,0,gdelt,
7d,0.0,0.0,NYC Independent Budget Office,report,,"A Changed Emphasis in City’s Child Welfare System: How Has Shift Away From Foster Care Affected Funding, Spending, Caseloads?",,https://www.ibo.nyc.ny.us/iboreports/childwelfare101211.pdf,https://www.ibo.nyc.ny.us/iboreports/childwelfare101211.pdf,pdf,no public news coverage or exact-link mentions found in checked sources,0.0,0,0,0,0,0,0,gdelt,,0.0,0,0,0,0,0,0,gdelt,,0.0,0,0,0,0,0,0,gdelt,
7d,0.0,0.0,NYC Independent Budget Office,report,,Effect of Closing ACS Day Care Centers to Kindergartners on Average Kindergarten Class Size,,https://www.ibo.nyc.ny.us/iboreports/acskindergartenletter.pdf,https://www.ibo.nyc.ny.us/iboreports/acskindergartenletter.pdf,pdf,no public news coverage or exact-link mentions found in checked sources,0.0,0,0,0,0,0,0,gdelt,gdelt-coverage:Kindergartners Kindergarten Closing Centers Aver:429 Client Error: Too Many Requests for url: https://api.gdeltproject.org/api/v2/doc/doc?query=Kindergartners+Kindergarten+Closing+Centers+Average&mode=ArtList&format=json&maxrecords=75&timespan=30d&sort=DateDesc,0.0,0,0,0,0,0,0,gdelt,gdelt-coverage:Kindergartners Kindergarten Closing Centers Aver:429 Client Error: Too Many Requests for url: https://api.gdeltproject.org/api/v2/doc/doc?query=Kindergartners+Kindergarten+Closing+Centers+Average&mode=ArtList&format=json&maxrecords=75&timespan=30d&sort=DateDesc,0.0,0,0,0,0,0,0,gdelt,
7d,0.0,0.0,NYC Independent Budget Office,report,,"City’s Subsidized Child Care System Faces Rising Costs, Shrinking Funds",,https://www.ibo.nyc.ny.us/iboreports/childcareoctober2010.pdf,https://www.ibo.nyc.ny.us/iboreports/childcareoctober2010.pdf,pdf,no public news coverage or exact-link mentions found in checked sources,0.0,0,0,0,0,0,0,gdelt,gdelt-coverage:Subsidized Shrinking System Rising Child:429 Client Error: Too Many Requests for url: https://api.gdeltproject.org/api/v2/doc/doc?query=Subsidized+Shrinking+System+Rising+Child&mode=ArtList&format=json&maxrecords=75&timespan=30d&sort=DateDesc,0.0,0,0,0,0,0,0,gdelt,gdelt-coverage:Subsidized Shrinking System Rising Child:429 Client Error: Too Many Requests for url: https://api.gdeltproject.org/api/v2/doc/doc?query=Subsidized+Shrinking+System+Rising+Child&mode=ArtList&format=json&maxrecords=75&timespan=30d&sort=DateDesc,0.0,0,0,0,0,0,0,gdelt,
7d,0.0,0.0,NYC Independent Budget Office,report,,City Spending for Runaway and Homeless Youth Grows Steadily,,https://www.ibo.nyc.ny.us/iboreports/rhyaugust122010.pdf,https://www.ibo.nyc.ny.us/iboreports/rhyaugust122010.pdf,pdf,no public news coverage or exact-link mentions found in checked sources,0.0,0,0,0,0,0,0,gdelt,,0.0,0,0,0,0,0,0,gdelt,,0.0,0,0,0,0,0,0,gdelt,
7d,0.0,0.0,NYC Independent Budget Office,report,,A One-Time Cure for the Summertime Job Blues,,https://ibo.nyc.ny.us/cgi-park?p=62,,html,no public news coverage or exact-link mentions found in checked sources,0.0,0,0,0,0,0,0,gdelt,gdelt-coverage:Summertime One-Time Blues Cure Job:Expecting value: line 1 column 1 (char 0),0.0,0,0,0,0,0,0,gdelt,gdelt-coverage:Summertime One-Time Blues Cure Job:Expecting value: line 1 column 1 (char 0),0.0,0,0,0,0,0,0,gdelt,gdelt-coverage:Summertime One-Time Blues Cure Job:Expecting value: line 1 column 1 (char 0)
7d,0.0,0.0,NYC Independent Budget Office,report,,"As City Plans Child Care Improvements, Funding Tightens",,https://www.ibo.nyc.ny.us/iboreports/ChildcareFB_dec2005.pdf,https://www.ibo.nyc.ny.us/iboreports/ChildcareFB_dec2005.pdf,pdf,no public news coverage or exact-link mentions found in checked sources,0.0,0,0,0,0,0,0,gdelt,gdelt-coverage:Improvements Tightens Funding Plans Child:429 Client Error: Too Many Requests for url: https://api.gdeltproject.org/api/v2/doc/doc?query=Improvements+Tightens+Funding+Plans+Child&mode=ArtList&format=json&maxrecords=75&timespan=30d&sort=DateDesc,0.0,0,0,0,0,0,0,gdelt,,0.0,0,0,0,0,0,0,gdelt,
7d,0.0,0.0,NYC Independent Budget Office,report,,Testimony to the New York City Council Youth Services Committee On the LGBTQ Commission Report,,https://www.ibo.nyc.ny.us/iboreports/runawayyouthcc92110pdf.pdf,https://www.ibo.nyc.ny.us/iboreports/runawayyouthcc92110pdf.pdf,pdf,no public news coverage or exact-link mentions found in checked sources,0.0,0,0,0,0,0,0,gdelt,gdelt-coverage:Commission Committee Services Council Youth:429 Client Error: Too Many Requests for url: https://api.gdeltproject.org/api/v2/doc/doc?query=Commission+Committee+Services+Council+Youth&mode=ArtList&format=json&maxrecords=75&timespan=30d&sort=DateDesc,0.0,0,0,0,0,0,0,gdelt,gdelt-coverage:Commission Committee Services Council Youth:429 Client Error: Too Many Requests for url: https://api.gdeltproject.org/api/v2/doc/doc?query=Commission+Committee+Services+Council+Youth&mode=ArtList&format=json&maxrecords=75&timespan=30d&sort=DateDesc,9.0,9,0,0,0,0,0,gdelt,
7d,0.0,0.0,NYC Independent Budget Office,report,,City's Reliance on State and Federal Funds for Child Care Grows,,https://www.ibo.nyc.ny.us/iboreports/Dec2002backgroundpaper.pdf,https://www.ibo.nyc.ny.us/iboreports/Dec2002backgroundpaper.pdf,pdf,no public news coverage or exact-link mentions found in checked sources,0.0,0,0,0,0,0,0,gdelt,,0.0,0,0,0,0,0,0,gdelt,,0.0,0,0,0,0,0,0,gdelt,
7d,0.0,0.0,NYC Independent Budget Office,report,,City Still Spending Asset Forfeiture Funds From the 2015 BNP Paribas Settlement,,https://ibo.nyc.ny.us/iboreports/city-still-spending-asset-forfeiture-funds-from-the-2015-bnp-paribas-settlement-fopb-march-2019.pdf,https://ibo.nyc.ny.us/iboreports/city-still-spending-asset-forfeiture-funds-from-the-2015-bnp-paribas-settlement-fopb-march-2019.pdf,pdf,no public news coverage or exact-link mentions found in checked sources,0.0,0,0,0,0,0,0,gdelt,gdelt-coverage:Forfeiture Settlement Spending Paribas Still:429 Client Error: Too Many Requests for url: https://api.gdeltproject.org/api/v2/doc/doc?query=Forfeiture+Settlement+Spending+Paribas+Still&mode=ArtList&format=json&maxrecords=75&timespan=30d&sort=DateDesc,0.0,0,0,0,0,0,0,gdelt,,0.0,0,0,0,0,0,0,gdelt,
7d,0.0,0.0,NYC Independent Budget Office,report,,Estimated Cost of Pre-Trial Detainment in New York City,,https://www.ibo.nyc.ny.us/iboreports/pretrialdetainneltrsept2011.pdf,https://www.ibo.nyc.ny.us/iboreports/pretrialdetainneltrsept2011.pdf,pdf,no public news coverage or exact-link mentions found in checked sources,0.0,0,0,0,0,0,0,gdelt,gdelt-coverage:Detainment Estimated Pre-Trial Cost:429 Client Error: Too Many Requests for url: https://api.gdeltproject.org/api/v2/doc/doc?query=Detainment+Estimated+Pre-Trial+Cost&mode=ArtList&format=json&maxrecords=75&timespan=30d&sort=DateDesc,0.0,0,0,0,0,0,0,gdelt,gdelt-coverage:Detainment Estimated Pre-Trial Cost:429 Client Error: Too Many Requests for url: https://api.gdeltproject.org/api/v2/doc/doc?query=Detainment+Estimated+Pre-Trial+Cost&mode=ArtList&format=json&maxrecords=75&timespan=30d&sort=DateDesc,0.0,0,0,0,0,0,0,gdelt,gdelt-coverage:Detainment Estimated Pre-Trial Cost:Expecting value: line 1 column 1 (char 0)
7d,0.0,0.0,NYC Independent Budget Office,report,,State Cuts to the Court System Likely to Carry a Price Tag for the City,,https://ibo.nyc.ny.us/cgi-park?p=371,,html,no public news coverage or exact-link mentions found in checked sources,0.0,0,0,0,0,0,0,gdelt,,0.0,0,0,0,0,0,0,gdelt,,0.0,0,0,0,0,0,0,gdelt,
7d,0.0,0.0,NYC Independent Budget Office,report,,Long-Term Trends in Funding for District Attorneys,,https://www.ibo.nyc.ny.us/iboreports/may162011letterall.pdf,https://www.ibo.nyc.ny.us/iboreports/may162011letterall.pdf,pdf,no public news coverage or exact-link mentions found in checked sources,0.0,0,0,0,0,0,0,gdelt,gdelt-coverage:Long-Term Attorneys District Funding Trends:Expecting value: line 1 column 1 (char 0),0.0,0,0,0,0,0,0,gdelt,gdelt-coverage:Long-Term Attorneys District Funding Trends:Expecting value: line 1 column 1 (char 0),0.0,0,0,0,0,0,0,gdelt,gdelt-coverage:Long-Term Attorneys District Funding Trends:Expecting value: line 1 column 1 (char 0)
7d,0.0,0.0,NYC Independent Budget Office,report,,"Despite Cut in Capital Spending, Mayor Plans to Build a New Jail, Renovate Others",,https://ibo.nyc.ny.us/cgi-park?p=357,,html,no public news coverage or exact-link mentions found in checked sources,0.0,0,0,0,0,0,0,gdelt,gdelt-coverage:Spending Renovate Despite Capital Others:429 Client Error: Too Many Requests for url: https://api.gdeltproject.org/api/v2/doc/doc?query=Spending+Renovate+Despite+Capital+Others&mode=ArtList&format=json&maxrecords=75&timespan=30d&sort=DateDesc,0.0,0,0,0,0,0,0,gdelt,gdelt-coverage:Spending Renovate Despite Capital Others:429 Client Error: Too Many Requests for url: https://api.gdeltproject.org/api/v2/doc/doc?query=Spending+Renovate+Despite+Capital+Others&mode=ArtList&format=json&maxrecords=75&timespan=30d&sort=DateDesc,0.0,0,0,0,0,0,0,gdelt,gdelt-coverage:Spending Renovate Despite Capital Others:429 Client Error: Too Many Requests for url: https://api.gdeltproject.org/api/v2/doc/doc?query=Spending+Renovate+Despite+Capital+Others&mode=ArtList&format=json&maxrecords=75&timespan=30d&sort=DateDesc
7d,0.0,0.0,NYC Independent Budget Office,report,,City Spending Rises on Programs To Help Inmates Leaving Jail,,https://www.ibo.nyc.ny.us/iboreports/dischargeplanning060309.pdf,https://www.ibo.nyc.ny.us/iboreports/dischargeplanning060309.pdf,pdf,no public news coverage or exact-link mentions found in checked sources,0.0,0,0,0,0,0,0,gdelt,gdelt-coverage:Spending Programs Inmates Leaving Rises:429 Client Error: Too Many Requests for url: https://api.gdeltproject.org/api/v2/doc/doc?query=Spending+Programs+Inmates+Leaving+Rises&mode=ArtList&format=json&maxrecords=75&timespan=30d&sort=DateDesc,0.0,0,0,0,0,0,0,gdelt,,0.0,0,0,0,0,0,0,gdelt,
7d,0.0,0.0,NYC Independent Budget Office,report,,City Spending on Legal Services for New Yorkers,,https://www.ibo.nyc.ny.us/iboreports/legalservices72611.pdf,https://www.ibo.nyc.ny.us/iboreports/legalservices72611.pdf,pdf,no public news coverage or exact-link mentions found in checked sources,0.0,0,0,0,0,0,0,gdelt,gdelt-coverage:Spending Services Yorkers Legal:429 Client Error: Too Many Requests for url: https://api.gdeltproject.org/api/v2/doc/doc?query=Spending+Services+Yorkers+Legal&mode=ArtList&format=json&maxrecords=75&timespan=30d&sort=DateDesc,0.0,0,0,0,0,0,0,gdelt,,0.0,0,0,0,0,0,0,gdelt,
7d,0.0,0.0,NYC Independent Budget Office,report,,City Revamps Arts Funding Process: More Funds for More Groups,,https://www.ibo.nyc.ny.us/iboreports/CDF82609.pdf,https://www.ibo.nyc.ny.us/iboreports/CDF82609.pdf,pdf,no public news coverage or exact-link mentions found in checked sources,0.0,0,0,0,0,0,0,gdelt,gdelt-coverage:Revamps Funding Process Groups Funds:429 Client Error: Too Many Requests for url: https://api.gdeltproject.org/api/v2/doc/doc?query=Revamps+Funding+Process+Groups+Funds&mode=ArtList&format=json&maxrecords=75&timespan=30d&sort=DateDesc,0.0,0,0,0,0,0,0,gdelt,gdelt-coverage:Revamps Funding Process Groups Funds:429 Client Error: Too Many Requests for url: https://api.gdeltproject.org/api/v2/doc/doc?query=Revamps+Funding+Process+Groups+Funds&mode=ArtList&format=json&maxrecords=75&timespan=30d&sort=DateDesc,0.0,0,0,0,0,0,0,gdelt,gdelt-coverage:Revamps Funding Process Groups Funds:429 Client Error: Too Many Requests for url: https://api.gdeltproject.org/api/v2/doc/doc?query=Revamps+Funding+Process+Groups+Funds&mode=ArtList&format=json&maxrecords=75&timespan=30d&sort=DateDesc
7d,0.0,0.0,NYC Independent Budget Office,report,,Broadening the Cultural Challenge: Major Changes Have Altered the Distribution of a Key City Arts Fund,,https://www.ibo.nyc.ny.us/iboreports/January2002.pdf,https://www.ibo.nyc.ny.us/iboreports/January2002.pdf,pdf,no public news coverage or exact-link mentions found in checked sources,0.0,0,0,0,0,0,0,gdelt,,0.0,0,0,0,0,0,0,gdelt,,0.0,0,0,0,0,0,0,gdelt,
7d,0.0,0.0,NYC Independent Budget Office,report,,Why Has the Cost of Correctional Health Services Increased in the Last Decade?,,https://ibo.nyc.ny.us/cgi-park2/2020/09/why-has-the-cost-of-correctional-health-services-increased-in-the-last-decade,,html,no public news coverage or exact-link mentions found in checked sources,0.0,0,0,0,0,0,0,gdelt,,0.0,0,0,0,0,0,0,gdelt,,0.0,0,0,0,0,0,0,gdelt,
7d,0.0,0.0,NYC Independent Budget Office,report,,Will the Mayor Still Be Looking for Savings?: Growth in AIDS Caseload Slows and Spending Per Case Eases Downward,,https://www.ibo.nyc.ny.us/iboreports/hasanov2011.pdf,https://www.ibo.nyc.ny.us/iboreports/hasanov2011.pdf,pdf,no public news coverage or exact-link mentions found in checked sources,0.0,0,0,0,0,0,0,gdelt,,0.0,0,0,0,0,0,0,gdelt,,0.0,0,0,0,0,0,0,gdelt,
7d,0.0,0.0,NYC Independent Budget Office,report,,"How Many of the City’s Hospitals, and Hospital Beds, Were at Risk During Hurricane Sandy?",,https://ibo.nyc.ny.us/cgi-park2?p=215,,html,no public news coverage or exact-link mentions found in checked sources,0.0,0,0,0,0,0,0,gdelt,gdelt-coverage:Hospitals Hurricane Hospital During Sandy:429 Client Error: Too Many Requests for url: https://api.gdeltproject.org/api/v2/doc/doc?query=Hospitals+Hurricane+Hospital+During+Sandy&mode=ArtList&format=json&maxrecords=75&timespan=30d&sort=DateDesc,0.0,0,0,0,0,0,0,gdelt,gdelt-coverage:Hospitals Hurricane Hospital During Sandy:429 Client Error: Too Many Requests for url: https://api.gdeltproject.org/api/v2/doc/doc?query=Hospitals+Hurricane+Hospital+During+Sandy&mode=ArtList&format=json&maxrecords=75&timespan=30d&sort=DateDesc,0.0,0,0,0,0,0,0,gdelt,
7d,0.0,0.0,NYC Independent Budget Office,report,,"Homeless for the Holidays, and Beyond",,https://ibo.nyc.ny.us/cgi-park?p=595,,html,no public news coverage or exact-link mentions found in checked sources,0.0,0,0,0,0,0,0,gdelt,,0.0,0,0,0,0,0,0,gdelt,,0.0,0,0,0,0,0,0,gdelt,
7d,0.0,0.0,NYC Independent Budget Office,report,,"With the Rise in the City’s Homeless Shelter Population, How Much Has Shelter Spending Increased?",,https://ibo.nyc.ny.us/cgi-park2?p=323,,html,no public news coverage or exact-link mentions found in checked sources,0.0,0,0,0,0,0,0,gdelt,gdelt-coverage:Population Increased Homeless Spending Shelter:429 Client Error: Too Many Requests for url: https://api.gdeltproject.org/api/v2/doc/doc?query=Population+Increased+Homeless+Spending+Shelter&mode=ArtList&format=json&maxrecords=75&timespan=30d&sort=DateDesc,0.0,0,0,0,0,0,0,gdelt,gdelt-coverage:Population Increased Homeless Spending Shelter:429 Client Error: Too Many Requests for url: https://api.gdeltproject.org/api/v2/doc/doc?query=Population+Increased+Homeless+Spending+Shelter&mode=ArtList&format=json&maxrecords=75&timespan=30d&sort=DateDesc,0.0,0,0,0,0,0,0,gdelt,gdelt-coverage:Population Increased Homeless Spending Shelter:429 Client Error: Too Many Requests for url: https://api.gdeltproject.org/api/v2/doc/doc?query=Population+Increased+Homeless+Spending+Shelter&mode=ArtList&format=json&maxrecords=75&timespan=30d&sort=DateDesc
7d,0.0,0.0,NYC Independent Budget Office,report,,Fiscal Impact of Prioritizing Homeless Families for Public Housing and Vouchers,,https://www.ibo.nyc.ny.us/iboreports/dhspriorityletter61412.pdf,https://www.ibo.nyc.ny.us/iboreports/dhspriorityletter61412.pdf,pdf,no public news coverage or exact-link mentions found in checked sources,0.0,0,0,0,0,0,0,gdelt,gdelt-coverage:Prioritizing Homeless Families Vouchers Housing:429 Client Error: Too Many Requests for url: https://api.gdeltproject.org/api/v2/doc/doc?query=Prioritizing+Homeless+Families+Vouchers+Housing&mode=ArtList&format=json&maxrecords=75&timespan=30d&sort=DateDesc,0.0,0,0,0,0,0,0,gdelt,gdelt-coverage:Prioritizing Homeless Families Vouchers Housing:429 Client Error: Too Many Requests for url: https://api.gdeltproject.org/api/v2/doc/doc?query=Prioritizing+Homeless+Families+Vouchers+Housing&mode=ArtList&format=json&maxrecords=75&timespan=30d&sort=DateDesc,0.0,0,0,0,0,0,0,gdelt,gdelt-coverage:Prioritizing Homeless Families Vouchers Housing:429 Client Error: Too Many Requests for url: https://api.gdeltproject.org/api/v2/doc/doc?query=Prioritizing+Homeless+Families+Vouchers+Housing&mode=ArtList&format=json&maxrecords=75&timespan=30d&sort=DateDesc
7d,0.0,0.0,NYC Independent Budget Office,report,,"After Four Years, New York/New York III Pact Has Produced Less Housing Than Planned",,https://www.ibo.nyc.ny.us/iboreports/nyny3feb92010.pdf,https://www.ibo.nyc.ny.us/iboreports/nyny3feb92010.pdf,pdf,no public news coverage or exact-link mentions found in checked sources,0.0,0,0,0,0,0,0,gdelt,,0.0,0,0,0,0,0,0,gdelt,,0.0,0,0,0,0,0,0,gdelt,
7d,0.0,0.0,NYC Independent Budget Office,report,,City’s Nonprofit Contractors Receive More Funding After Year of Uncertainty,,https://ibo.nyc.ny.us/iboreports/citys-nonprofit-contractors-receive-more-funding-after-year-of-uncertainty-june-2021.pdf,https://ibo.nyc.ny.us/iboreports/citys-nonprofit-contractors-receive-more-funding-after-year-of-uncertainty-june-2021.pdf,pdf,no public news coverage or exact-link mentions found in checked sources,0.0,0,0,0,0,0,0,gdelt,,0.0,0,0,0,0,0,0,gdelt,,0.0,0,0,0,0,0,0,gdelt,
7d,0.0,0.0,NYC Independent Budget Office,report,,"As Rental Subsidies for Families End, Time in Shelter Grows",,https://ibo.nyc.ny.us/cgi-park?p=422,,html,no public news coverage or exact-link mentions found in checked sources,0.0,0,0,0,0,0,0,gdelt,gdelt-coverage:Subsidies Families Shelter Rental Grows:429 Client Error: Too Many Requests for url: https://api.gdeltproject.org/api/v2/doc/doc?query=Subsidies+Families+Shelter+Rental+Grows&mode=ArtList&format=json&maxrecords=75&timespan=30d&sort=DateDesc,0.0,0,0,0,0,0,0,gdelt,gdelt-coverage:Subsidies Families Shelter Rental Grows:429 Client Error: Too Many Requests for url: https://api.gdeltproject.org/api/v2/doc/doc?query=Subsidies+Families+Shelter+Rental+Grows&mode=ArtList&format=json&maxrecords=75&timespan=30d&sort=DateDesc,0.0,0,0,0,0,0,0,gdelt,
7d,0.0,0.0,NYC Independent Budget Office,report,,New York City Delivers on Covid Emergency Food Budget,,https://ibo.nyc.ny.us/iboreports/new-york-city-delivers-on-covid-emergency-food-budget-march-2021.pdf,https://ibo.nyc.ny.us/iboreports/new-york-city-delivers-on-covid-emergency-food-budget-march-2021.pdf,pdf,no public news coverage or exact-link mentions found in checked sources,0.0,0,0,0,0,0,0,gdelt,,0.0,0,0,0,0,0,0,gdelt,,0.0,0,0,0,0,0,0,gdelt,
7d,0.0,0.0,NYC Independent Budget Office,report,,Updating the Cost of Providing Legal Services to Eligible New Yorkers,,https://ibo.nyc.ny.us/iboreports/legal-services-letter-january-2020.pdf,https://ibo.nyc.ny.us/iboreports/legal-services-letter-january-2020.pdf,pdf,no public news coverage or exact-link mentions found in checked sources,0.0,0,0,0,0,0,0,gdelt,,0.0,0,0,0,0,0,0,gdelt,,0.0,0,0,0,0,0,0,gdelt,
7d,0.0,0.0,NYC Independent Budget Office,report,,"Recession’s Divide: Food Stamp Caseload Soars, Welfare Caseload Does Not",,https://ibo.nyc.ny.us/cgi-park?p=216,,html,no public news coverage or exact-link mentions found in checked sources,0.0,0,0,0,0,0,0,gdelt,,0.0,0,0,0,0,0,0,gdelt,,0.0,0,0,0,0,0,0,gdelt,
7d,0.0,0.0,NYC Independent Budget Office,report,,Governor’s Executive Budget Proposes Nearly $50 Million in Human Services Cuts to New York City,,https://ibo.nyc.ny.us/iboreports/governors-executive-budget-proposes-nearly-50-million-in-human-services-cuts-to-new-york-city-march-2021.pdf,https://ibo.nyc.ny.us/iboreports/governors-executive-budget-proposes-nearly-50-million-in-human-services-cuts-to-new-york-city-march-2021.pdf,pdf,no public news coverage or exact-link mentions found in checked sources,0.0,0,0,0,0,0,0,gdelt,gdelt-coverage:Executive Governor Proposes Services Million:429 Client Error: Too Many Requests for url: https://api.gdeltproject.org/api/v2/doc/doc?query=Executive+Governor+Proposes+Services+Million&mode=ArtList&format=json&maxrecords=75&timespan=30d&sort=DateDesc,0.0,0,0,0,0,0,0,gdelt,gdelt-coverage:Executive Governor Proposes Services Million:429 Client Error: Too Many Requests for url: https://api.gdeltproject.org/api/v2/doc/doc?query=Executive+Governor+Proposes+Services+Million&mode=ArtList&format=json&maxrecords=75&timespan=30d&sort=DateDesc,2.0,2,0,0,0,0,0,gdelt,
7d,0.0,0.0,NYC Independent Budget Office,report,,City’s Food Stamp Enrollment Surges,,https://ibo.nyc.ny.us/cgi-park?p=101,,html,no public news coverage or exact-link mentions found in checked sources,0.0,0,0,0,0,0,0,gdelt,gdelt-coverage:Enrollment Surges Stamp Food:429 Client Error: Too Many Requests for url: https://api.gdeltproject.org/api/v2/doc/doc?query=Enrollment+Surges+Stamp+Food&mode=ArtList&format=json&maxrecords=75&timespan=30d&sort=DateDesc,0.0,0,0,0,0,0,0,gdelt,,0.0,0,0,0,0,0,0,gdelt,
7d,0.0,0.0,NYC Independent Budget Office,report,,Will Mounting City Job Losses Lead to Soaring Welfare Rolls? Maybe Not.,,https://ibo.nyc.ny.us/cgi-park?p=31,,html,no public news coverage or exact-link mentions found in checked sources,0.0,0,0,0,0,0,0,gdelt,gdelt-coverage:Mounting Soaring Welfare Losses Rolls:429 Client Error: Too Many Requests for url: https://api.gdeltproject.org/api/v2/doc/doc?query=Mounting+Soaring+Welfare+Losses+Rolls&mode=ArtList&format=json&maxrecords=75&timespan=30d&sort=DateDesc,0.0,0,0,0,0,0,0,gdelt,,0.0,0,0,0,0,0,0,gdelt,
7d,0.0,0.0,NYC Independent Budget Office,report,,Back to Work Program Spending and Performance,,https://www.ibo.nyc.ny.us/iboreports/backtowork42309.pdf,https://www.ibo.nyc.ny.us/iboreports/backtowork42309.pdf,pdf,no public news coverage or exact-link mentions found in checked sources,0.0,0,0,0,0,0,0,gdelt,gdelt-coverage:Performance Spending Program Back Work:429 Client Error: Too Many Requests for url: https://api.gdeltproject.org/api/v2/doc/doc?query=Performance+Spending+Program+Back+Work&mode=ArtList&format=json&maxrecords=75&timespan=30d&sort=DateDesc,0.0,0,0,0,0,0,0,gdelt,gdelt-coverage:Performance Spending Program Back Work:429 Client Error: Too Many Requests for url: https://api.gdeltproject.org/api/v2/doc/doc?query=Performance+Spending+Program+Back+Work&mode=ArtList&format=json&maxrecords=75&timespan=30d&sort=DateDesc,0.0,0,0,0,0,0,0,gdelt,gdelt-coverage:Performance Spending Program Back Work:429 Client Error: Too Many Requests for url: https://api.gdeltproject.org/api/v2/doc/doc?query=Performance+Spending+Program+Back+Work&mode=ArtList&format=json&maxrecords=75&timespan=30d&sort=DateDesc
7d,0.0,0.0,NYC Independent Budget Office,report,,supplemental tables,,https://www.ibo.nyc.ny.us/iboreports/Foodstampswebtables.pdf,https://www.ibo.nyc.ny.us/iboreports/Foodstampswebtables.pdf,pdf,no public news coverage or exact-link mentions found in checked sources,0.0,0,0,0,0,0,0,gdelt,,0.0,0,0,0,0,0,0,gdelt,,0.0,0,0,0,0,0,0,gdelt,
7d,0.0,0.0,NYC Independent Budget Office,report,,"Despite Recession, Welfare Reform and Labor Market Changes Limit Public Assistance Growth",,https://www.ibo.nyc.ny.us/iboreports/welfareFB.pdf,https://www.ibo.nyc.ny.us/iboreports/welfareFB.pdf,pdf,no public news coverage or exact-link mentions found in checked sources,0.0,0,0,0,0,0,0,gdelt,,0.0,0,0,0,0,0,0,gdelt,,0.0,0,0,0,0,0,0,gdelt,
7d,0.0,0.0,NYC Independent Budget Office,report,,New York's Increasing Dependence on the Welfare Surplus,,https://www.ibo.nyc.ny.us/iboreports/tanf.pdf,https://www.ibo.nyc.ny.us/iboreports/tanf.pdf,pdf,no public news coverage or exact-link mentions found in checked sources,0.0,0,0,0,0,0,0,gdelt,,0.0,0,0,0,0,0,0,gdelt,,0.0,0,0,0,0,0,0,gdelt,
7d,0.0,0.0,NYC Independent Budget Office,report,,"Fewer Cops, and More of Them Behind Desks?",,https://ibo.nyc.ny.us/cgi-park?p=65,,html,no public news coverage or exact-link mentions found in checked sources,0.0,0,0,0,0,0,0,gdelt,,0.0,0,0,0,0,0,0,gdelt,,0.0,0,0,0,0,0,0,gdelt,
7d,0.0,0.0,NYC Independent Budget Office,report,,"It’s Not Just OWS: How Wind, Snow, and the Red Sox Drive Police Overtime Spending",,https://ibo.nyc.ny.us/cgi-park?p=388,,html,no public news coverage or exact-link mentions found in checked sources,0.0,0,0,0,0,0,0,gdelt,gdelt-coverage:Overtime Spending Police Drive Just:429 Client Error: Too Many Requests for url: https://api.gdeltproject.org/api/v2/doc/doc?query=Overtime+Spending+Police+Drive+Just&mode=ArtList&format=json&maxrecords=75&timespan=30d&sort=DateDesc,0.0,0,0,0,0,0,0,gdelt,gdelt-coverage:Overtime Spending Police Drive Just:429 Client Error: Too Many Requests for url: https://api.gdeltproject.org/api/v2/doc/doc?query=Overtime+Spending+Police+Drive+Just&mode=ArtList&format=json&maxrecords=75&timespan=30d&sort=DateDesc,0.0,0,0,0,0,0,0,gdelt,gdelt-coverage:Overtime Spending Police Drive Just:429 Client Error: Too Many Requests for url: https://api.gdeltproject.org/api/v2/doc/doc?query=Overtime+Spending+Police+Drive+Just&mode=ArtList&format=json&maxrecords=75&timespan=30d&sort=DateDesc
7d,0.0,0.0,NYC Independent Budget Office,report,,Understanding New York City's Budget: A Guide,,https://www.ibo.nyc.ny.us/iboreports/understandingthebudget.pdf,https://www.ibo.nyc.ny.us/iboreports/understandingthebudget.pdf,pdf,no public news coverage or exact-link mentions found in checked sources,0.0,0,0,0,0,0,0,gdelt,gdelt-coverage:Understanding City's Budget Guide:429 Client Error: Too Many Requests for url: https://api.gdeltproject.org/api/v2/doc/doc?query=Understanding+City%27s+Budget+Guide&mode=ArtList&format=json&maxrecords=75&timespan=30d&sort=DateDesc,0.0,0,0,0,0,0,0,gdelt,,0.0,0,0,0,0,0,0,gdelt,
7d,0.0,0.0,NYC Independent Budget Office,report,,Understanding the Budget: A Guide to the Capital Budget,,https://www.ibo.nyc.ny.us/iboreports/IBOCBG.pdf,https://www.ibo.nyc.ny.us/iboreports/IBOCBG.pdf,pdf,no public news coverage or exact-link mentions found in checked sources,0.0,0,0,0,0,0,0,gdelt,gdelt-coverage:Understanding Capital Budget Guide:429 Client Error: Too Many Requests for url: https://api.gdeltproject.org/api/v2/doc/doc?query=Understanding+Capital+Budget+Guide&mode=ArtList&format=json&maxrecords=75&timespan=30d&sort=DateDesc,0.0,0,0,0,0,0,0,gdelt,gdelt-coverage:Understanding Capital Budget Guide:429 Client Error: Too Many Requests for url: https://api.gdeltproject.org/api/v2/doc/doc?query=Understanding+Capital+Budget+Guide&mode=ArtList&format=json&maxrecords=75&timespan=30d&sort=DateDesc,12.0,12,0,0,0,0,0,gdelt,
7d,0.0,0.0,NYC Independent Budget Office,report,,"Some Community Board Budget Priorities Face Budget Axe, Again",,https://ibo.nyc.ny.us/cgi-park?p=165,,html,no public news coverage or exact-link mentions found in checked sources,0.0,0,0,0,0,0,0,gdelt,gdelt-coverage:Priorities Community Budget Board Again:429 Client Error: Too Many Requests for url: https://api.gdeltproject.org/api/v2/doc/doc?query=Priorities+Community+Budget+Board+Again&mode=ArtList&format=json&maxrecords=75&timespan=30d&sort=DateDesc,0.0,0,0,0,0,0,0,gdelt,gdelt-coverage:Priorities Community Budget Board Again:429 Client Error: Too Many Requests for url: https://api.gdeltproject.org/api/v2/doc/doc?query=Priorities+Community+Budget+Board+Again&mode=ArtList&format=json&maxrecords=75&timespan=30d&sort=DateDesc,8.0,8,0,0,0,0,0,gdelt,
7d,0.0,0.0,NYC Independent Budget Office,report,,Legal and Practical Implications of the City Council Formulating and Adopting the City Budget for 1999;,,https://www.ibo.nyc.ny.us/iboreports/budg99imps.html,,html,no public news coverage or exact-link mentions found in checked sources,0.0,0,0,0,0,0,0,gdelt,,0.0,0,0,0,0,0,0,gdelt,,0.0,0,0,0,0,0,0,gdelt,
7d,0.0,0.0,NYC Independent Budget Office,report,,How Does New York City’s Recovery From Covid-Related Job Losses Compare With The National Recovery?,,https://ibo.nyc.ny.us/cgi-park2/2021/10/how-does-new-york-citys-recovery-from-covid-related-job-losses-compare-with-the-national-recovery,,html,no public news coverage or exact-link mentions found in checked sources,0.0,0,0,0,0,0,0,gdelt,gdelt-coverage:Covid-Related Recovery National Compare Losses:Expecting value: line 1 column 1 (char 0),0.0,0,0,0,0,0,0,gdelt,gdelt-coverage:Covid-Related Recovery National Compare Losses:Expecting value: line 1 column 1 (char 0),0.0,0,0,0,0,0,0,gdelt,gdelt-coverage:Covid-Related Recovery National Compare Losses:Expecting value: line 1 column 1 (char 0)
7d,0.0,0.0,NYC Independent Budget Office,report,,Reopening in a Pandemic: Estimating the Additional Costs for NYC Public Schools,,https://ibo.nyc.ny.us/iboreports/school-reopening-letter-september-2020.pdf,https://ibo.nyc.ny.us/iboreports/school-reopening-letter-september-2020.pdf,pdf,no public news coverage or exact-link mentions found in checked sources,0.0,0,0,0,0,0,0,gdelt,,0.0,0,0,0,0,0,0,gdelt,,0.0,0,0,0,0,0,0,gdelt,
7d,0.0,0.0,NYC Independent Budget Office,report,,How Much Has Hurricane Sandy Cost The City in Overtime Spending?,,https://ibo.nyc.ny.us/cgi-park2?p=266,,html,no public news coverage or exact-link mentions found in checked sources,0.0,0,0,0,0,0,0,gdelt,,0.0,0,0,0,0,0,0,gdelt,,0.0,0,0,0,0,0,0,gdelt,
7d,0.0,0.0,NYC Independent Budget Office,report,,FEMA Increase to Covid Reimbursement Means Over $1 Billion More for the City,,https://ibo.nyc.ny.us/iboreports/FEMA-increase-to-covid-reimbursement-means-over-1-billion-more-for-the-city-fopb-1-feb2021.pdf,https://ibo.nyc.ny.us/iboreports/FEMA-increase-to-covid-reimbursement-means-over-1-billion-more-for-the-city-fopb-1-feb2021.pdf,pdf,no public news coverage or exact-link mentions found in checked sources,0.0,0,0,0,0,0,0,gdelt,gdelt-coverage:Reimbursement Increase Billion Covid Means:429 Client Error: Too Many Requests for url: https://api.gdeltproject.org/api/v2/doc/doc?query=Reimbursement+Increase+Billion+Covid+Means&mode=ArtList&format=json&maxrecords=75&timespan=30d&sort=DateDesc,0.0,0,0,0,0,0,0,gdelt,gdelt-coverage:Reimbursement Increase Billion Covid Means:429 Client Error: Too Many Requests for url: https://api.gdeltproject.org/api/v2/doc/doc?query=Reimbursement+Increase+Billion+Covid+Means&mode=ArtList&format=json&maxrecords=75&timespan=30d&sort=DateDesc,2.0,2,0,0,0,0,0,gdelt,
7d,0.0,0.0,NYC Independent Budget Office,report,,"Few Layoffs in 2013 City Budget, But Municipal Workforce Would Continue to Shrink",,https://ibo.nyc.ny.us/cgi-park?p=485,,html,no public news coverage or exact-link mentions found in checked sources,0.0,0,0,0,0,0,0,gdelt,,0.0,0,0,0,0,0,0,gdelt,,0.0,0,0,0,0,0,0,gdelt,
7d,0.0,0.0,NYC Independent Budget Office,report,,Cutting the City’s Billion Dollar Spending on Overtime May be Easier Said than Done,,https://ibo.nyc.ny.us/cgi-park?p=534,,html,no public news coverage or exact-link mentions found in checked sources,0.0,0,0,0,0,0,0,gdelt,gdelt-coverage:Spending Overtime Cutting Billion Dollar:429 Client Error: Too Many Requests for url: https://api.gdeltproject.org/api/v2/doc/doc?query=Spending+Overtime+Cutting+Billion+Dollar&mode=ArtList&format=json&maxrecords=75&timespan=30d&sort=DateDesc,0.0,0,0,0,0,0,0,gdelt,,0.0,0,0,0,0,0,0,gdelt,
7d,0.0,0.0,NYC Independent Budget Office,report,,Total Spending on CityTime Project,,https://www.ibo.nyc.ny.us/iboreports/citytimeletter091010.pdf,https://www.ibo.nyc.ny.us/iboreports/citytimeletter091010.pdf,pdf,no public news coverage or exact-link mentions found in checked sources,0.0,0,0,0,0,0,0,gdelt,,0.0,0,0,0,0,0,0,gdelt,,0.0,0,0,0,0,0,0,gdelt,
7d,0.0,0.0,NYC Independent Budget Office,report,,Testimony to the New York City Council Committee on Finance on On the Prevailing Wage Bill (Intro 18),,https://www.ibo.nyc.ny.us/iboreports/prevailingwagetestimonyMay2010.pdf,https://www.ibo.nyc.ny.us/iboreports/prevailingwagetestimonyMay2010.pdf,pdf,no public news coverage or exact-link mentions found in checked sources,0.0,0,0,0,0,0,0,gdelt,,0.0,0,0,0,0,0,0,gdelt,,0.0,0,0,0,0,0,0,gdelt,
7d,0.0,0.0,NYC Independent Budget Office,report,,"When It Comes to Making Labor Contracts Readily Accessible, Albany’s Got Us Beat",,https://ibo.nyc.ny.us/cgi-park?p=83,,html,no public news coverage or exact-link mentions found in checked sources,0.0,0,0,0,0,0,0,gdelt,,0.0,0,0,0,0,0,0,gdelt,,0.0,0,0,0,0,0,0,gdelt,
7d,0.0,0.0,NYC Independent Budget Office,report,,Two Paramedics on an Ambulance—Only in New York,,https://ibo.nyc.ny.us/cgi-park?p=77,,html,no public news coverage or exact-link mentions found in checked sources,0.0,0,0,0,0,0,0,gdelt,gdelt-coverage:Paramedics Ambulance Only Two:429 Client Error: Too Many Requests for url: https://api.gdeltproject.org/api/v2/doc/doc?query=Paramedics+Ambulance+Only+Two&mode=ArtList&format=json&maxrecords=75&timespan=30d&sort=DateDesc,0.0,0,0,0,0,0,0,gdelt,gdelt-coverage:Paramedics Ambulance Only Two:429 Client Error: Too Many Requests for url: https://api.gdeltproject.org/api/v2/doc/doc?query=Paramedics+Ambulance+Only+Two&mode=ArtList&format=json&maxrecords=75&timespan=30d&sort=DateDesc,0.0,0,0,0,0,0,0,gdelt,gdelt-coverage:Paramedics Ambulance Only Two:429 Client Error: Too Many Requests for url: https://api.gdeltproject.org/api/v2/doc/doc?query=Paramedics+Ambulance+Only+Two&mode=ArtList&format=json&maxrecords=75&timespan=30d&sort=DateDesc
7d,0.0,0.0,NYC Independent Budget Office,report,,"Testimony to the New York City Council Small Business Committee On Intro. 256-2010, a Local Law to Amend the City Charter Regarding EDC’s Annual Reporting Requirements",,https://www.ibo.nyc.ny.us/iboreports/intro256testinov2010.pdf,https://www.ibo.nyc.ny.us/iboreports/intro256testinov2010.pdf,pdf,no public news coverage or exact-link mentions found in checked sources,0.0,0,0,0,0,0,0,gdelt,gdelt-coverage:Requirements Committee Reporting Business Counci:429 Client Error: Too Many Requests for url: https://api.gdeltproject.org/api/v2/doc/doc?query=Requirements+Committee+Reporting+Business+Council&mode=ArtList&format=json&maxrecords=75&timespan=30d&sort=DateDesc,0.0,0,0,0,0,0,0,gdelt,gdelt-coverage:Requirements Committee Reporting Business Counci:429 Client Error: Too Many Requests for url: https://api.gdeltproject.org/api/v2/doc/doc?query=Requirements+Committee+Reporting+Business+Council&mode=ArtList&format=json&maxrecords=75&timespan=30d&sort=DateDesc,9.0,9,0,0,0,0,0,gdelt,
7d,0.0,0.0,NYC Independent Budget Office,report,,How the MMR Went MIA,,https://ibo.nyc.ny.us/cgi-park?p=249,,html,no public news coverage or exact-link mentions found in checked sources,0.0,0,0,0,0,0,0,gdelt,gdelt-coverage:Went How MMR MIA:429 Client Error: Too Many Requests for url: https://api.gdeltproject.org/api/v2/doc/doc?query=Went+How+MMR+MIA&mode=ArtList&format=json&maxrecords=75&timespan=30d&sort=DateDesc,0.0,0,0,0,0,0,0,gdelt,,0.0,0,0,0,0,0,0,gdelt,
7d,0.0,0.0,NYC Independent Budget Office,report,,The Aftermath: Federal Aid 10 Years After the World Trade Center Attack,,https://www.ibo.nyc.ny.us/iboreports/wtc2011.pdf,https://www.ibo.nyc.ny.us/iboreports/wtc2011.pdf,pdf,no public news coverage or exact-link mentions found in checked sources,0.0,0,0,0,0,0,0,gdelt,gdelt-coverage:Aftermath Federal Center Attack Years:429 Client Error: Too Many Requests for url: https://api.gdeltproject.org/api/v2/doc/doc?query=Aftermath+Federal+Center+Attack+Years&mode=ArtList&format=json&maxrecords=75&timespan=30d&sort=DateDesc,0.0,0,0,0,0,0,0,gdelt,gdelt-coverage:Aftermath Federal Center Attack Years:429 Client Error: Too Many Requests for url: https://api.gdeltproject.org/api/v2/doc/doc?query=Aftermath+Federal+Center+Attack+Years&mode=ArtList&format=json&maxrecords=75&timespan=30d&sort=DateDesc,2.0,2,0,0,0,0,0,gdelt,
7d,0.0,0.0,NYC Independent Budget Office,report,,Full Disclosure? Assessing City Reporting on Business Retention Deals,,https://www.ibo.nyc.ny.us/iboreports/locallaw69.pdf,https://www.ibo.nyc.ny.us/iboreports/locallaw69.pdf,pdf,no public news coverage or exact-link mentions found in checked sources,0.0,0,0,0,0,0,0,gdelt,gdelt-coverage:Disclosure Assessing Reporting Retention Busines:429 Client Error: Too Many Requests for url: https://api.gdeltproject.org/api/v2/doc/doc?query=Disclosure+Assessing+Reporting+Retention+Business&mode=ArtList&format=json&maxrecords=75&timespan=30d&sort=DateDesc,0.0,0,0,0,0,0,0,gdelt,gdelt-coverage:Disclosure Assessing Reporting Retention Busines:429 Client Error: Too Many Requests for url: https://api.gdeltproject.org/api/v2/doc/doc?query=Disclosure+Assessing+Reporting+Retention+Business&mode=ArtList&format=json&maxrecords=75&timespan=30d&sort=DateDesc,2.0,2,0,0,0,0,0,gdelt,
7d,0.0,0.0,NYC Independent Budget Office,report,,Plans for Using Special Federal Community Development Funds Allocated to the City After September 11,,https://www.ibo.nyc.ny.us/iboreports/CDBGletter.pdf,https://www.ibo.nyc.ny.us/iboreports/CDBGletter.pdf,pdf,no public news coverage or exact-link mentions found in checked sources,0.0,0,0,0,0,0,0,gdelt,,0.0,0,0,0,0,0,0,gdelt,,0.0,0,0,0,0,0,0,gdelt,
7d,0.0,0.0,NYC Independent Budget Office,report,,Effect of the Federal Stimulus Act on the City's Tax Revenues,,https://www.ibo.nyc.ny.us/iboreports/stimlet.pdf,https://www.ibo.nyc.ny.us/iboreports/stimlet.pdf,pdf,no public news coverage or exact-link mentions found in checked sources,0.0,0,0,0,0,0,0,gdelt,,0.0,0,0,0,0,0,0,gdelt,,0.0,0,0,0,0,0,0,gdelt,
7d,0.0,0.0,NYC Independent Budget Office,report,,Drilling For Natural Gas in the Catskills Could Lead to Higher Water Bills in the City,,https://www.ibo.nyc.ny.us/iboreports/catskills1209.pdf,https://www.ibo.nyc.ny.us/iboreports/catskills1209.pdf,pdf,no public news coverage or exact-link mentions found in checked sources,0.0,0,0,0,0,0,0,gdelt,gdelt-coverage:Catskills Drilling Natural Higher Could:429 Client Error: Too Many Requests for url: https://api.gdeltproject.org/api/v2/doc/doc?query=Catskills+Drilling+Natural+Higher+Could&mode=ArtList&format=json&maxrecords=75&timespan=30d&sort=DateDesc,0.0,0,0,0,0,0,0,gdelt,,0.0,0,0,0,0,0,0,gdelt,
7d,0.0,0.0,NYC Independent Budget Office,report,,Technical Notes,,https://www.ibo.nyc.ny.us/iboreports/Stimacttechnotes.pdf,https://www.ibo.nyc.ny.us/iboreports/Stimacttechnotes.pdf,pdf,no public news coverage or exact-link mentions found in checked sources,0.0,0,0,0,0,0,0,gdelt,gdelt-coverage:Technical Notes:429 Client Error: Too Many Requests for url: https://api.gdeltproject.org/api/v2/doc/doc?query=Technical+Notes&mode=ArtList&format=json&maxrecords=75&timespan=30d&sort=DateDesc,0.0,0,0,0,0,0,0,gdelt,gdelt-coverage:Technical Notes:429 Client Error: Too Many Requests for url: https://api.gdeltproject.org/api/v2/doc/doc?query=Technical+Notes&mode=ArtList&format=json&maxrecords=75&timespan=30d&sort=DateDesc,0.0,0,0,0,0,0,0,gdelt,
7d,0.0,0.0,NYC Independent Budget Office,report,,CUNY Construction Funding Has Been on the Rise: Can it Continue?,,https://www.ibo.nyc.ny.us/iboreports/cunycapital22509.pdf,https://www.ibo.nyc.ny.us/iboreports/cunycapital22509.pdf,pdf,no public news coverage or exact-link mentions found in checked sources,0.0,0,0,0,0,0,0,gdelt,,0.0,0,0,0,0,0,0,gdelt,,0.0,0,0,0,0,0,0,gdelt,
7d,0.0,0.0,NYC Independent Budget Office,report,,Croton Filtration Plant Budget Summary,,https://www.ibo.nyc.ny.us/iboreports/crotonfiltrationsummary907.pdf,https://www.ibo.nyc.ny.us/iboreports/crotonfiltrationsummary907.pdf,pdf,no public news coverage or exact-link mentions found in checked sources,0.0,0,0,0,0,0,0,gdelt,,0.0,0,0,0,0,0,0,gdelt,,0.0,0,0,0,0,0,0,gdelt,
7d,0.0,0.0,NYC Independent Budget Office,report,,Financing Plans for the New Yankee Stadium,,https://www.ibo.nyc.ny.us/iboreports/Yankstadiumtestimony.pdf,https://www.ibo.nyc.ny.us/iboreports/Yankstadiumtestimony.pdf,pdf,no public news coverage or exact-link mentions found in checked sources,0.0,0,0,0,0,0,0,gdelt,gdelt-coverage:Financing Stadium Yankee Plans:429 Client Error: Too Many Requests for url: https://api.gdeltproject.org/api/v2/doc/doc?query=Financing+Stadium+Yankee+Plans&mode=ArtList&format=json&maxrecords=75&timespan=30d&sort=DateDesc,0.0,0,0,0,0,0,0,gdelt,,0.0,0,0,0,0,0,0,gdelt,
7d,0.0,0.0,NYC Independent Budget Office,report,,HPD's Capital Budget,,https://www.ibo.nyc.ny.us/iboreports/hpdcapitalbudget.pdf,https://www.ibo.nyc.ny.us/iboreports/hpdcapitalbudget.pdf,pdf,no public news coverage or exact-link mentions found in checked sources,0.0,0,0,0,0,0,0,gdelt,,0.0,0,0,0,0,0,0,gdelt,,0.0,0,0,0,0,0,0,gdelt,
7d,0.0,0.0,NYC Independent Budget Office,report,,HPD's Capital Budget for In-Rem Privatization,,https://www.ibo.nyc.ny.us/iboreports/hpdcapitalbudgetinrem.pdf,https://www.ibo.nyc.ny.us/iboreports/hpdcapitalbudgetinrem.pdf,pdf,no public news coverage or exact-link mentions found in checked sources,0.0,0,0,0,0,0,0,gdelt,gdelt-coverage:Privatization Capital Budget In-Rem HPD's:Expecting value: line 1 column 1 (char 0),0.0,0,0,0,0,0,0,gdelt,gdelt-coverage:Privatization Capital Budget In-Rem HPD's:Expecting value: line 1 column 1 (char 0),0.0,0,0,0,0,0,0,gdelt,gdelt-coverage:Privatization Capital Budget In-Rem HPD's:Expecting value: line 1 column 1 (char 0)
7d,0.0,0.0,NYC Independent Budget Office,report,,Atlantic Yards: A Net Fiscal Benefit for the City?,,https://www.ibo.nyc.ny.us/iboreports/atlyards_fbsept2005.pdf,https://www.ibo.nyc.ny.us/iboreports/atlyards_fbsept2005.pdf,pdf,no public news coverage or exact-link mentions found in checked sources,0.0,0,0,0,0,0,0,gdelt,,0.0,0,0,0,0,0,0,gdelt,,0.0,0,0,0,0,0,0,gdelt,
7d,0.0,0.0,NYC Independent Budget Office,report,,"West Side Financing's Complex, $1.3 Billion Story",,https://www.ibo.nyc.ny.us/iboreports/WestsidefinanceFB.pdf,https://www.ibo.nyc.ny.us/iboreports/WestsidefinanceFB.pdf,pdf,no public news coverage or exact-link mentions found in checked sources,0.0,0,0,0,0,0,0,gdelt,,0.0,0,0,0,0,0,0,gdelt,,0.0,0,0,0,0,0,0,gdelt,
7d,0.0,0.0,NYC Independent Budget Office,report,,Which Industry Sectors Have the Most Small Businesses and How Much Do Their Employees Earn?,,https://ibo.nyc.ny.us/cgi-park2/2020/09/which-industry-sectors-have-the-most-small-businesses-and-how-much-do-their-employees-earn,,html,no public news coverage or exact-link mentions found in checked sources,0.0,0,0,0,0,0,0,gdelt,gdelt-coverage:Businesses Employees Industry Sectors Which:429 Client Error: Too Many Requests for url: https://api.gdeltproject.org/api/v2/doc/doc?query=Businesses+Employees+Industry+Sectors+Which&mode=ArtList&format=json&maxrecords=75&timespan=30d&sort=DateDesc,0.0,0,0,0,0,0,0,gdelt,gdelt-coverage:Businesses Employees Industry Sectors Which:429 Client Error: Too Many Requests for url: https://api.gdeltproject.org/api/v2/doc/doc?query=Businesses+Employees+Industry+Sectors+Which&mode=ArtList&format=json&maxrecords=75&timespan=30d&sort=DateDesc,0.0,0,0,0,0,0,0,gdelt,gdelt-coverage:Businesses Employees Industry Sectors Which:429 Client Error: Too Many Requests for url: https://api.gdeltproject.org/api/v2/doc/doc?query=Businesses+Employees+Industry+Sectors+Which&mode=ArtList&format=json&maxrecords=75&timespan=30d&sort=DateDesc
7d,0.0,0.0,NYC Independent Budget Office,report,,"Seas Rise, Storms Surge, and NYC Presses Ahead with Waterfront Development Projects",,https://ibo.nyc.ny.us/cgi-park?p=575,,html,no public news coverage or exact-link mentions found in checked sources,0.0,0,0,0,0,0,0,gdelt,gdelt-coverage:Development Waterfront Projects Presses Storms:429 Client Error: Too Many Requests for url: https://api.gdeltproject.org/api/v2/doc/doc?query=Development+Waterfront+Projects+Presses+Storms&mode=ArtList&format=json&maxrecords=75&timespan=30d&sort=DateDesc,0.0,0,0,0,0,0,0,gdelt,,0.0,0,0,0,0,0,0,gdelt,
7d,0.0,0.0,NYC Independent Budget Office,report,,Sandy’s Aftermath: How Much Federal Aid Can the City Expect?,,https://ibo.nyc.ny.us/cgi-park?p=567,,html,no public news coverage or exact-link mentions found in checked sources,0.0,0,0,0,0,0,0,gdelt,,0.0,0,0,0,0,0,0,gdelt,,0.0,0,0,0,0,0,0,gdelt,
7d,0.0,0.0,NYC Independent Budget Office,report,,"Who, What, Where, When?: Tracking the City’s Discretionary Economic Development Deals",,https://www.ibo.nyc.ny.us/iboreports/locallaw48110111.pdf,https://www.ibo.nyc.ny.us/iboreports/locallaw48110111.pdf,pdf,no public news coverage or exact-link mentions found in checked sources,0.0,0,0,0,0,0,0,gdelt,gdelt-coverage:Discretionary Development Tracking Economic Wher:429 Client Error: Too Many Requests for url: https://api.gdeltproject.org/api/v2/doc/doc?query=Discretionary+Development+Tracking+Economic+Where&mode=ArtList&format=json&maxrecords=75&timespan=30d&sort=DateDesc,0.0,0,0,0,0,0,0,gdelt,,0.0,0,0,0,0,0,0,gdelt,
7d,0.0,0.0,NYC Independent Budget Office,report,,Testimony to the New York City Council on The Fair Wages for New Yorkers Act,,https://ibo.nyc.ny.us/iboreports/livingwagetestNov2011.pdf,https://ibo.nyc.ny.us/iboreports/livingwagetestNov2011.pdf,pdf,no public news coverage or exact-link mentions found in checked sources,0.0,0,0,0,0,0,0,gdelt,gdelt-coverage:Council Yorkers Wages Fair Act:429 Client Error: Too Many Requests for url: https://api.gdeltproject.org/api/v2/doc/doc?query=Council+Yorkers+Wages+Fair+Act&mode=ArtList&format=json&maxrecords=75&timespan=30d&sort=DateDesc,0.0,0,0,0,0,0,0,gdelt,gdelt-coverage:Council Yorkers Wages Fair Act:429 Client Error: Too Many Requests for url: https://api.gdeltproject.org/api/v2/doc/doc?query=Council+Yorkers+Wages+Fair+Act&mode=ArtList&format=json&maxrecords=75&timespan=30d&sort=DateDesc,0.0,0,0,0,0,0,0,gdelt,
7d,0.0,0.0,NYC Independent Budget Office,report,,"Testimony to the New York City Council Committee on Contracts on Intro 251-A, Fair Wages for New Yorkers Act",,https://www.ibo.nyc.ny.us/iboreports/livingwagetestmay2011.pdf,https://www.ibo.nyc.ny.us/iboreports/livingwagetestmay2011.pdf,pdf,no public news coverage or exact-link mentions found in checked sources,0.0,0,0,0,0,0,0,gdelt,gdelt-coverage:Committee Contracts Council Yorkers Intro:429 Client Error: Too Many Requests for url: https://api.gdeltproject.org/api/v2/doc/doc?query=Committee+Contracts+Council+Yorkers+Intro&mode=ArtList&format=json&maxrecords=75&timespan=30d&sort=DateDesc,0.0,0,0,0,0,0,0,gdelt,,0.0,0,0,0,0,0,0,gdelt,
7d,0.0,0.0,NYC Independent Budget Office,report,,Stabilizing Revenue Collection During the Downturn: How Assessment Phase Ins and Caps Affect the City’s Property Tax,,https://www.ibo.nyc.ny.us/iboreports/taxstability2102011.pdf,https://www.ibo.nyc.ny.us/iboreports/taxstability2102011.pdf,pdf,no public news coverage or exact-link mentions found in checked sources,0.0,0,0,0,0,0,0,gdelt,gdelt-coverage:Stabilizing Collection Assessment Downturn Prope:429 Client Error: Too Many Requests for url: https://api.gdeltproject.org/api/v2/doc/doc?query=Stabilizing+Collection+Assessment+Downturn+Property&mode=ArtList&format=json&maxrecords=75&timespan=30d&sort=DateDesc,0.0,0,0,0,0,0,0,gdelt,gdelt-coverage:Stabilizing Collection Assessment Downturn Prope:429 Client Error: Too Many Requests for url: https://api.gdeltproject.org/api/v2/doc/doc?query=Stabilizing+Collection+Assessment+Downturn+Property&mode=ArtList&format=json&maxrecords=75&timespan=30d&sort=DateDesc,0.0,0,0,0,0,0,0,gdelt,
7d,0.0,0.0,NYC Independent Budget Office,report,,"Sidewalk Standoff: Street Vendor Regulations Are Costly, Confusing, and Leave Many Disgruntled",,https://www.ibo.nyc.ny.us/iboreports/peddlingnovember2010.pdf,https://www.ibo.nyc.ny.us/iboreports/peddlingnovember2010.pdf,pdf,no public news coverage or exact-link mentions found in checked sources,0.0,0,0,0,0,0,0,gdelt,gdelt-coverage:Regulations Disgruntled Confusing Sidewalk Stand:429 Client Error: Too Many Requests for url: https://api.gdeltproject.org/api/v2/doc/doc?query=Regulations+Disgruntled+Confusing+Sidewalk+Standoff&mode=ArtList&format=json&maxrecords=75&timespan=30d&sort=DateDesc,0.0,0,0,0,0,0,0,gdelt,gdelt-coverage:Regulations Disgruntled Confusing Sidewalk Stand:429 Client Error: Too Many Requests for url: https://api.gdeltproject.org/api/v2/doc/doc?query=Regulations+Disgruntled+Confusing+Sidewalk+Standoff&mode=ArtList&format=json&maxrecords=75&timespan=30d&sort=DateDesc,0.0,0,0,0,0,0,0,gdelt,gdelt-coverage:Regulations Disgruntled Confusing Sidewalk Stand:429 Client Error: Too Many Requests for url: https://api.gdeltproject.org/api/v2/doc/doc?query=Regulations+Disgruntled+Confusing+Sidewalk+Standoff&mode=ArtList&format=json&maxrecords=75&timespan=30d&sort=DateDesc
7d,0.0,0.0,NYC Independent Budget Office,report,,"The Big, and Small, Stall in Construction Projects",,https://ibo.nyc.ny.us/cgi-park?p=94,,html,no public news coverage or exact-link mentions found in checked sources,0.0,0,0,0,0,0,0,gdelt,gdelt-coverage:Construction Projects Small Stall Big:429 Client Error: Too Many Requests for url: https://api.gdeltproject.org/api/v2/doc/doc?query=Construction+Projects+Small+Stall+Big&mode=ArtList&format=json&maxrecords=75&timespan=30d&sort=DateDesc,0.0,0,0,0,0,0,0,gdelt,,0.0,0,0,0,0,0,0,gdelt,
7d,0.0,0.0,NYC Independent Budget Office,report,,The Proposed Arena at Atlantic Yards: An Analysis of City Fiscal Gains and Losses,,https://www.ibo.nyc.ny.us/iboreports/AtlanticYards091009.pdf,https://www.ibo.nyc.ny.us/iboreports/AtlanticYards091009.pdf,pdf,no public news coverage or exact-link mentions found in checked sources,0.0,0,0,0,0,0,0,gdelt,,0.0,0,0,0,0,0,0,gdelt,,0.0,0,0,0,0,0,0,gdelt,
7d,0.0,0.0,NYC Independent Budget Office,report,,Costs and Savings from Subsidies and Exemptions for New Yankees and Mets Stadiums,,https://www.ibo.nyc.ny.us/iboreports/yankeesmets011409.pdf,https://www.ibo.nyc.ny.us/iboreports/yankeesmets011409.pdf,pdf,no public news coverage or exact-link mentions found in checked sources,0.0,0,0,0,0,0,0,gdelt,,0.0,0,0,0,0,0,0,gdelt,,0.0,0,0,0,0,0,0,gdelt,
7d,0.0,0.0,NYC Independent Budget Office,report,,"Testimony to the New York State Senate Standing Committee Corporations, Authorities and Commissions, on the Atlantic Yards Project",,https://www.ibo.nyc.ny.us/iboreports/52909AtlanticYardsTestimony.pdf,https://www.ibo.nyc.ny.us/iboreports/52909AtlanticYardsTestimony.pdf,pdf,no public news coverage or exact-link mentions found in checked sources,0.0,0,0,0,0,0,0,gdelt,gdelt-coverage:Corporations Authorities Commissions Committee S:429 Client Error: Too Many Requests for url: https://api.gdeltproject.org/api/v2/doc/doc?query=Corporations+Authorities+Commissions+Committee+Standing&mode=ArtList&format=json&maxrecords=75&timespan=30d&sort=DateDesc,0.0,0,0,0,0,0,0,gdelt,gdelt-coverage:Corporations Authorities Commissions Committee S:429 Client Error: Too Many Requests for url: https://api.gdeltproject.org/api/v2/doc/doc?query=Corporations+Authorities+Commissions+Committee+Standing&mode=ArtList&format=json&maxrecords=75&timespan=30d&sort=DateDesc,0.0,0,0,0,0,0,0,gdelt,gdelt-coverage:Corporations Authorities Commissions Committee S:429 Client Error: Too Many Requests for url: https://api.gdeltproject.org/api/v2/doc/doc?query=Corporations+Authorities+Commissions+Committee+Standing&mode=ArtList&format=json&maxrecords=75&timespan=30d&sort=DateDesc
7d,0.0,0.0,NYC Independent Budget Office,report,,Twenty-Five Years After S7000A: How Property Tax Burdens Have Shifted in New York City,,https://www.ibo.nyc.ny.us/iboreports/propertytax120506.pdf,https://www.ibo.nyc.ny.us/iboreports/propertytax120506.pdf,pdf,no public news coverage or exact-link mentions found in checked sources,0.0,0,0,0,0,0,0,gdelt,gdelt-coverage:Twenty-Five Property Burdens Shifted S7000A:Expecting value: line 1 column 1 (char 0),0.0,0,0,0,0,0,0,gdelt,gdelt-coverage:Twenty-Five Property Burdens Shifted S7000A:Expecting value: line 1 column 1 (char 0),0.0,0,0,0,0,0,0,gdelt,gdelt-coverage:Twenty-Five Property Burdens Shifted S7000A:Expecting value: line 1 column 1 (char 0)
7d,0.0,0.0,NYC Independent Budget Office,report,,Swinging at the Wrong Pitch,,https://ibo.nyc.ny.us/cgi-park?p=20,,html,no public news coverage or exact-link mentions found in checked sources,0.0,0,0,0,0,0,0,gdelt,gdelt-coverage:Swinging Wrong Pitch:429 Client Error: Too Many Requests for url: https://api.gdeltproject.org/api/v2/doc/doc?query=Swinging+Wrong+Pitch&mode=ArtList&format=json&maxrecords=75&timespan=30d&sort=DateDesc,0.0,0,0,0,0,0,0,gdelt,gdelt-coverage:Swinging Wrong Pitch:429 Client Error: Too Many Requests for url: https://api.gdeltproject.org/api/v2/doc/doc?query=Swinging+Wrong+Pitch&mode=ArtList&format=json&maxrecords=75&timespan=30d&sort=DateDesc,0.0,0,0,0,0,0,0,gdelt,
7d,0.0,0.0,NYC Independent Budget Office,report,,Testimony to the Committee on Economic Development on Intro. 373-A,,https://www.ibo.nyc.ny.us/iboreports/intro373accmay05.pdf,https://www.ibo.nyc.ny.us/iboreports/intro373accmay05.pdf,pdf,no public news coverage or exact-link mentions found in checked sources,0.0,0,0,0,0,0,0,gdelt,gdelt-coverage:Development Committee Economic Intro 373-A:Expecting value: line 1 column 1 (char 0),0.0,0,0,0,0,0,0,gdelt,gdelt-coverage:Development Committee Economic Intro 373-A:Expecting value: line 1 column 1 (char 0),0.0,0,0,0,0,0,0,gdelt,gdelt-coverage:Development Committee Economic Intro 373-A:Expecting value: line 1 column 1 (char 0)
7d,0.0,0.0,NYC Independent Budget Office,report,,Letter to the New York Jets Objecting to the Team's Newest TV Ad,,https://www.ibo.nyc.ny.us/iboreports/Jetsletter.pdf,https://www.ibo.nyc.ny.us/iboreports/Jetsletter.pdf,pdf,no public news coverage or exact-link mentions found in checked sources,0.0,0,0,0,0,0,0,gdelt,gdelt-coverage:Objecting Team's Newest Jets:429 Client Error: Too Many Requests for url: https://api.gdeltproject.org/api/v2/doc/doc?query=Objecting+Team%27s+Newest+Jets&mode=ArtList&format=json&maxrecords=75&timespan=30d&sort=DateDesc,0.0,0,0,0,0,0,0,gdelt,,0.0,0,0,0,0,0,0,gdelt,
7d,0.0,0.0,NYC Independent Budget Office,report,,Double Play: The Economics and Financing of Stadiums for the Yankees and Mets,,https://www.ibo.nyc.ny.us/iboreports/doubleplay.html,,html,no public news coverage or exact-link mentions found in checked sources,0.0,0,0,0,0,0,0,gdelt,,0.0,0,0,0,0,0,0,gdelt,,0.0,0,0,0,0,0,0,gdelt,
7d,0.0,0.0,NYC Independent Budget Office,report,,New York City's Use of Community Development Block Grant Funds,,https://www.ibo.nyc.ny.us/iboreports/budgfax.html,,html,no public news coverage or exact-link mentions found in checked sources,0.0,0,0,0,0,0,0,gdelt,,0.0,0,0,0,0,0,0,gdelt,,0.0,0,0,0,0,0,0,gdelt,
7d,0.0,0.0,NYC Independent Budget Office,report,,"Funding Added for LeadFreeNYC, More to Come?",,https://ibo.nyc.ny.us/iboreports/funding-added-for-leadfreenyc-more-to-come-fopb-march-2019.pdf,https://ibo.nyc.ny.us/iboreports/funding-added-for-leadfreenyc-more-to-come-fopb-march-2019.pdf,pdf,no public news coverage or exact-link mentions found in checked sources,0.0,0,0,0,0,0,0,gdelt,,0.0,0,0,0,0,0,0,gdelt,,0.0,0,0,0,0,0,0,gdelt,
7d,0.0,0.0,NYC Independent Budget Office,report,,Proposed Council Bill Focuses on Mold & Pests in Housin,,https://www.ibo.nyc.ny.us/iboreports/indoor-allergens-letter-2016.pdf,https://www.ibo.nyc.ny.us/iboreports/indoor-allergens-letter-2016.pdf,pdf,no public news coverage or exact-link mentions found in checked sources,0.0,0,0,0,0,0,0,gdelt,gdelt-coverage:Council Focuses Housin Pests Bill:429 Client Error: Too Many Requests for url: https://api.gdeltproject.org/api/v2/doc/doc?query=Council+Focuses+Housin+Pests+Bill&mode=ArtList&format=json&maxrecords=75&timespan=30d&sort=DateDesc,0.0,0,0,0,0,0,0,gdelt,,0.0,0,0,0,0,0,0,gdelt,
7d,0.0,0.0,NYC Independent Budget Office,report,,How Much Waste Does the Average New Yorker Produce Each Day?,,https://ibo.nyc.ny.us/cgi-park2?p=222,,html,no public news coverage or exact-link mentions found in checked sources,0.0,0,0,0,0,0,0,gdelt,,0.0,0,0,0,0,0,0,gdelt,,0.0,0,0,0,0,0,0,gdelt,
7d,0.0,0.0,NYC Independent Budget Office,report,,Federal Plan for Cleanup of the Gowanus Canal May Mean Growing Costs for the City,,https://ibo.nyc.ny.us/cgi-park?p=612,,html,no public news coverage or exact-link mentions found in checked sources,0.0,0,0,0,0,0,0,gdelt,gdelt-coverage:Federal Cleanup Gowanus Growing Canal:429 Client Error: Too Many Requests for url: https://api.gdeltproject.org/api/v2/doc/doc?query=Federal+Cleanup+Gowanus+Growing+Canal&mode=ArtList&format=json&maxrecords=75&timespan=30d&sort=DateDesc,0.0,0,0,0,0,0,0,gdelt,,0.0,0,0,0,0,0,0,gdelt,
7d,0.0,0.0,NYC Independent Budget Office,report,,"Two Decades Later, City’s Water Metering Still Not Universal",,https://ibo.nyc.ny.us/cgi-park?p=99,,html,no public news coverage or exact-link mentions found in checked sources,0.0,0,0,0,0,0,0,gdelt,,0.0,0,0,0,0,0,0,gdelt,,0.0,0,0,0,0,0,0,gdelt,
7d,0.0,0.0,NYC Independent Budget Office,report,,An Overview: The Waste Stream Managed by the NYC Department of Sanitation,,https://www.ibo.nyc.ny.us/iboreports/nycwastemanagement.pdf,https://www.ibo.nyc.ny.us/iboreports/nycwastemanagement.pdf,pdf,no public news coverage or exact-link mentions found in checked sources,0.0,0,0,0,0,0,0,gdelt,,0.0,0,0,0,0,0,0,gdelt,,0.0,0,0,0,0,0,0,gdelt,
7d,0.0,0.0,NYC Independent Budget Office,report,,Increasing Costs of the Croton Filtration Plant at Mosholu,,https://www.ibo.nyc.ny.us/iboreports/croton2008.pdf,https://www.ibo.nyc.ny.us/iboreports/croton2008.pdf,pdf,no public news coverage or exact-link mentions found in checked sources,0.0,0,0,0,0,0,0,gdelt,,0.0,0,0,0,0,0,0,gdelt,,0.0,0,0,0,0,0,0,gdelt,
7d,0.0,0.0,NYC Independent Budget Office,report,,How Many Rent-Regulated Units Are Rented at Preferential Rates and Where are They Located?,,https://ibo.nyc.ny.us/cgi-park2?p=1133,,html,no public news coverage or exact-link mentions found in checked sources,0.0,0,0,0,0,0,0,gdelt,gdelt-coverage:Rent-Regulated Preferential Located Rented Units:Expecting value: line 1 column 1 (char 0),0.0,0,0,0,0,0,0,gdelt,gdelt-coverage:Rent-Regulated Preferential Located Rented Units:Expecting value: line 1 column 1 (char 0),0.0,0,0,0,0,0,0,gdelt,gdelt-coverage:Rent-Regulated Preferential Located Rented Units:Expecting value: line 1 column 1 (char 0)
7d,0.0,0.0,NYC Independent Budget Office,report,,Which Sections of the City Generate the Most & Least Complaints to Graffiti-Free NYC?,,https://ibo.nyc.ny.us/cgi-park2/2016/09/which-sections-of-the-city-generate-the-most-least-complaints-to-graffiti-free-nyc,,html,no public news coverage or exact-link mentions found in checked sources,0.0,0,0,0,0,0,0,gdelt,gdelt-coverage:Graffiti-Free Complaints Sections Generate Which:429 Client Error: Too Many Requests for url: https://api.gdeltproject.org/api/v2/doc/doc?query=Graffiti-Free+Complaints+Sections+Generate+Which&mode=ArtList&format=json&maxrecords=75&timespan=30d&sort=DateDesc,0.0,0,0,0,0,0,0,gdelt,gdelt-coverage:Graffiti-Free Complaints Sections Generate Which:Expecting value: line 1 column 1 (char 0),0.0,0,0,0,0,0,0,gdelt,gdelt-coverage:Graffiti-Free Complaints Sections Generate Which:Expecting value: line 1 column 1 (char 0)
7d,0.0,0.0,NYC Independent Budget Office,report,,Water Conservation Program Could Cause A Flood of New Problems For the City's Housing Authority,,https://ibo.nyc.ny.us/cgi-park?p=514,,html,no public news coverage or exact-link mentions found in checked sources,0.0,0,0,0,0,0,0,gdelt,,0.0,0,0,0,0,0,0,gdelt,,0.0,0,0,0,0,0,0,gdelt,
7d,0.0,0.0,NYC Independent Budget Office,report,,Alternative Enforcement: Program to Push Landlords to Make Repairs Has Mixed Results,,https://www.ibo.nyc.ny.us/iboreports/aepdec2010.pdf,https://www.ibo.nyc.ny.us/iboreports/aepdec2010.pdf,pdf,no public news coverage or exact-link mentions found in checked sources,0.0,0,0,0,0,0,0,gdelt,,0.0,0,0,0,0,0,0,gdelt,,0.0,0,0,0,0,0,0,gdelt,
7d,0.0,0.0,NYC Independent Budget Office,report,,Memo: Background on 421-a Fund,,https://www.ibo.nyc.ny.us/iboreports/421afundemo.pdf,https://www.ibo.nyc.ny.us/iboreports/421afundemo.pdf,pdf,no public news coverage or exact-link mentions found in checked sources,0.0,0,0,0,0,0,0,gdelt,gdelt-coverage:Background Memo Fund 421-a:429 Client Error: Too Many Requests for url: https://api.gdeltproject.org/api/v2/doc/doc?query=Background+Memo+Fund+421-a&mode=ArtList&format=json&maxrecords=75&timespan=30d&sort=DateDesc,0.0,0,0,0,0,0,0,gdelt,gdelt-coverage:Background Memo Fund 421-a:Expecting value: line 1 column 1 (char 0),0.0,0,0,0,0,0,0,gdelt,gdelt-coverage:Background Memo Fund 421-a:Expecting value: line 1 column 1 (char 0)
7d,0.0,0.0,NYC Independent Budget Office,report,,Trends in Construction Inspection Activity and Construction Inspector Staffing at the Department of Buildings,,https://www.ibo.nyc.ny.us/iboreports/100909inspectionletter.pdf,https://www.ibo.nyc.ny.us/iboreports/100909inspectionletter.pdf,pdf,no public news coverage or exact-link mentions found in checked sources,0.0,0,0,0,0,0,0,gdelt,,0.0,0,0,0,0,0,0,gdelt,,0.0,0,0,0,0,0,0,gdelt,
7d,0.0,0.0,NYC Independent Budget Office,report,,The City's Changing Uses of HOME Funds,,https://www.ibo.nyc.ny.us/iboreports/HomeBP.pdf,https://www.ibo.nyc.ny.us/iboreports/HomeBP.pdf,pdf,no public news coverage or exact-link mentions found in checked sources,0.0,0,0,0,0,0,0,gdelt,,0.0,0,0,0,0,0,0,gdelt,,0.0,0,0,0,0,0,0,gdelt,
7d,0.0,0.0,NYC Independent Budget Office,report,,Expanding Homeownership Opportunities for Low- and Moderate-Income New Yorkers,,https://www.ibo.nyc.ny.us/iboreports/august2002bkgdpaper.pdf,https://www.ibo.nyc.ny.us/iboreports/august2002bkgdpaper.pdf,pdf,no public news coverage or exact-link mentions found in checked sources,0.0,0,0,0,0,0,0,gdelt,gdelt-coverage:Moderate-Income Homeownership Opportunities Expa:429 Client Error: Too Many Requests for url: https://api.gdeltproject.org/api/v2/doc/doc?query=Moderate-Income+Homeownership+Opportunities+Expanding+Yorkers&mode=ArtList&format=json&maxrecords=75&timespan=30d&sort=DateDesc,0.0,0,0,0,0,0,0,gdelt,gdelt-coverage:Moderate-Income Homeownership Opportunities Expa:Expecting value: line 1 column 1 (char 0),0.0,0,0,0,0,0,0,gdelt,gdelt-coverage:Moderate-Income Homeownership Opportunities Expa:Expecting value: line 1 column 1 (char 0)
7d,0.0,0.0,NYC Independent Budget Office,report,,Extending the Senior Citizen Rent Increase Exemption (SCRIE) to the Disabled (Fiscal Impact of Senate Bill 484),,https://www.ibo.nyc.ny.us/iboreports/rie.pdf,https://www.ibo.nyc.ny.us/iboreports/rie.pdf,pdf,no public news coverage or exact-link mentions found in checked sources,0.0,0,0,0,0,0,0,gdelt,,0.0,0,0,0,0,0,0,gdelt,,0.0,0,0,0,0,0,0,gdelt,
7d,0.0,0.0,NYC Independent Budget Office,report,,"Double Fault: Will Mayor’s Plan to Hike City Rec Center, Tennis Court, & Ball Field Fees Undermine His Efforts to Promote Healthy Living?",,https://ibo.nyc.ny.us/cgi-park?p=261,,html,no public news coverage or exact-link mentions found in checked sources,0.0,0,0,0,0,0,0,gdelt,,0.0,0,0,0,0,0,0,gdelt,,0.0,0,0,0,0,0,0,gdelt,
7d,0.0,0.0,NYC Independent Budget Office,report,,How Did Participation in Organics Collection Programs Vary Throughout the City?,,https://ibo.nyc.ny.us/cgi-park2/2021/04/how-did-participation-in-organics-collection-programs-vary-throughout-the-city,,html,no public news coverage or exact-link mentions found in checked sources,0.0,0,0,0,0,0,0,gdelt,,0.0,0,0,0,0,0,0,gdelt,,0.0,0,0,0,0,0,0,gdelt,
7d,0.0,0.0,NYC Independent Budget Office,report,,How Many Christmas Trees Do New Yorkers Leave for Curbside Pick-up?,,https://ibo.nyc.ny.us/cgi-park2?p=276,,html,no public news coverage or exact-link mentions found in checked sources,0.0,0,0,0,0,0,0,gdelt,gdelt-coverage:Christmas Curbside Yorkers Pick-up Trees:Expecting value: line 1 column 1 (char 0),0.0,0,0,0,0,0,0,gdelt,gdelt-coverage:Christmas Curbside Yorkers Pick-up Trees:Expecting value: line 1 column 1 (char 0),0.0,0,0,0,0,0,0,gdelt,gdelt-coverage:Christmas Curbside Yorkers Pick-up Trees:Expecting value: line 1 column 1 (char 0)
7d,0.0,0.0,NYC Independent Budget Office,report,,Whose Streets You Calling Dirty?,,https://ibo.nyc.ny.us/cgi-park?p=546,,html,no public news coverage or exact-link mentions found in checked sources,0.0,0,0,0,0,0,0,gdelt,,0.0,0,0,0,0,0,0,gdelt,,0.0,0,0,0,0,0,0,gdelt,
7d,0.0,0.0,NYC Independent Budget Office,report,,Mayor’s Schoolyards-to-Playgrounds Plan Takes a Hit,,https://ibo.nyc.ny.us/cgi-park?p=112,,html,no public news coverage or exact-link mentions found in checked sources,0.0,0,0,0,0,0,0,gdelt,gdelt-coverage:Schoolyards-to-Playgrounds Mayor Takes Plan Hit:429 Client Error: Too Many Requests for url: https://api.gdeltproject.org/api/v2/doc/doc?query=Schoolyards-to-Playgrounds+Mayor+Takes+Plan+Hit&mode=ArtList&format=json&maxrecords=75&timespan=30d&sort=DateDesc,0.0,0,0,0,0,0,0,gdelt,gdelt-coverage:Schoolyards-to-Playgrounds Mayor Takes Plan Hit:429 Client Error: Too Many Requests for url: https://api.gdeltproject.org/api/v2/doc/doc?query=Schoolyards-to-Playgrounds+Mayor+Takes+Plan+Hit&mode=ArtList&format=json&maxrecords=75&timespan=30d&sort=DateDesc,0.0,0,0,0,0,0,0,gdelt,gdelt-coverage:Schoolyards-to-Playgrounds Mayor Takes Plan Hit:429 Client Error: Too Many Requests for url: https://api.gdeltproject.org/api/v2/doc/doc?query=Schoolyards-to-Playgrounds+Mayor+Takes+Plan+Hit&mode=ArtList&format=json&maxrecords=75&timespan=30d&sort=DateDesc
7d,0.0,0.0,NYC Independent Budget Office,report,,Looking for Savings: Has The Switch to Dual-Bin Trucks For Some Recycling Pickups Increased Productivity?,,https://www.ibo.nyc.ny.us/iboreports/dualbinjan2012.pdf,https://www.ibo.nyc.ny.us/iboreports/dualbinjan2012.pdf,pdf,no public news coverage or exact-link mentions found in checked sources,0.0,0,0,0,0,0,0,gdelt,gdelt-coverage:Productivity Recycling Increased Dual-Bin Lookin:Expecting value: line 1 column 1 (char 0),0.0,0,0,0,0,0,0,gdelt,gdelt-coverage:Productivity Recycling Increased Dual-Bin Lookin:Expecting value: line 1 column 1 (char 0),0.0,0,0,0,0,0,0,gdelt,gdelt-coverage:Productivity Recycling Increased Dual-Bin Lookin:Expecting value: line 1 column 1 (char 0)
7d,0.0,0.0,NYC Independent Budget Office,report,,City‘s Recycling Goal Just Rubbish?,,https://ibo.nyc.ny.us/cgi-park?p=49,,html,no public news coverage or exact-link mentions found in checked sources,0.0,0,0,0,0,0,0,gdelt,,0.0,0,0,0,0,0,0,gdelt,,0.0,0,0,0,0,0,0,gdelt,
7d,0.0,0.0,NYC Independent Budget Office,report,,Comparison of Waste Export Costs via the East 91 st Street Marine Transfer Station or the Interim Plan,,https://www.ibo.nyc.ny.us/iboreports/wtsletter52318.pdf,https://www.ibo.nyc.ny.us/iboreports/wtsletter52318.pdf,pdf,no public news coverage or exact-link mentions found in checked sources,0.0,0,0,0,0,0,0,gdelt,gdelt-coverage:Comparison Transfer Station Interim Export:429 Client Error: Too Many Requests for url: https://api.gdeltproject.org/api/v2/doc/doc?query=Comparison+Transfer+Station+Interim+Export&mode=ArtList&format=json&maxrecords=75&timespan=30d&sort=DateDesc,0.0,0,0,0,0,0,0,gdelt,,0.0,0,0,0,0,0,0,gdelt,
7d,0.0,0.0,NYC Independent Budget Office,report,,East 91st Street Marine Transfer Station,,https://www.ibo.nyc.ny.us/iboreports/E91stletter.pdf,https://www.ibo.nyc.ny.us/iboreports/E91stletter.pdf,pdf,no public news coverage or exact-link mentions found in checked sources,0.0,0,0,0,0,0,0,gdelt,gdelt-coverage:Transfer Station Street Marine East:429 Client Error: Too Many Requests for url: https://api.gdeltproject.org/api/v2/doc/doc?query=Transfer+Station+Street+Marine+East&mode=ArtList&format=json&maxrecords=75&timespan=30d&sort=DateDesc,0.0,0,0,0,0,0,0,gdelt,,0.0,0,0,0,0,0,0,gdelt,
7d,0.0,0.0,NYC Independent Budget Office,report,,"Good, Fair, or Poor:What’s the Condition of the City’s Streets?",,https://ibo.nyc.ny.us/cgi-park2/2017/01/good-fair-or-poor-whats-the-condition-of-the-citys-streets,,html,no public news coverage or exact-link mentions found in checked sources,0.0,0,0,0,0,0,0,gdelt,,0.0,0,0,0,0,0,0,gdelt,,0.0,0,0,0,0,0,0,gdelt,
7d,0.0,0.0,NYC Independent Budget Office,report,,"Back On Track? Federal Aid for the MTA May Be Coming, But Fiscal Problems Remain",,https://ibo.nyc.ny.us/iboreports/back-on-track-federa-aid-for-the-mta-may-be-coming-but-fiscal-problems-remain-march-2010.pdf,https://ibo.nyc.ny.us/iboreports/back-on-track-federa-aid-for-the-mta-may-be-coming-but-fiscal-problems-remain-march-2010.pdf,pdf,no public news coverage or exact-link mentions found in checked sources,0.0,0,0,0,0,0,0,gdelt,gdelt-coverage:Problems Federal Coming Fiscal Remain:429 Client Error: Too Many Requests for url: https://api.gdeltproject.org/api/v2/doc/doc?query=Problems+Federal+Coming+Fiscal+Remain&mode=ArtList&format=json&maxrecords=75&timespan=30d&sort=DateDesc,0.0,0,0,0,0,0,0,gdelt,gdelt-coverage:Problems Federal Coming Fiscal Remain:429 Client Error: Too Many Requests for url: https://api.gdeltproject.org/api/v2/doc/doc?query=Problems+Federal+Coming+Fiscal+Remain&mode=ArtList&format=json&maxrecords=75&timespan=30d&sort=DateDesc,0.0,0,0,0,0,0,0,gdelt,gdelt-coverage:Problems Federal Coming Fiscal Remain:429 Client Error: Too Many Requests for url: https://api.gdeltproject.org/api/v2/doc/doc?query=Problems+Federal+Coming+Fiscal+Remain&mode=ArtList&format=json&maxrecords=75&timespan=30d&sort=DateDesc
7d,0.0,0.0,NYC Independent Budget Office,report,,"Budget Buster: For MTA, Tax & Fee Revenues Not Always on Track",,https://www.ibo.nyc.ny.us/iboreports/mtareportaugust2011.pdf,https://www.ibo.nyc.ny.us/iboreports/mtareportaugust2011.pdf,pdf,no public news coverage or exact-link mentions found in checked sources,0.0,0,0,0,0,0,0,gdelt,gdelt-coverage:Revenues Budget Buster Always Track:429 Client Error: Too Many Requests for url: https://api.gdeltproject.org/api/v2/doc/doc?query=Revenues+Budget+Buster+Always+Track&mode=ArtList&format=json&maxrecords=75&timespan=30d&sort=DateDesc,0.0,0,0,0,0,0,0,gdelt,gdelt-coverage:Revenues Budget Buster Always Track:429 Client Error: Too Many Requests for url: https://api.gdeltproject.org/api/v2/doc/doc?query=Revenues+Budget+Buster+Always+Track&mode=ArtList&format=json&maxrecords=75&timespan=30d&sort=DateDesc,0.0,0,0,0,0,0,0,gdelt,gdelt-coverage:Revenues Budget Buster Always Track:429 Client Error: Too Many Requests for url: https://api.gdeltproject.org/api/v2/doc/doc?query=Revenues+Budget+Buster+Always+Track&mode=ArtList&format=json&maxrecords=75&timespan=30d&sort=DateDesc
7d,0.0,0.0,NYC Independent Budget Office,report,,"Despite Fare Hike and Service Cuts, MTA Budget May Soon Derail Again",,https://ibo.nyc.ny.us/cgi-park?p=45,,html,no public news coverage or exact-link mentions found in checked sources,0.0,0,0,0,0,0,0,gdelt,gdelt-coverage:Despite Service Budget Derail Again:429 Client Error: Too Many Requests for url: https://api.gdeltproject.org/api/v2/doc/doc?query=Despite+Service+Budget+Derail+Again&mode=ArtList&format=json&maxrecords=75&timespan=30d&sort=DateDesc,0.0,0,0,0,0,0,0,gdelt,gdelt-coverage:Despite Service Budget Derail Again:429 Client Error: Too Many Requests for url: https://api.gdeltproject.org/api/v2/doc/doc?query=Despite+Service+Budget+Derail+Again&mode=ArtList&format=json&maxrecords=75&timespan=30d&sort=DateDesc,0.0,0,0,0,0,0,0,gdelt,
7d,0.0,0.0,NYC Independent Budget Office,report,,Estimates of Average Fares and Tolls Based on The MTA's November Proposals,,https://www.ibo.nyc.ny.us/iboreports/Straphanger123_125_08.pdf,https://www.ibo.nyc.ny.us/iboreports/Straphanger123_125_08.pdf,pdf,no public news coverage or exact-link mentions found in checked sources,0.0,0,0,0,0,0,0,gdelt,gdelt-coverage:Estimates Proposals November Average Fares:429 Client Error: Too Many Requests for url: https://api.gdeltproject.org/api/v2/doc/doc?query=Estimates+Proposals+November+Average+Fares&mode=ArtList&format=json&maxrecords=75&timespan=30d&sort=DateDesc,0.0,0,0,0,0,0,0,gdelt,,0.0,0,0,0,0,0,0,gdelt,
7d,0.0,0.0,NYC Independent Budget Office,report,,A Review of the Metropolitan Transportation Authority's Financial Outlook and Options for Closing the Gaps,,https://www.ibo.nyc.ny.us/iboreports/mtafiscalcoverltr.pdf,https://www.ibo.nyc.ny.us/iboreports/mtafiscalcoverltr.pdf,pdf,no public news coverage or exact-link mentions found in checked sources,0.0,0,0,0,0,0,0,gdelt,gdelt-coverage:Transportation Metropolitan Authority's Financia:429 Client Error: Too Many Requests for url: https://api.gdeltproject.org/api/v2/doc/doc?query=Transportation+Metropolitan+Authority%27s+Financial+Outlook&mode=ArtList&format=json&maxrecords=75&timespan=30d&sort=DateDesc,0.0,0,0,0,0,0,0,gdelt,,0.0,0,0,0,0,0,0,gdelt,
7d,0.0,0.0,NYC Independent Budget Office,report,,Running on Empty: The MTA's 2005 Budget and Financial Plan,,https://www.ibo.nyc.ny.us/iboreports/MTAfb.pdf,https://www.ibo.nyc.ny.us/iboreports/MTAfb.pdf,pdf,no public news coverage or exact-link mentions found in checked sources,0.0,0,0,0,0,0,0,gdelt,,0.0,0,0,0,0,0,0,gdelt,,0.0,0,0,0,0,0,0,gdelt,
7d,0.0,0.0,NYC Independent Budget Office,report,,"Access-A-Ride: With More Riders, Costs Are Rising Sharply",,https://www.ibo.nyc.ny.us/iboreports/FBparatransit10306.pdf,https://www.ibo.nyc.ny.us/iboreports/FBparatransit10306.pdf,pdf,no public news coverage or exact-link mentions found in checked sources,0.0,0,0,0,0,0,0,gdelt,gdelt-coverage:Access-A-Ride Sharply Riders Rising Costs:429 Client Error: Too Many Requests for url: https://api.gdeltproject.org/api/v2/doc/doc?query=Access-A-Ride+Sharply+Riders+Rising+Costs&mode=ArtList&format=json&maxrecords=75&timespan=30d&sort=DateDesc,0.0,0,0,0,0,0,0,gdelt,gdelt-coverage:Access-A-Ride Sharply Riders Rising Costs:429 Client Error: Too Many Requests for url: https://api.gdeltproject.org/api/v2/doc/doc?query=Access-A-Ride+Sharply+Riders+Rising+Costs&mode=ArtList&format=json&maxrecords=75&timespan=30d&sort=DateDesc,0.0,0,0,0,0,0,0,gdelt,gdelt-coverage:Access-A-Ride Sharply Riders Rising Costs:429 Client Error: Too Many Requests for url: https://api.gdeltproject.org/api/v2/doc/doc?query=Access-A-Ride+Sharply+Riders+Rising+Costs&mode=ArtList&format=json&maxrecords=75&timespan=30d&sort=DateDesc
7d,0.0,0.0,NYC Independent Budget Office,report,,Testimony to the New York City Council Oversight Hearing on Immigrant Students in New York City Public Schools,,https://www.ibo.nyc.ny.us/iboreports/schools-new-arrivals-november-2023.pdf,https://www.ibo.nyc.ny.us/iboreports/schools-new-arrivals-november-2023.pdf,pdf,no public news coverage or exact-link mentions found in checked sources,0.0,0,0,0,0,0,0,gdelt,,0.0,0,0,0,0,0,0,gdelt,,0.0,0,0,0,0,0,0,gdelt,
7d,0.0,0.0,NYC Independent Budget Office,report,,New York City Transit's Fiscal Condition,,https://www.ibo.nyc.ny.us/iboreports/testimony9899.html,,html,no public news coverage or exact-link mentions found in checked sources,0.0,0,0,0,0,0,0,gdelt,,0.0,0,0,0,0,0,0,gdelt,,0.0,0,0,0,0,0,0,gdelt,
7d,0.0,0.0,NYC Independent Budget Office,report,,How Many Students Can Enter a Gifted & Talented Program in New York City?,,https://ibo.nyc.ny.us/cgi-park2?p=931,,html,no public news coverage or exact-link mentions found in checked sources,0.0,0,0,0,0,0,0,gdelt,,0.0,0,0,0,0,0,0,gdelt,,0.0,0,0,0,0,0,0,gdelt,
7d,0.0,0.0,NYC Independent Budget Office,report,,A Growing Trend: Average Class Size Rises Despite Little Growth in School Enrollment,,https://www.ibo.nyc.ny.us/iboreports/classsizemay2011.pdf,https://www.ibo.nyc.ny.us/iboreports/classsizemay2011.pdf,pdf,no public news coverage or exact-link mentions found in checked sources,0.0,0,0,0,0,0,0,gdelt,,0.0,0,0,0,0,0,0,gdelt,,0.0,0,0,0,0,0,0,gdelt,
7d,0.0,0.0,NYC Independent Budget Office,report,,"Testimony to the New York City Council Committee on Education on the Education Department's Enrollment, Capacity, and Utilization Report",,https://www.ibo.nyc.ny.us/iboreports/capacityreportcctesitmony042010.pdf,https://www.ibo.nyc.ny.us/iboreports/capacityreportcctesitmony042010.pdf,pdf,no public news coverage or exact-link mentions found in checked sources,0.0,0,0,0,0,0,0,gdelt,,0.0,0,0,0,0,0,0,gdelt,,0.0,0,0,0,0,0,0,gdelt,
7d,0.0,0.0,NYC Independent Budget Office,report,,"High School Overcrowding Persists, Especially in Large Schools",,https://www.ibo.nyc.ny.us/iboreports/overcrowdingaugust2010.pdf,https://www.ibo.nyc.ny.us/iboreports/overcrowdingaugust2010.pdf,pdf,no public news coverage or exact-link mentions found in checked sources,0.0,0,0,0,0,0,0,gdelt,gdelt-coverage:Overcrowding Especially Persists Schools School:429 Client Error: Too Many Requests for url: https://api.gdeltproject.org/api/v2/doc/doc?query=Overcrowding+Especially+Persists+Schools+School&mode=ArtList&format=json&maxrecords=75&timespan=30d&sort=DateDesc,0.0,0,0,0,0,0,0,gdelt,,0.0,0,0,0,0,0,0,gdelt,
7d,0.0,0.0,NYC Independent Budget Office,report,,Testimony on the Education Department’s Proposed School Closings,,https://www.ibo.nyc.ny.us/iboreports/schoolclosingcctestmonymarch2010i.pdf,https://www.ibo.nyc.ny.us/iboreports/schoolclosingcctestmonymarch2010i.pdf,pdf,no public news coverage or exact-link mentions found in checked sources,0.0,0,0,0,0,0,0,gdelt,gdelt-coverage:Education Closings School:429 Client Error: Too Many Requests for url: https://api.gdeltproject.org/api/v2/doc/doc?query=Education+Closings+School&mode=ArtList&format=json&maxrecords=75&timespan=30d&sort=DateDesc,0.0,0,0,0,0,0,0,gdelt,gdelt-coverage:Education Closings School:429 Client Error: Too Many Requests for url: https://api.gdeltproject.org/api/v2/doc/doc?query=Education+Closings+School&mode=ArtList&format=json&maxrecords=75&timespan=30d&sort=DateDesc,0.0,0,0,0,0,0,0,gdelt,gdelt-coverage:Education Closings School:429 Client Error: Too Many Requests for url: https://api.gdeltproject.org/api/v2/doc/doc?query=Education+Closings+School&mode=ArtList&format=json&maxrecords=75&timespan=30d&sort=DateDesc
7d,0.0,0.0,NYC Independent Budget Office,report,,Letter to Educational Priorities Panel: Updated Cost Estimates for Adding School Capacity,,https://www.ibo.nyc.ny.us/iboreports/eppleasing.pdf,https://www.ibo.nyc.ny.us/iboreports/eppleasing.pdf,pdf,no public news coverage or exact-link mentions found in checked sources,0.0,0,0,0,0,0,0,gdelt,,0.0,0,0,0,0,0,0,gdelt,,0.0,0,0,0,0,0,0,gdelt,
7d,0.0,0.0,NYC Independent Budget Office,report,,Comparisons between Schools Slated for Closing and All Other Schools,,https://www.ibo.nyc.ny.us/iboreports/schoolclosing012510.pdf,https://www.ibo.nyc.ny.us/iboreports/schoolclosing012510.pdf,pdf,no public news coverage or exact-link mentions found in checked sources,0.0,0,0,0,0,0,0,gdelt,gdelt-coverage:Comparisons Schools Closing Slated Other:429 Client Error: Too Many Requests for url: https://api.gdeltproject.org/api/v2/doc/doc?query=Comparisons+Schools+Closing+Slated+Other&mode=ArtList&format=json&maxrecords=75&timespan=30d&sort=DateDesc,0.0,0,0,0,0,0,0,gdelt,,0.0,0,0,0,0,0,0,gdelt,
7d,0.0,0.0,NYC Independent Budget Office,report,,"Federal Aid, Governor’s Proposals Combine for a Complex Funding Picture for the City’s Schools",,https://ibo.nyc.ny.us/iboreports/federal-aid-governors-proposals-combine-for-a-complex-funding-picture-for-the-citys-schools-march-2021.pdf,https://ibo.nyc.ny.us/iboreports/federal-aid-governors-proposals-combine-for-a-complex-funding-picture-for-the-citys-schools-march-2021.pdf,pdf,no public news coverage or exact-link mentions found in checked sources,0.0,0,0,0,0,0,0,gdelt,,0.0,0,0,0,0,0,0,gdelt,,0.0,0,0,0,0,0,0,gdelt,
7d,0.0,0.0,NYC Independent Budget Office,report,,Not All Funding Appropriated for “General Classroom Instruction and School Leadership” Goes Into School Budgets,,https://ibo.nyc.ny.us/cgi-park2?p=89,,html,no public news coverage or exact-link mentions found in checked sources,0.0,0,0,0,0,0,0,gdelt,,0.0,0,0,0,0,0,0,gdelt,,0.0,0,0,0,0,0,0,gdelt,
7d,0.0,0.0,NYC Independent Budget Office,report,,"Testimony to the New York State Senate Committee On Corporations, Authorities, and Commissions Hearing on Charter Schools",,https://www.ibo.nyc.ny.us/iboreports/charterschoolstatesenateapril2010.pdf,https://www.ibo.nyc.ny.us/iboreports/charterschoolstatesenateapril2010.pdf,pdf,no public news coverage or exact-link mentions found in checked sources,0.0,0,0,0,0,0,0,gdelt,,0.0,0,0,0,0,0,0,gdelt,,0.0,0,0,0,0,0,0,gdelt,
7d,0.0,0.0,NYC Independent Budget Office,report,,“Carter Case” Spending for Students With Special Needs Continues to Grow Rapidly,,https://ibo.nyc.ny.us/iboreports/carter-case-spending-for-students-with-special-needs-continues-to-grow-rapidly-march-2021.pdf,https://ibo.nyc.ny.us/iboreports/carter-case-spending-for-students-with-special-needs-continues-to-grow-rapidly-march-2021.pdf,pdf,no public news coverage or exact-link mentions found in checked sources,0.0,0,0,0,0,0,0,gdelt,gdelt-coverage:Continues Spending Students Special Rapidly:429 Client Error: Too Many Requests for url: https://api.gdeltproject.org/api/v2/doc/doc?query=Continues+Spending+Students+Special+Rapidly&mode=ArtList&format=json&maxrecords=75&timespan=30d&sort=DateDesc,0.0,0,0,0,0,0,0,gdelt,,0.0,0,0,0,0,0,0,gdelt,
7d,0.0,0.0,NYC Independent Budget Office,report,,Testimony to the New York City Council on Contracting Practices of the Department of Education,,https://www.ibo.nyc.ny.us/iboreports/3109DOEContractingtestimony.pdf,https://www.ibo.nyc.ny.us/iboreports/3109DOEContractingtestimony.pdf,pdf,no public news coverage or exact-link mentions found in checked sources,0.0,0,0,0,0,0,0,gdelt,,0.0,0,0,0,0,0,0,gdelt,,0.0,0,0,0,0,0,0,gdelt,
7d,0.0,0.0,NYC Independent Budget Office,report,,The School Accountability Initiative: Totaling the Cost,,https://www.ibo.nyc.ny.us/iboreports/schoolaccountability111308.pdf,https://www.ibo.nyc.ny.us/iboreports/schoolaccountability111308.pdf,pdf,no public news coverage or exact-link mentions found in checked sources,0.0,0,0,0,0,0,0,gdelt,,0.0,0,0,0,0,0,0,gdelt,,0.0,0,0,0,0,0,0,gdelt,
7d,0.0,0.0,NYC Independent Budget Office,report,,"With a Restricted School Schedule, How Many Students With Disabilities Can Receive Their Related Services In Person?",,https://ibo.nyc.ny.us/cgi-park2/2020/10/with-a-restricted-school-schedule-how-many-students-with-disabilities-can-receive-their-related-services-in-person,,html,no public news coverage or exact-link mentions found in checked sources,0.0,0,0,0,0,0,0,gdelt,gdelt-coverage:Disabilities Restricted Schedule Students Servic:429 Client Error: Too Many Requests for url: https://api.gdeltproject.org/api/v2/doc/doc?query=Disabilities+Restricted+Schedule+Students+Services&mode=ArtList&format=json&maxrecords=75&timespan=30d&sort=DateDesc,0.0,0,0,0,0,0,0,gdelt,,0.0,0,0,0,0,0,0,gdelt,
7d,0.0,0.0,NYC Independent Budget Office,report,,"New York City Public School Indicators: Demographics, Resources, Outcomes",,https://www.ibo.nyc.ny.us/iboreports/2011edindicatorsreport.pdf,https://www.ibo.nyc.ny.us/iboreports/2011edindicatorsreport.pdf,pdf,no public news coverage or exact-link mentions found in checked sources,0.0,0,0,0,0,0,0,gdelt,,0.0,0,0,0,0,0,0,gdelt,,0.0,0,0,0,0,0,0,gdelt,
7d,0.0,0.0,NYC Independent Budget Office,report,,Making the Grade? Assessing School Progress Reports' Measurement of Annual Academic Achievement,,https://www.ibo.nyc.ny.us/iboreports/schoolprogressreports2012.pdf,https://www.ibo.nyc.ny.us/iboreports/schoolprogressreports2012.pdf,pdf,no public news coverage or exact-link mentions found in checked sources,0.0,0,0,0,0,0,0,gdelt,gdelt-coverage:Measurement Achievement Assessing Progress Repor:429 Client Error: Too Many Requests for url: https://api.gdeltproject.org/api/v2/doc/doc?query=Measurement+Achievement+Assessing+Progress+Reports%27&mode=ArtList&format=json&maxrecords=75&timespan=30d&sort=DateDesc,0.0,0,0,0,0,0,0,gdelt,,0.0,0,0,0,0,0,0,gdelt,
7d,0.0,0.0,NYC Independent Budget Office,report,,"Demographics, Performance, Resources: Schools Proposed for Closing Compared With Other City Schools",,https://www.ibo.nyc.ny.us/iboreports/schoolclosingjan2011.pdf,https://www.ibo.nyc.ny.us/iboreports/schoolclosingjan2011.pdf,pdf,no public news coverage or exact-link mentions found in checked sources,0.0,0,0,0,0,0,0,gdelt,gdelt-coverage:Demographics Performance Resources Compared Scho:429 Client Error: Too Many Requests for url: https://api.gdeltproject.org/api/v2/doc/doc?query=Demographics+Performance+Resources+Compared+Schools&mode=ArtList&format=json&maxrecords=75&timespan=30d&sort=DateDesc,0.0,0,0,0,0,0,0,gdelt,,0.0,0,0,0,0,0,0,gdelt,
7d,0.0,0.0,NYC Independent Budget Office,report,,Have NYC Schools Become More or Less Integrated Over the Last 10 Years?,,https://ibo.nyc.ny.us/cgi-park2?p=304,,html,no public news coverage or exact-link mentions found in checked sources,0.0,0,0,0,0,0,0,gdelt,gdelt-coverage:Integrated Schools Become Years Have:429 Client Error: Too Many Requests for url: https://api.gdeltproject.org/api/v2/doc/doc?query=Integrated+Schools+Become+Years+Have&mode=ArtList&format=json&maxrecords=75&timespan=30d&sort=DateDesc,0.0,0,0,0,0,0,0,gdelt,gdelt-coverage:Integrated Schools Become Years Have:429 Client Error: Too Many Requests for url: https://api.gdeltproject.org/api/v2/doc/doc?query=Integrated+Schools+Become+Years+Have&mode=ArtList&format=json&maxrecords=75&timespan=30d&sort=DateDesc,0.0,0,0,0,0,0,0,gdelt,gdelt-coverage:Integrated Schools Become Years Have:429 Client Error: Too Many Requests for url: https://api.gdeltproject.org/api/v2/doc/doc?query=Integrated+Schools+Become+Years+Have&mode=ArtList&format=json&maxrecords=75&timespan=30d&sort=DateDesc
7d,0.0,0.0,NYC Independent Budget Office,report,,A Statistical Portrait of Uncertified Teachers in New York City Schools,,https://www.ibo.nyc.ny.us/iboreports/uncertified.pdf,https://www.ibo.nyc.ny.us/iboreports/uncertified.pdf,pdf,no public news coverage or exact-link mentions found in checked sources,0.0,0,0,0,0,0,0,gdelt,,0.0,0,0,0,0,0,0,gdelt,,0.0,0,0,0,0,0,0,gdelt,
7d,0.0,0.0,NYC Independent Budget Office,report,,Is Everything Going to Be Fine(d)? An Overview of New York City Fine Revenue and Collection,,https://www.ibo.nyc.ny.us/iboreports/Fines.pdf,https://www.ibo.nyc.ny.us/iboreports/Fines.pdf,pdf,no public news coverage or exact-link mentions found in checked sources,0.0,0,0,0,0,0,0,gdelt,,0.0,0,0,0,0,0,0,gdelt,,0.0,0,0,0,0,0,0,gdelt,
7d,0.0,0.0,NYC Independent Budget Office,report,,Missing From Albany's Family Relief Tax Break: 1.2 Million NYC Kids,,https://ibo.nyc.ny.us/cgi-park?p=684,,html,no public news coverage or exact-link mentions found in checked sources,0.0,0,0,0,0,0,0,gdelt,,0.0,0,0,0,0,0,0,gdelt,,0.0,0,0,0,0,0,0,gdelt,
7d,0.0,0.0,NYC Independent Budget Office,report,,Personal Income Growth in New York City Has Been Sustained by a Temporary Boost in Transfer Payments,,https://ibo.nyc.ny.us/iboreports/personal-income-growth-in-new-york-city-has-been-sustained-by-a-temporary-boost-in-transfer-payments-april-2021.pdf,https://ibo.nyc.ny.us/iboreports/personal-income-growth-in-new-york-city-has-been-sustained-by-a-temporary-boost-in-transfer-payments-april-2021.pdf,pdf,no public news coverage or exact-link mentions found in checked sources,0.0,0,0,0,0,0,0,gdelt,,0.0,0,0,0,0,0,0,gdelt,,0.0,0,0,0,0,0,0,gdelt,
7d,0.0,0.0,NYC Independent Budget Office,report,,Economic Development Tax Expenditure Evaluation: IDA’s Industrial Program,,https://ibo.nyc.ny.us/iboreports/ida-testimony-february-2021.pdf,https://ibo.nyc.ny.us/iboreports/ida-testimony-february-2021.pdf,pdf,no public news coverage or exact-link mentions found in checked sources,0.0,0,0,0,0,0,0,gdelt,,0.0,0,0,0,0,0,0,gdelt,,0.0,0,0,0,0,0,0,gdelt,
7d,0.0,0.0,NYC Independent Budget Office,report,,New York City’s Long-Term Unemployment Rate Continues to Outpace U.S. Rate,,https://ibo.nyc.ny.us/cgi-park?p=189,,html,no public news coverage or exact-link mentions found in checked sources,0.0,0,0,0,0,0,0,gdelt,gdelt-coverage:Unemployment Long-Term Continues Outpace Rate:429 Client Error: Too Many Requests for url: https://api.gdeltproject.org/api/v2/doc/doc?query=Unemployment+Long-Term+Continues+Outpace+Rate&mode=ArtList&format=json&maxrecords=75&timespan=30d&sort=DateDesc,0.0,0,0,0,0,0,0,gdelt,gdelt-coverage:Unemployment Long-Term Continues Outpace Rate:Expecting value: line 1 column 1 (char 0),0.0,0,0,0,0,0,0,gdelt,gdelt-coverage:Unemployment Long-Term Continues Outpace Rate:Expecting value: line 1 column 1 (char 0)
7d,0.0,0.0,NYC Independent Budget Office,report,,Wall Street Wages: A Rough Ride on Easy Street,,https://ibo.nyc.ny.us/cgi-park?p=169,,html,no public news coverage or exact-link mentions found in checked sources,0.0,0,0,0,0,0,0,gdelt,gdelt-coverage:Street Wages Rough Wall Ride:429 Client Error: Too Many Requests for url: https://api.gdeltproject.org/api/v2/doc/doc?query=Street+Wages+Rough+Wall+Ride&mode=ArtList&format=json&maxrecords=75&timespan=30d&sort=DateDesc,0.0,0,0,0,0,0,0,gdelt,,0.0,0,0,0,0,0,0,gdelt,
7d,0.0,0.0,NYC Independent Budget Office,report,,City's Assessment of Property Values May Need Some Extra Reassessing,,https://ibo.nyc.ny.us/cgi-park?p=643,,html,no public news coverage or exact-link mentions found in checked sources,0.0,0,0,0,0,0,0,gdelt,,0.0,0,0,0,0,0,0,gdelt,,0.0,0,0,0,0,0,0,gdelt,
7d,0.0,0.0,NYC Independent Budget Office,report,,How Much Will Washington's Tax Deal Cost New York City's Taxpayers? A Very Preliminary Estimate,,https://ibo.nyc.ny.us/cgi-park2?p=244,,html,no public news coverage or exact-link mentions found in checked sources,0.0,0,0,0,0,0,0,gdelt,,0.0,0,0,0,0,0,0,gdelt,,0.0,0,0,0,0,0,0,gdelt,
7d,0.0,0.0,NYC Independent Budget Office,report,,"The Coop & Condo Tax Break Is About to Expire, Renewing the Existing Bill Will Cost the City Millions in Unintended Benefits",,https://ibo.nyc.ny.us/cgi-park?p=431,,html,no public news coverage or exact-link mentions found in checked sources,0.0,0,0,0,0,0,0,gdelt,,0.0,0,0,0,0,0,0,gdelt,,0.0,0,0,0,0,0,0,gdelt,
7d,0.0,0.0,NYC Independent Budget Office,report,,"New Yorkers on the Move 1989-2007: Where They Came From, Where They Went",,https://www.ibo.nyc.ny.us/iboreports/Taxpayermigration1209.pdf,https://www.ibo.nyc.ny.us/iboreports/Taxpayermigration1209.pdf,pdf,no public news coverage or exact-link mentions found in checked sources,0.0,0,0,0,0,0,0,gdelt,gdelt-coverage:Yorkers Where Move They Came:429 Client Error: Too Many Requests for url: https://api.gdeltproject.org/api/v2/doc/doc?query=Yorkers+Where+Move+They+Came&mode=ArtList&format=json&maxrecords=75&timespan=30d&sort=DateDesc,0.0,0,0,0,0,0,0,gdelt,gdelt-coverage:Yorkers Where Move They Came:429 Client Error: Too Many Requests for url: https://api.gdeltproject.org/api/v2/doc/doc?query=Yorkers+Where+Move+They+Came&mode=ArtList&format=json&maxrecords=75&timespan=30d&sort=DateDesc,3.0,3,0,0,0,0,0,gdelt,
7d,0.0,0.0,NYC Independent Budget Office,report,,City's Multitude of Property Tax Exemptions Add Up to a Wealth of Revenue Foregone,,https://ibo.nyc.ny.us/cgi-park?p=365,,html,no public news coverage or exact-link mentions found in checked sources,0.0,0,0,0,0,0,0,gdelt,,0.0,0,0,0,0,0,0,gdelt,,0.0,0,0,0,0,0,0,gdelt,
7d,0.0,0.0,NYC Independent Budget Office,report,,Taxes Foregone Shouldn't Be Forgotten,,https://ibo.nyc.ny.us/cgi-park?p=207,,html,no public news coverage or exact-link mentions found in checked sources,0.0,0,0,0,0,0,0,gdelt,,0.0,0,0,0,0,0,0,gdelt,,0.0,0,0,0,0,0,0,gdelt,
7d,0.0,0.0,NYC Independent Budget Office,report,,Effects of Property Tax Class Share Shift Since 1992,,https://www.ibo.nyc.ny.us/iboreports/classharejune152010.pdf,https://www.ibo.nyc.ny.us/iboreports/classharejune152010.pdf,pdf,no public news coverage or exact-link mentions found in checked sources,0.0,0,0,0,0,0,0,gdelt,,0.0,0,0,0,0,0,0,gdelt,,0.0,0,0,0,0,0,0,gdelt,
7d,0.0,0.0,NYC Independent Budget Office,report,,Testimony to the New York City Council on Property Tax Assessments and Oversight,,https://www.ibo.nyc.ny.us/iboreports/proptaxassessmenttestimay2011.pdf,https://www.ibo.nyc.ny.us/iboreports/proptaxassessmenttestimay2011.pdf,pdf,no public news coverage or exact-link mentions found in checked sources,0.0,0,0,0,0,0,0,gdelt,gdelt-coverage:Assessments Oversight Property Council Tax:429 Client Error: Too Many Requests for url: https://api.gdeltproject.org/api/v2/doc/doc?query=Assessments+Oversight+Property+Council+Tax&mode=ArtList&format=json&maxrecords=75&timespan=30d&sort=DateDesc,0.0,0,0,0,0,0,0,gdelt,gdelt-coverage:Assessments Oversight Property Council Tax:429 Client Error: Too Many Requests for url: https://api.gdeltproject.org/api/v2/doc/doc?query=Assessments+Oversight+Property+Council+Tax&mode=ArtList&format=json&maxrecords=75&timespan=30d&sort=DateDesc,0.0,0,0,0,0,0,0,gdelt,gdelt-coverage:Assessments Oversight Property Council Tax:429 Client Error: Too Many Requests for url: https://api.gdeltproject.org/api/v2/doc/doc?query=Assessments+Oversight+Property+Council+Tax&mode=ArtList&format=json&maxrecords=75&timespan=30d&sort=DateDesc
7d,0.0,0.0,NYC Independent Budget Office,report,,Effect on Property Tax Revenue From Merging Utility Property From Class 3 into Class 4 Commercial Property,,https://www.ibo.nyc.ny.us/iboreports/conedletter2009.pdf,https://www.ibo.nyc.ny.us/iboreports/conedletter2009.pdf,pdf,no public news coverage or exact-link mentions found in checked sources,0.0,0,0,0,0,0,0,gdelt,,0.0,0,0,0,0,0,0,gdelt,,0.0,0,0,0,0,0,0,gdelt,
7d,0.0,0.0,NYC Independent Budget Office,report,,"On April 15, Many New Yorkers Spell Relief “EITC”",,https://ibo.nyc.ny.us/cgi-park?p=140,,html,no public news coverage or exact-link mentions found in checked sources,0.0,0,0,0,0,0,0,gdelt,,0.0,0,0,0,0,0,0,gdelt,,0.0,0,0,0,0,0,0,gdelt,
7d,0.0,0.0,NYC Independent Budget Office,report,,Another Wrinkle (Actually It's Flat) in State's Tax Increase on High-Income Taxpayers,,https://ibo.nyc.ny.us/cgi-park?p=52,,html,no public news coverage or exact-link mentions found in checked sources,0.0,0,0,0,0,0,0,gdelt,gdelt-coverage:High-Income Taxpayers Actually Increase Another:Expecting value: line 1 column 1 (char 0),0.0,0,0,0,0,0,0,gdelt,gdelt-coverage:High-Income Taxpayers Actually Increase Another:Expecting value: line 1 column 1 (char 0),0.0,0,0,0,0,0,0,gdelt,gdelt-coverage:High-Income Taxpayers Actually Increase Another:Expecting value: line 1 column 1 (char 0)
7d,0.0,0.0,NYC Independent Budget Office,report,,Comparing State and Local Taxes in Large U.S. Cities,,https://www.ibo.nyc.ny.us/iboreports/CSALTFINAL.pdf,https://www.ibo.nyc.ny.us/iboreports/CSALTFINAL.pdf,pdf,no public news coverage or exact-link mentions found in checked sources,0.0,0,0,0,0,0,0,gdelt,,0.0,0,0,0,0,0,0,gdelt,,0.0,0,0,0,0,0,0,gdelt,
7d,0.0,0.0,NYC Independent Budget Office,report,,"Tax Revenue Update: Dimmer for 2003, But a Little Brighter in 2004-2006",,https://www.ibo.nyc.ny.us/iboreports/November2002fiscalbrief.pdf,https://www.ibo.nyc.ny.us/iboreports/November2002fiscalbrief.pdf,pdf,no public news coverage or exact-link mentions found in checked sources,0.0,0,0,0,0,0,0,gdelt,,0.0,0,0,0,0,0,0,gdelt,,0.0,0,0,0,0,0,0,gdelt,
7d,0.0,0.0,NYC Independent Budget Office,report,,IBO Annual Report 1997,,https://www.ibo.nyc.ny.us/iboreports/anrepcov.html,,html,no public news coverage or exact-link mentions found in checked sources,0.0,0,0,0,0,0,0,gdelt,,0.0,0,0,0,0,0,0,gdelt,,0.0,0,0,0,0,0,0,gdelt,
7d,0.0,0.0,NYC Independent Budget Office,report,,New York City's Tax on the Working Poor,,https://www.ibo.nyc.ny.us/iboreports/workingpoor.html,,html,no public news coverage or exact-link mentions found in checked sources,0.0,0,0,0,0,0,0,gdelt,gdelt-coverage:Working City's Poor Tax:429 Client Error: Too Many Requests for url: https://api.gdeltproject.org/api/v2/doc/doc?query=Working+City%27s+Poor+Tax&mode=ArtList&format=json&maxrecords=75&timespan=30d&sort=DateDesc,0.0,0,0,0,0,0,0,gdelt,,0.0,0,0,0,0,0,0,gdelt,
